"variable","mean","median","sd","lower","upper","rhat","ess_bulk","timetofit"
"lp__",-122699.862105263,-122650,96.8721179405623,-122921,-122613,2.42671779244908,3.64594834501204,792.446999999986
"a_raw[1]",-2.97611066631579,-3.01554,0.609541022578819,-3.96887075,-1.656462,2.35269100025959,3.69568627699321,792.446999999986
"a_raw[2]",-3.5477257277193,-3.52098,0.539948259458508,-4.43781,-2.43433725,2.27660260540193,3.74750300627448,792.446999999986
"a_raw[3]",0.810044058461789,0.671209,1.17623868108682,-1.10566225,2.340562,1.50483091772878,5.63199333443756,792.446999999986
"a_raw[4]",-0.540228527127845,-0.1383325,1.20283707830178,-2.27764025,1.02990275,1.97057261555513,4.15693744439888,792.446999999986
"a_raw[5]",0.382112131437479,0.540857,1.35681372110577,-1.622781,1.92187125,2.16112314645463,3.93398399151475,792.446999999986
"a_raw[6]",1.18272006459268,1.12007,1.21405181565858,-0.939925075,2.63579025,1.44377237625375,6.36122051514122,792.446999999986
"a_raw[7]",0.141975369712858,0.1516965,0.808658719645232,-1.8860625,1.77565525,1.67794335482886,28.1698267035118,792.446999999986
"a_raw[8]",0.489929889523576,0.287462,0.76484558163224,-0.780995775,2.22008425,1.45929721294944,7.73623496358638,792.446999999986
"a_raw[9]",0.680168674022138,0.5334795,0.969504090931549,-1.07850525,2.12465075,2.01038620972965,4.07678949888365,792.446999999986
"a_raw[10]",0.827998266922141,0.4548475,0.790576889600268,-0.34467835,2.606561,1.35249632209187,12.3915621329648,792.446999999986
"a_raw[11]",0.636826762438685,0.428918,0.97672177121043,-0.4218441,2.75002625,1.58942318131085,5.26199427026014,792.446999999986
"a_raw[12]",0.561603409595995,0.336141,1.00004381876214,-1.04006475,2.5285305,1.52901704686725,5.51523749360472,792.446999999986
"a_raw[13]",0.419962649482309,0.434685,0.582608881612774,-0.74592105,1.7894925,1.41752289150631,12.061093454754,792.446999999986
"a_raw[14]",-0.235918327248037,-0.412416,0.774050915147391,-1.644032,1.331901,1.23557585706633,11.1156379108243,792.446999999986
"a_raw[15]",-0.681230571499099,-0.797533,0.731415649067027,-1.9897735,0.994371675,1.30685814587861,24.1694599287114,792.446999999986
"a_raw[16]",-0.539930594393537,-0.626425,0.949381474947574,-2.01589225,1.6101005,1.72458051495174,4.73123981573731,792.446999999986
"a_raw[17]",-0.548148518254493,-0.4100695,0.864129313530452,-2.00008175,0.720469575,1.46201132988851,5.92173528446023,792.446999999986
"a_raw[18]",-0.0691615561811379,-0.2783285,0.700628747321013,-1.48833,1.50060675,1.42253479258029,14.8720971360715,792.446999999986
"a_raw[19]",0.537264067646608,0.5041965,1.10864004651645,-1.684361,2.01925725,2.02649000479098,4.03751693175632,792.446999999986
"a_raw[20]",0.10504245504318,0.03098835,0.998519918980971,-1.09748025,1.7269015,1.79070396071617,4.5285028083011,792.446999999986
"a_raw[21]",0.861931989669786,0.8774155,1.12168886749565,-1.36476175,2.23125,2.14024175075042,3.96437725023328,792.446999999986
"a_raw[22]",0.775267227874161,1.013085,0.825154307088888,-1.0811235,1.95356375,1.22741733884041,10.649005740492,792.446999999986
"a_raw[23]",0.935122107886136,0.8194025,0.889925450630006,-0.70851715,2.01949,1.92433572541788,4.40040336453332,792.446999999986
"a_raw[24]",1.14162209521833,1.372845,0.630361680690584,-0.2133856,2.46056225,1.66146947997572,17.9792270603502,792.446999999986
"a_raw[25]",-0.0410366960364198,0.0754022,0.81260501797642,-1.58444375,1.05060025,1.50612726318612,5.45841165844522,792.446999999986
"a_raw[26]",0.0992936501203509,0.3034815,0.807759861700515,-1.612922,1.54899425,1.93108134193219,4.16896643659837,792.446999999986
"a_raw[27]",-0.010003447593118,-0.107844,0.880111770897209,-1.5929735,1.88674375,1.79762867505093,4.45116026071712,792.446999999986
"a_raw[28]",0.588625458592579,0.7420355,0.722502226376963,-0.9912651,1.8910215,1.50967174964502,6.37088086051472,792.446999999986
"a_raw[29]",1.1403344671587,1.38675,0.930648822800682,-0.749309525,2.22970125,1.50932063697036,5.48689883201095,792.446999999986
"a_raw[30]",0.360301596982451,0.7669795,1.35725382549519,-1.5193405,2.0221505,3.01781101622958,3.42368325520237,792.446999999986
"a_raw[31]",0.404754950157636,0.3717205,0.59849219062989,-0.593968475,1.779171,1.49222664748731,5.74028957837009,792.446999999986
"a_raw[32]",-1.34166456619504,-1.517835,0.619328432788462,-2.5908915,-0.0518671674999999,1.49234843093757,6.24301307359695,792.446999999986
"a_raw[33]",-0.90724616722616,-1.103035,0.964338633029058,-2.407711,0.41034875,1.67773850130373,4.7865022755052,792.446999999986
"a_raw[34]",-0.483163403484257,-0.336196,0.632896625028236,-1.88162175,0.53545575,1.99091316310312,4.21064133493497,792.446999999986
"a_raw[35]",0.214892806347797,0.328892,0.594763368361532,-1.00939025,1.088129,1.31694128785527,7.53845967928869,792.446999999986
"a_raw[36]",-0.407584851054327,-0.4913925,0.738378803271462,-1.42516075,1.12658375,2.1910781573233,3.86068551804293,792.446999999986
"a_raw[37]",0.167228850850073,0.24762,0.551245568511121,-1.10275525,1.2961015,1.37829429779022,20.6704601078576,792.446999999986
"a_raw[38]",0.196709959537715,0.2288125,0.608025469823147,-1.10086075,1.33744675,1.09496809609013,39.7708837584163,792.446999999986
"a_raw[39]",0.124529559250088,0.105869,0.884943148250855,-1.59338375,1.81559425,1.39163204630959,6.71472107461735,792.446999999986
"a_raw[40]",0.18726251212695,0.1512765,0.875609266622253,-1.6354545,1.8168815,1.38753575533436,6.78506682255427,792.446999999986
"a_raw[41]",-1.95464372123214,-2.02754,0.522096695145472,-2.99355475,-0.776604175,1.49380455232036,6.47695248704951,792.446999999986
"a_raw[42]",-0.602666855615443,-0.5820945,0.793292336639351,-2.18191525,0.862423925,1.24138403374732,9.53463078159309,792.446999999986
"a_raw[43]",-0.834927690499425,-0.558978,1.17398560992969,-2.709851,1.1722905,2.04305980209279,4.03298407504666,792.446999999986
"a_raw[44]",0.0509152489543346,0.1120805,0.614837139389719,-1.502282,1.33729,1.54649534326971,6.25378155961559,792.446999999986
"a_raw[45]",-0.0997406765736276,0.0914911,0.932161559154118,-1.8711035,1.03316175,1.52398308875764,5.73767336453234,792.446999999986
"a_raw[46]",-0.176498931872038,-0.2393295,0.567646188312537,-0.97442115,1.29515175,1.36255483054255,7.35204519698184,792.446999999986
"a_raw[47]",2.10919934347376,1.71153,1.29221032554811,0.16928365,5.086356,1.8186941257224,4.54272827531145,792.446999999986
"a_raw[48]",0.523506235103271,0.3872295,0.56270000702403,-0.54302275,1.86601125,1.49895367444713,10.0427491946682,792.446999999986
"a_raw[49]",-0.621926533057106,-0.918432,0.766804181619161,-1.59128025,1.2994935,1.57607476126244,5.20749479352825,792.446999999986
"a_raw[50]",1.56148587124231,1.463245,1.70158509248916,-1.35095475,5.036424,2.28448144683542,3.75747824526259,792.446999999986
"a_raw[51]",-0.772981269972982,-0.5322315,0.960703239483152,-2.29520025,1.201746,1.87660950925713,4.37139958959491,792.446999999986
"a_raw[52]",0.0167567145031658,-0.260639,0.698175543276798,-0.8094713,1.83626025,1.51500682054855,5.88244326465798,792.446999999986
"a_raw[53]",-1.22547270007561,-1.595025,0.927327568101624,-2.0947505,1.42654375,2.44588333117947,3.66003076647863,792.446999999986
"a_raw[54]",-0.117124769931515,0.153736,0.704296248336314,-1.68490625,0.807626875000001,1.74973866056849,4.65795389632504,792.446999999986
"a_raw[55]",-0.204570847294075,-0.1585565,0.884738026857841,-1.4339805,1.292032,1.99138630544533,4.0907664154349,792.446999999986
"a_raw[56]",-0.0288994793644538,0.2575775,1.24001697081583,-3.47444825,1.724831,1.8825208111158,4.25996131280964,792.446999999986
"a_raw[57]",-0.880338473365306,-0.927435,0.5798949538114,-1.83342025,0.4494936,1.420447954308,6.56905831361268,792.446999999986
"a_raw[58]",-0.918430048044929,-0.8994695,0.947296356148751,-2.4361715,0.5358968,1.76454229272202,4.65430412227416,792.446999999986
"a_raw[59]",-0.24501112511114,-0.1376675,0.776625413306472,-2.066388,0.6892804,2.242183166017,3.82023516598856,792.446999999986
"a_raw[60]",-0.0890764245026577,0.10242,0.67070786908682,-1.55585575,0.928135625000001,1.28600434100447,9.16806375851588,792.446999999986
"a_raw[61]",-0.187079926141888,0.329844,0.978199033423809,-1.677512,1.1278365,1.78537503831033,4.48435914244459,792.446999999986
"a_raw[62]",0.76871346994936,0.9035765,0.597189626339397,-0.4805152,1.808222,1.33878545742432,7.9184714200618,792.446999999986
"a_raw[63]",0.584498591352745,0.466462,0.708553643111995,-0.2101201,1.992173,2.0149772034104,4.06929532814663,792.446999999986
"a_raw[64]",0.0210071092548348,0.00961667,0.861042598590091,-1.3134895,2.02645275,1.59957282791731,5.29592071584531,792.446999999986
"a_raw[65]",0.0960233316342499,0.342606,1.16280977422974,-1.57476025,1.4482315,2.14990976342474,3.89632693900665,792.446999999986
"a_raw[66]",-0.911917918010316,-0.721623,1.01324890810614,-2.2695,0.3231912,2.59371898710795,3.55901177486781,792.446999999986
"a_raw[67]",-0.080226032502788,-0.0288916,1.03857898076032,-1.888202,1.63116025,1.97490894000796,4.13361230775699,792.446999999986
"a_raw[68]",0.177146993957392,0.248592,1.43823059612442,-1.60056025,3.01234125,1.79644181810173,4.46971300621407,792.446999999986
"a_raw[69]",-0.313007329738064,-0.391772,0.405314808839205,-1.0697255,0.539580275,1.50142638368091,5.71955323691091,792.446999999986
"a_raw[70]",0.342529669380789,0.6353385,0.675204452685738,-1.45058,1.1480045,1.36898932070796,7.40402579980907,792.446999999986
"a_raw[71]",1.0733713753351,1.185185,1.10384944495304,-1.37387175,2.6664745,2.713687805543,3.5129524044026,792.446999999986
"a_raw[72]",-0.860942268082217,-1.246995,0.87671209478848,-1.98216975,1.289485,1.71266651849207,4.77295772394257,792.446999999986
"a_raw[73]",-0.10706903071314,-0.156202,1.2634570428405,-2.40937175,2.1431515,2.00654789452733,4.0682412280266,792.446999999986
"a_raw[74]",0.968077633600637,1.305105,0.970863916614206,-0.968933075,1.98478025,2.01750177727946,4.01739215376799,792.446999999986
"a_raw[75]",-0.0063590456345362,0.1023615,0.841578732523848,-1.9227955,1.205812,1.26491381087809,9.74297864744757,792.446999999986
"a_raw[76]",0.93157838248592,0.8413825,0.634223608251559,-0.17432965,1.71124025,1.80292488204936,4.58422934998186,792.446999999986
"a_raw[77]",-0.0643222760205393,-0.01933315,0.964787911108886,-1.28999,2.10560775,2.07894028520163,3.98257415085437,792.446999999986
"a_raw[78]",-0.686132669257274,-0.4319065,0.936736535528787,-1.95416025,1.29878,1.90095091112534,4.24812578730266,792.446999999986
"a_raw[79]",0.78157186053443,0.3057455,1.38371559427989,-1.121376,2.80780025,1.75794101401265,4.65545838313341,792.446999999986
"a_raw[80]",1.01454587528716,1.22496,0.861579040387444,-1.1341175,2.27838075,1.74221302852792,4.68850963861717,792.446999999986
"a_raw[81]",-0.227755865830462,-0.307458,1.02187678688961,-1.50510125,1.79188175,1.72204158689147,4.65259860041611,792.446999999986
"a_raw[82]",0.862144880971345,1.04604,0.666117413334171,-0.4825176,2.09339975,1.44457914721833,6.37935792843437,792.446999999986
"a_raw[83]",-0.422929896108417,-0.8612705,1.07777280049759,-1.44950775,1.51354075,2.15833990650777,3.92872179539901,792.446999999986
"a_raw[84]",0.543754346659398,0.6305705,0.651923035755453,-0.653324,1.490387,1.36260988662708,7.63896118270126,792.446999999986
"a_raw[85]",0.0392074339219013,-0.03362045,0.613184646574199,-1.28725175,1.3676215,1.39650854503149,7.08494349890907,792.446999999986
"a_raw[86]",0.433406704034926,0.1160455,0.827647852467425,-0.830022075,2.0884525,1.62380571638067,5.3395318565094,792.446999999986
"a_raw[87]",-0.824873478978001,-0.8616065,0.605842939340083,-2.0959515,0.366544125,1.53552232885325,5.64622901725856,792.446999999986
"a_raw[88]",-0.319993186731049,-0.340393,0.719791605475827,-1.9612605,1.2071215,1.34607550897653,7.18988328406565,792.446999999986
"a_raw[89]",0.577241905769317,0.915987,0.864826540715934,-1.443799,1.5985105,1.96080973225209,4.16398480260777,792.446999999986
"a_raw[90]",-0.312411295373061,-0.571109,1.16721998596448,-2.093671,1.8818095,2.62893709540431,3.55469074093907,792.446999999986
"a_raw[91]",0.556284548551813,0.412905,1.4145904721186,-1.956151,2.29351025,2.36113974671599,3.69208386856014,792.446999999986
"a_raw[92]",-1.21482146151823,-1.232415,0.634065463023698,-2.50877,0.151338725,1.61260583726326,5.05920212076553,792.446999999986
"a_raw[93]",-0.391297190553367,-0.432476,0.635436967487895,-1.4472505,0.7086653,1.62264464304925,5.00890378664091,792.446999999986
"a_raw[94]",-0.668699432774777,-1.104545,1.03071724980139,-1.75073025,1.2823905,2.39396924819326,3.67542909072325,792.446999999986
"a_raw[95]",0.201641293829744,0.01590885,0.888233835338575,-1.5226935,1.62155675,1.99178176807954,4.09581265598953,792.446999999986
"a_raw[96]",-0.161041228500877,-0.397677,0.970634182561656,-2.01511075,1.15736025,2.52174065329278,3.61602579826616,792.446999999986
"a_raw[97]",-0.0234990457308933,-0.2304015,1.25794336487979,-1.6011905,2.1437315,1.71374350953745,4.75508168603779,792.446999999986
"a_raw[98]",0.106063838040066,0.0980324,0.749953690406512,-1.316822,1.583431,1.19294898619258,15.3195942400164,792.446999999986
"a_raw[99]",0.401414563224544,0.585042,0.844623394046969,-1.17028175,2.2809665,1.70769240939613,4.76107140238571,792.446999999986
"a_raw[100]",0.489427830148872,0.02079555,1.10941412404612,-1.14477225,2.1572905,2.03207200277346,4.23452061529247,792.446999999986
"a_raw[101]",0.0601556337763655,0.3937875,0.880411246445003,-2.21346125,1.60636025,1.69764552836135,8.65806846251044,792.446999999986
"a_raw[102]",-0.0325336411156042,0.2530295,1.0158739518372,-2.213895,1.3994545,1.9023607821907,4.22379253202318,792.446999999986
"a_raw[103]",-0.352247149845436,0.04565015,1.50632529034089,-2.53739075,1.516012,2.49627817939347,3.61557268170237,792.446999999986
"a_raw[104]",-0.783723903297248,-0.481046,1.15246604172705,-2.23142725,1.31117225,1.76478706113995,4.50522264161806,792.446999999986
"a_raw[105]",-0.061365945001121,-0.213941,0.972507305010746,-1.160808,1.573912,1.74085677710185,4.72204541935508,792.446999999986
"a_raw[106]",0.549565790777699,0.821816,0.75870318052903,-0.5713151,1.86333375,2.04252846469173,4.13062553302307,792.446999999986
"a_raw[107]",0.592122142246648,0.6180455,0.526113536279093,-0.483661525,1.83268025,1.43360619075885,22.7243980810571,792.446999999986
"a_raw[108]",-0.180334180793047,-0.10039,0.68759350226245,-1.7889905,0.931678575,1.36461053807459,7.01104012838077,792.446999999986
"a_raw[109]",0.41936551067396,0.5046245,0.813834533259672,-1.1586425,1.888089,1.65860145718078,4.82945031880288,792.446999999986
"a_raw[110]",0.0470083432806243,0.01525975,0.797703926507246,-1.10486775,1.5331455,1.42083455980567,6.39138829196868,792.446999999986
"a_raw[111]",0.692797229711611,0.7481515,1.08131263946784,-1.28028025,2.1144105,1.76403219314086,4.58058289507685,792.446999999986
"a_raw[112]",-0.50609778206156,-0.1708255,0.958672852499459,-2.9331405,0.322724025,2.39824514651947,3.67832365049834,792.446999999986
"a_raw[113]",-1.28544045201346,-1.51847,0.618780412024958,-1.9590725,0.210182325,1.33331034285996,7.89063035421772,792.446999999986
"a_raw[114]",-0.481454972776071,-0.519147,0.684716198638624,-1.75667075,0.7827793,1.61556894607563,5.03844683042374,792.446999999986
"a_raw[115]",-0.436049843793466,-0.634559,0.557834415098745,-1.01958275,1.0024405,1.6599404676788,4.98442851907729,792.446999999986
"a_raw[116]",0.0672364196475454,-0.2996575,0.81193691588181,-0.737131325,2.001533,2.29189791616845,3.79474703002606,792.446999999986
"a_raw[117]",0.493010680639938,0.278556,0.694400248934958,-0.495967675,1.89127,1.41331237595178,6.30402690850883,792.446999999986
"a_raw[118]",0.178665582137106,-0.32436,0.97977541216572,-1.298333,1.68456025,2.1384542429062,3.88783570255355,792.446999999986
"a_raw[119]",-0.0566698510109268,-0.1069345,0.601772116860366,-1.273412,1.17534125,1.21341187739125,11.1040327590656,792.446999999986
"a_raw[120]",0.153557211838072,-0.0173761,0.918544603225103,-1.51615025,1.78499575,1.65550012478697,4.9546991180216,792.446999999986
"a_raw[121]",0.686600464124626,0.209424,2.13207014499572,-2.476913,3.80327,2.70859700114686,3.5182526377351,792.446999999986
"a_raw[122]",0.697868429734142,0.645905,0.713928174806456,-0.4400428,2.00798375,1.38791959174247,6.61207912896309,792.446999999986
"a_raw[123]",1.10930002219928,1.30601,0.622187664954164,0.132163475,2.31591675,1.68238183619802,4.75429933691083,792.446999999986
"a_raw[124]",-0.00876703541560818,-0.018449,0.683748648506975,-0.808002575,1.57262025,2.56651647052981,3.57190004704974,792.446999999986
"a_raw[125]",0.749755453634189,0.672699,1.01589105933653,-0.7681276,2.8215405,1.82984425152516,4.41579757023411,792.446999999986
"a_raw[126]",-0.401229632614847,-0.529649,0.901735411188923,-2.35608125,1.2623395,1.55016151325389,7.4280400928738,792.446999999986
"a_raw[127]",-0.795729885626836,-0.7847415,0.951756064348403,-2.23309025,0.8561628,2.54740103253288,3.60482522841777,792.446999999986
"a_raw[128]",-1.53705132567019,-1.51686,0.642192753361612,-2.757374,-0.0718139224999996,1.47615241584607,12.9612347920954,792.446999999986
"a_raw[129]",-1.28726363225263,-1.238785,0.806163674126187,-2.91371275,-0.324309875,1.7491922753182,4.5386613380861,792.446999999986
"a_raw[130]",0.388991340278087,0.74123,1.38483332325675,-2.675855,2.2999815,1.63453912131056,5.00798546521261,792.446999999986
"a_raw[131]",0.100623061091485,0.121078,0.886869532054398,-0.9198531,1.8216625,1.65069463852503,4.97738110042585,792.446999999986
"a_raw[132]",0.20415580572019,0.1526265,0.521085105744975,-0.5940574,1.35994575,1.28654518276087,8.69786976781579,792.446999999986
"a_raw[133]",-0.444845492568022,-0.403179,0.478314163861664,-1.08330075,0.378291625,2.06897139720607,3.98329062472788,792.446999999986
"a_raw[134]",0.352311953673766,0.539838,0.710955695781511,-1.134006,1.3210305,1.48697026454653,5.83106237445321,792.446999999986
"a_raw[135]",-0.489616530281601,-0.503261,0.927117116270739,-2.11482075,0.849255875,2.26488726950819,3.81711515704981,792.446999999986
"a_raw[136]",-0.460309145964844,-0.491302,0.435550585140327,-1.400101,0.646922775,1.55148279471529,5.44966917526672,792.446999999986
"a_raw[137]",0.592557559308706,0.4902505,0.549474516236252,-0.874782075,1.75782025,1.57064458495239,11.9691030691272,792.446999999986
"a_raw[138]",1.17682913535089,0.995142,1.10390013414504,-0.867539275,3.0641125,1.75505544761715,4.54365022450932,792.446999999986
"a_raw[139]",1.12850130502386,1.299705,0.729313846922591,-0.183726175,2.959789,1.70302948172465,4.80972523619247,792.446999999986
"a_raw[140]",0.225134881730155,0.6689185,1.34913629805094,-1.7159265,2.26984125,1.69612720445961,4.7744825843075,792.446999999986
"a_raw[141]",0.662437452723949,0.7161755,0.764057739258744,-1.1378845,1.71376025,1.57414701556074,5.21643963494721,792.446999999986
"a_raw[142]",0.0290192396845561,0.0398811,0.439287230246623,-0.786515075,1.055144,1.26498060028488,12.2984656250409,792.446999999986
"a_raw[143]",-1.24389348890874,-1.07522,0.471029811156042,-2.38306175,-0.401002925,1.4018419847152,6.68949769291885,792.446999999986
"a_raw[144]",0.182524507945164,0.1033165,0.701596580553418,-0.933849075,1.255161,2.3636132540924,3.69317348860989,792.446999999986
"a_raw[145]",-0.620904328165115,-0.7692825,0.563858846981236,-1.69693175,0.687197750000001,1.81995078779989,5.3942116941068,792.446999999986
"a_raw[146]",-0.59743546424419,-1.00234,1.039972448049,-1.83752325,1.6515985,1.222150894186,9.9971421368345,792.446999999986
"a_raw[147]",-0.350699018276517,-0.0944824,0.909075649862326,-2.4850325,1.203663,1.87045786461522,5.9427651123616,792.446999999986
"a_raw[148]",-0.669087023600526,-0.574528,1.02566856388747,-2.01697,1.593462,1.84136037764758,4.42154838765488,792.446999999986
"a_raw[149]",0.109570358414972,0.222761,1.0753317895584,-2.20761025,1.6542645,1.74766835584167,4.6417472952661,792.446999999986
"sigma",0.114887792668421,0.1245625,0.0451236635017961,0.043275195,0.189164,2.17049667736171,3.86489939485431,792.446999999986
"a[1]",-2.97611066631579,-3.01554,0.609541022578819,-3.96887075,-1.656462,2.35269100025959,3.69568627699321,792.446999999986
"a[2]",-3.5477257277193,-3.52098,0.539948259458508,-4.43781,-2.43433725,2.27660260540193,3.74750300627448,792.446999999986
"a[3]",-4.06518970982456,-4.072345,0.449604464618958,-4.7997125,-3.2147435,2.16599258360834,3.84135201056049,792.446999999986
"a[4]",-4.59925796684211,-4.538185,0.434656339828808,-5.3090125,-3.912427,1.93986023458161,4.12948665420841,792.446999999986
"a[5]",-5.13144086052632,-5.1362,0.365742135901768,-5.72887075,-4.499451,1.75714956655592,4.58558024337905,792.446999999986
"a[6]",-5.56148774280702,-5.572575,0.255956640270378,-5.988061,-5.027497,1.58357088618163,5.24564018804349,792.446999999986
"a[7]",-5.9773626954386,-5.97571,0.16248302799589,-6.26943025,-5.65606975,1.27846572687895,8.33586059098715,792.446999999986
"a[8]",-6.33015602298246,-6.33205,0.106705057957079,-6.53008075,-6.11779975,1.17506705041834,11.888616735763,792.446999999986
"a[9]",-6.64012208789474,-6.654985,0.155815389826806,-6.922371,-6.35861,1.7164651433595,4.68936489151807,792.446999999986
"a[10]",-6.84160431035088,-6.86766,0.207817443385399,-7.21023,-6.5085,1.69641103065003,4.73135164785391,792.446999999986
"a[11]",-6.94462702894737,-6.924055,0.206643368417568,-7.3397505,-6.61437,1.45150347884683,5.96216917839276,792.446999999986
"a[12]",-6.96128349105263,-6.955705,0.191514690243689,-7.3445905,-6.59329825,1.10180451861596,21.517600398877,792.446999999986
"a[13]",-6.93405555842105,-6.928355,0.238216515828776,-7.3710305,-6.47284825,1.20163958375788,11.3329599396309,792.446999999986
"a[14]",-6.95612849684211,-6.940035,0.267976231729042,-7.52601075,-6.48489,1.42154494705507,6.21597177230191,792.446999999986
"a[15]",-7.0504289777193,-6.98709,0.284289341216558,-7.751045,-6.6385385,1.65803236187625,4.81771825592206,792.446999999986
"a[16]",-7.24004585789474,-7.168605,0.249491235767374,-7.907944,-6.92304,1.70862013509016,4.61786865697822,792.446999999986
"a[17]",-7.47638263157895,-7.42789,0.233983297909035,-8.06113,-7.13557875,1.71605593137238,4.60638504280599,792.446999999986
"a[18]",-7.71037306842105,-7.68326,0.243529187160819,-8.23226075,-7.28820975,1.72424868828472,4.6066724664701,792.446999999986
"a[19]",-7.91544200719298,-7.92808,0.21929105448494,-8.3228905,-7.47658875,1.44097938942192,5.96772002449012,792.446999999986
"a[20]",-8.08483801842105,-8.09332,0.251877888210776,-8.492484,-7.613639,1.4199241666669,6.31079377836295,792.446999999986
"a[21]",-8.18507202894737,-8.19662,0.246137854699573,-8.614081,-7.73665925,1.37117700378431,6.95110254374474,792.446999999986
"a[22]",-8.2149044722807,-8.23004,0.2168466047741,-8.6285715,-7.8103595,1.45212780971631,6.06899533195297,792.446999999986
"a[23]",-8.16166302824561,-8.16882,0.167494880707905,-8.50306,-7.8319995,1.32875836625977,7.58197482594843,792.446999999986
"a[24]",-7.98937518385965,-8.00078,0.151900183424487,-8.278834,-7.677068,1.26160082257247,8.97883690658254,792.446999999986
"a[25]",-7.84651315035088,-7.8488,0.149421742796491,-8.1246815,-7.50871975,1.19170882417712,11.2843818579893,792.446999999986
"a[26]",-7.70469349649123,-7.695085,0.148207049519746,-8.00217075,-7.453599,1.2361082124141,9.2750468942754,792.446999999986
"a[27]",-7.54524244245614,-7.534855,0.172382226643698,-7.88260125,-7.26764975,1.56372285673345,5.24042576625843,792.446999999986
"a[28]",-7.32193452052632,-7.34352,0.172314463529716,-7.62251325,-7.01924,1.75759896046713,4.52091521038386,792.446999999986
"a[29]",-6.99832214,-7.061885,0.19568814409829,-7.28711325,-6.66529775,1.80228477727085,4.42822182313921,792.446999999986
"a[30]",-6.5822924168421,-6.58032,0.124080317494662,-6.81383025,-6.37146,1.64271526642579,4.89612704288213,792.446999999986
"a[31]",-6.11531503280702,-6.122195,0.0943712843095783,-6.2958015,-5.90757975,1.16042200413453,13.2374170073724,792.446999999986
"a[32]",-5.79842786982456,-5.800215,0.127193483558919,-5.99568,-5.55072,1.53381388197128,5.4373371009304,792.446999999986
"a[33]",-5.61432170859649,-5.617565,0.0789362668834833,-5.75116,-5.46788975,1.51837463431414,5.49070334426807,792.446999999986
"a[34]",-5.46381164333333,-5.465225,0.0604933973417963,-5.57186,-5.3487195,1.35842827444491,6.7878028207443,792.446999999986
"a[35]",-5.3013529477193,-5.30269,0.0483308671615796,-5.39461075,-5.20415975,1.3029477795078,7.79091763450522,792.446999999986
"a[36]",-5.17136342087719,-5.164905,0.0600733591784953,-5.30464075,-5.06009925,1.09349376572359,33.0273970899605,792.446999999986
"a[37]",-5.02525957561403,-5.01196,0.0798802868359305,-5.19582025,-4.89150925,1.18044332762196,12.589810461101,792.446999999986
"a[38]",-4.8632905254386,-4.85962,0.0874196913622053,-5.0264505,-4.71785925,1.39328725623942,6.56257692373936,792.446999999986
"a[39]",-4.67042360964912,-4.66505,0.0598725282717382,-4.7981905,-4.57018975,1.39132422179631,6.50936834577883,792.446999999986
"a[40]",-4.43368682403509,-4.437515,0.0450971657978087,-4.50998,-4.3401895,1.4034087187788,6.43913023684568,792.446999999986
"a[41]",-4.42212344596491,-4.42397,0.041057031576197,-4.49884,-4.33713,1.08713624771977,23.3865424542135,792.446999999986
"a[42]",-4.4666919422807,-4.466765,0.0622234698270996,-4.59736,-4.35508975,1.16933631974428,12.973452090748,792.446999999986
"a[43]",-4.56651686298246,-4.573665,0.0714598606771489,-4.71932025,-4.41375975,1.15659387272443,13.9172644821857,792.446999999986
"a[44]",-4.65991563929825,-4.67993,0.0771115653467876,-4.77155025,-4.49603975,1.24447270780596,9.45580084526832,792.446999999986
"a[45]",-4.79469138912281,-4.79561,0.0389455976950912,-4.86980025,-4.71571925,1.06738301543119,32.928776748493,792.446999999986
"a[46]",-4.93876939473684,-4.93806,0.0408503102305562,-5.0200905,-4.8614095,1.06089992637147,48.951860947218,792.446999999986
"a[47]",-4.88696499649123,-4.88652,0.059796290401097,-5.00154025,-4.76926975,1.33496990843759,7.20929443868234,792.446999999986
"a[48]",-4.7744793054386,-4.771135,0.0780868296785163,-4.9288,-4.62680975,1.14429136820175,15.4889214064481,792.446999999986
"a[49]",-4.72369768263158,-4.71938,0.138632672046327,-4.9922505,-4.45733925,1.33307284805415,7.556829870905,792.446999999986
"a[50]",-4.54563988912281,-4.508305,0.190200543300356,-5.0310955,-4.2498895,1.3699098144677,7.00000844264979,792.446999999986
"a[51]",-4.42280136877193,-4.365935,0.222238753887477,-4.986741,-4.101288,1.57225609339044,5.21733260354472,792.446999999986
"a[52]",-4.28040187192982,-4.23844,0.190057682481987,-4.75222275,-3.98467875,1.56854328541891,5.17846457596276,792.446999999986
"a[53]",-4.26608152035088,-4.22966,0.14095681031118,-4.60564525,-4.04686875,1.3624003859386,6.77472427313129,792.446999999986
"a[54]",-4.27477209789474,-4.27094,0.113314135748996,-4.49932025,-4.10413925,1.9228642877237,4.21128506139999,792.446999999986
"a[55]",-4.2761804422807,-4.28084,0.0646485928978243,-4.38970025,-4.15381975,1.70176887448629,4.71518008373173,792.446999999986
"a[56]",-4.25424957368421,-4.257345,0.0445219762566386,-4.33379075,-4.1704195,1.54136482155523,5.36208914121506,792.446999999986
"a[57]",-4.33506078421053,-4.32231,0.0786686224564455,-4.50520025,-4.20182975,1.74045013872435,4.57609486757981,792.446999999986
"a[58]",-4.49191309491228,-4.46078,0.142610616008135,-4.73055,-4.26301875,1.93819000246331,4.18015217122444,792.446999999986
"a[59]",-4.69822050333333,-4.67698,0.158399474980155,-4.9331805,-4.415799,1.79543329999312,4.52655637872291,792.446999999986
"a[60]",-4.93032395859649,-4.94204,0.146422836635168,-5.1364705,-4.62061975,1.98091520440737,4.12901166591494,792.446999999986
"a[61]",-5.20343258473684,-5.21186,0.0736426270190249,-5.3315605,-5.03634975,1.19302492288575,11.8022387602196,792.446999999986
"a[62]",-5.40134768035088,-5.40635,0.0720023197856985,-5.5310905,-5.27474975,1.75267971309817,4.54576190002099,792.446999999986
"a[63]",-5.50974406982456,-5.515135,0.0786117379324603,-5.65547025,-5.38018,1.5913563019016,5.21304701338813,792.446999999986
"a[64]",-5.59712478614035,-5.58247,0.08023102348004,-5.787581,-5.46616975,1.38391086587056,6.68124738955203,792.446999999986
"a[65]",-5.70234268754386,-5.682005,0.0966978454599241,-5.92477,-5.55305675,1.1964403822959,11.1185769982721,792.446999999986
"a[66]",-5.87803331245614,-5.85783,0.130342198855899,-6.19750175,-5.65995975,1.22204299254713,13.1737001320958,792.446999999986
"a[67]",-6.09470654087719,-6.05882,0.170254892184773,-6.4614025,-5.83333925,1.28228290494886,8.42509932446653,792.446999999986
"a[68]",-6.23907497105263,-6.233495,0.11442270490214,-6.49704025,-6.0379595,1.20390734192861,10.9274174306273,792.446999999986
"a[69]",-6.41348027070175,-6.41202,0.0870873783335666,-6.57916,-6.24447925,1.20198905556934,12.2976887819252,792.446999999986
"a[70]",-6.55917366035088,-6.562915,0.119324719317496,-6.78557,-6.318939,1.71557649986143,4.65493613831056,792.446999999986
"a[71]",-6.59006908912281,-6.56909,0.186951467158266,-6.94186025,-6.25977,1.70937024370114,4.69556892347957,792.446999999986
"a[72]",-6.70858665280702,-6.66686,0.258145562728781,-7.16528,-6.26742975,1.79766600635249,4.45791996889352,792.446999999986
"a[73]",-6.87017176736842,-6.84946,0.265726210697014,-7.299261,-6.39529975,1.89838666184573,4.23394021357915,792.446999999986
"a[74]",-6.95622496929825,-6.943325,0.249610469260179,-7.34252225,-6.47285975,1.63027110910963,5.00842444238847,792.446999999986
"a[75]",-7.05490827473684,-7.040175,0.188324150435462,-7.36385,-6.70891625,1.59206760171331,5.0720020367261,792.446999999986
"a[76]",-7.06886619649123,-7.06504,0.131983386907996,-7.30203,-6.82381975,1.42418893984584,6.12853954217732,792.446999999986
"a[77]",-7.05899142087719,-7.047435,0.144643285691357,-7.3285305,-6.8016895,1.60122731303054,5.0138551132105,792.446999999986
"a[78]",-7.13909450754386,-7.129015,0.141140831372985,-7.41483025,-6.88330775,1.30502300179037,7.5330823647205,792.446999999986
"a[79]",-7.18114488596491,-7.19003,0.182080777266975,-7.53803175,-6.84826975,1.47907735523506,5.66739848280124,792.446999999986
"a[80]",-7.11504276614035,-7.10206,0.24310454463395,-7.59502025,-6.69474975,1.7391853725327,4.56934724501551,792.446999999986
"a[81]",-7.04285082438597,-7.0477,0.260898926528302,-7.507982,-6.561559,1.81738348623029,4.37578559954983,792.446999999986
"a[82]",-6.88098469263158,-6.91793,0.266044397078995,-7.33572225,-6.37005875,2.08684478021961,3.94256629677279,792.446999999986
"a[83]",-6.73673777894737,-6.79515,0.234881467206142,-7.08048025,-6.23915,1.81998756854371,4.38427749896297,792.446999999986
"a[84]",-6.54746988087719,-6.616225,0.224575147763282,-6.85398025,-6.068528,1.81478215068774,4.3877232634036,792.446999999986
"a[85]",-6.35205200877193,-6.40308,0.213352919285474,-6.6791805,-5.92275925,1.85913289531939,4.37080839356758,792.446999999986
"a[86]",-6.09783498280702,-6.10493,0.172511072427471,-6.393972,-5.77997975,1.68477031225638,4.77498639645625,792.446999999986
"a[87]",-5.9278437954386,-5.91285,0.15601632260007,-6.23934,-5.67483,1.38668290888965,6.48313777057278,792.446999999986
"a[88]",-5.78562066280702,-5.76912,0.119537229134422,-6.02120075,-5.57273975,1.24074488679185,9.18738420933392,792.446999999986
"a[89]",-5.59478522175439,-5.58608,0.0888221299951975,-5.78844025,-5.44076975,1.2050234839469,11.0000868353814,792.446999999986
"a[90]",-5.4047599254386,-5.40986,0.0985263270682316,-5.57884025,-5.205119,1.62290236232288,4.99186753589289,792.446999999986
"a[91]",-5.20025006070175,-5.17996,0.101937354001826,-5.45831025,-5.05084975,1.66713490834743,4.7570156341726,792.446999999986
"a[92]",-5.12217805754386,-5.104675,0.112429214524174,-5.42458025,-4.94459975,1.42694292449726,6.04804217957874,792.446999999986
"a[93]",-5.07947038964912,-5.07055,0.14331738789819,-5.39767075,-4.81675,1.24353171616245,9.05791670436565,792.446999999986
"a[94]",-5.08665631421053,-5.11896,0.218476982155359,-5.46714075,-4.6241795,1.44393141529149,6.00015828303952,792.446999999986
"a[95]",-5.05526779684211,-5.108505,0.294182629102159,-5.52953475,-4.4108485,1.56446229312401,5.37976554364525,792.446999999986
"a[96]",-5.07381834192983,-5.14383,0.343594884047292,-5.62178125,-4.31538975,1.37295339476194,7.27351558932045,792.446999999986
"a[97]",-5.06091107333333,-5.132015,0.357293320772655,-5.61195075,-4.25694675,1.29957784345504,9.08736442650996,792.446999999986
"a[98]",-5.02393595842105,-5.04348,0.415176579978196,-5.632764,-4.23250975,1.38838657931332,7.18654994559206,792.446999999986
"a[99]",-4.95378964561403,-4.91794,0.474765360493051,-5.585223,-4.08685575,1.43548776316463,6.61127241304301,792.446999999986
"a[100]",-4.86599837438596,-4.826425,0.489914329694101,-5.497661,-3.902776,1.46144470382012,6.26595701370899,792.446999999986
"a[101]",-4.78741745526316,-4.726035,0.454439359001868,-5.3932,-3.9829225,1.61419778078871,5.1751796662264,792.446999999986
"a[102]",-4.73208965473684,-4.701175,0.381743853619976,-5.2488805,-4.00924775,1.91359899923159,4.22773547721901,792.446999999986
"a[103]",-4.75363214210526,-4.794165,0.20826842632719,-5.0263705,-4.283698,1.52691381186082,5.47569066277467,792.446999999986
"a[104]",-4.83845982789474,-4.84473,0.0916146086175653,-5.00975025,-4.63405,1.11600088230644,42.0684925293088,792.446999999986
"a[105]",-4.9033062522807,-4.905075,0.0828073640645897,-5.05781075,-4.74756975,1.53927838975066,5.45841638498369,792.446999999986
"a[106]",-4.88082823859649,-4.888175,0.0733405817562278,-5.00904225,-4.71107925,1.46016344916284,5.77007405522444,792.446999999986
"a[107]",-4.79477740719298,-4.798615,0.0665469695097708,-4.91674,-4.64197975,1.30852473339556,7.53285317671107,792.446999999986
"a[108]",-4.74010077666667,-4.740685,0.0857555931853622,-4.9113525,-4.57382,1.23518878394718,9.60141430159514,792.446999999986
"a[109]",-4.61321450578947,-4.620595,0.110347363348391,-4.84184075,-4.38058875,1.12953107139597,20.0282328622177,792.446999999986
"a[110]",-4.46319713877193,-4.502675,0.182290391543068,-4.70201025,-4.0935095,1.55010795809262,5.58147541771251,792.446999999986
"a[111]",-4.26652134491228,-4.282355,0.218019031114702,-4.53796075,-3.81891975,2.07340805148874,3.97876897461146,792.446999999986
"a[112]",-4.14855080614035,-4.10722,0.17103080371032,-4.43587,-3.86859925,2.11195158051027,3.91573104574594,792.446999999986
"a[113]",-4.1622831145614,-4.11279,0.12549473919294,-4.41411,-3.9947,1.81750077134766,4.37978500200769,792.446999999986
"a[114]",-4.25303867,-4.24593,0.0504031212577618,-4.36352025,-4.17100975,1.42121927207458,6.12723212091812,792.446999999986
"a[115]",-4.38023260982456,-4.395715,0.0850280119465258,-4.52541025,-4.21523975,1.84593122997525,4.34931443805581,792.446999999986
"a[116]",-4.4813559131579,-4.45321,0.158486351338953,-4.76288125,-4.25434,1.96372958267432,4.10145095761593,792.446999999986
"a[117]",-4.50794446,-4.44107,0.192857780430448,-4.8446605,-4.23516925,1.75813000576211,4.52267241561432,792.446999999986
"a[118]",-4.49852620122807,-4.460075,0.147389331643007,-4.77114075,-4.24183,1.65009053433859,4.93201187363191,792.446999999986
"a[119]",-4.50058175508772,-4.49493,0.125530619078469,-4.73110125,-4.25903925,1.81708334641684,4.41878044418834,792.446999999986
"a[120]",-4.48447510140351,-4.47436,0.0740107447571732,-4.63783,-4.35770925,1.5329035781865,5.3588684169497,792.446999999986
"a[121]",-4.46642107631579,-4.46896,0.0602845177963881,-4.57806025,-4.34412,1.42845856964447,6.06976043421761,792.446999999986
"a[122]",-4.34954628385965,-4.34558,0.0740619624802321,-4.4985505,-4.22127,1.89927826531124,4.22220455100886,792.446999999986
"a[123]",-4.11745786052632,-4.11062,0.0741337934591054,-4.27262125,-3.986699,1.39483046109207,6.46219405768292,792.446999999986
"a[124]",-3.86210020824561,-3.86781,0.085172022662567,-4.01914,-3.6856375,1.14603292683274,18.6555950187682,792.446999999986
"a[125]",-3.55171610280702,-3.571645,0.151461941946168,-3.82609025,-3.25404975,1.60406887815608,5.05774933314513,792.446999999986
"a[126]",-3.28145742912281,-3.290025,0.153750585942718,-3.52798025,-2.987138,1.98170281920074,4.15978086420219,792.446999999986
"a[127]",-3.07620040070175,-3.06965,0.144635835141581,-3.3036605,-2.7985095,1.99824529584664,4.06780652465399,792.446999999986
"a[128]",-3.04914864859649,-3.01628,0.102759762033274,-3.22374,-2.8962985,1.79193482561402,4.45156790617936,792.446999999986
"a[129]",-3.19050782719298,-3.187245,0.0399582095759332,-3.27054,-3.12235975,1.37574325664225,6.61585985350332,792.446999999986
"a[130]",-3.23655149473684,-3.24036,0.048925741820813,-3.32452025,-3.1555695,1.55656807844671,5.30628637855453,792.446999999986
"a[131]",-3.25035142368421,-3.25038,0.0402698070473004,-3.329371,-3.17055975,1.06833522006997,49.5812836510818,792.446999999986
"a[132]",-3.2482931854386,-3.25736,0.071075329520558,-3.36237025,-3.10440925,1.52757901484358,5.6426296741469,792.446999999986
"a[133]",-3.28245999140351,-3.2714,0.117505578982819,-3.45792025,-3.07293875,1.64604478650745,5.03248510407941,792.446999999986
"a[134]",-3.28685668684211,-3.24686,0.139343535903178,-3.49492,-3.07180875,1.90444382557193,4.28728982621319,792.446999999986
"a[135]",-3.38207408298246,-3.36211,0.0799183521123418,-3.50990025,-3.25585,1.73242241837945,4.59545882805233,792.446999999986
"a[136]",-3.52687431385965,-3.528575,0.0302186669488389,-3.58206075,-3.45701,1.0834676545594,29.6391605911543,792.446999999986
"a[137]",-3.6019330954386,-3.5968,0.0504864999044501,-3.70602075,-3.51633975,1.41437065950725,6.25098213443782,792.446999999986
"a[138]",-3.57546192912281,-3.605185,0.101172868029949,-3.73924,-3.41309975,1.98497740113077,4.14373495009703,792.446999999986
"a[139]",-3.43678965210526,-3.485695,0.141640623805949,-3.64324025,-3.22441,1.6878258554078,4.74455609884767,792.446999999986
"a[140]",-3.22602682070175,-3.23526,0.0748525393796174,-3.36500025,-3.11591,1.6032681606023,5.08366411350748,792.446999999986
"a[141]",-2.95829074947368,-2.95696,0.0288337359491343,-3.02025,-2.90139975,1.097002179743,24.5824488276171,792.446999999986
"a[142]",-2.69048815350877,-2.67699,0.0521980940142345,-2.77735,-2.60286975,2.01146602481106,4.05414230460869,792.446999999986
"a[143]",-2.57552691982456,-2.57484,0.0344270746394135,-2.63237025,-2.51247,1.65882694550912,4.81073619654894,792.446999999986
"a[144]",-2.46149595192982,-2.45973,0.0486871117487838,-2.55627,-2.38318,1.79995865881964,4.40366834099372,792.446999999986
"a[145]",-2.40901231157895,-2.448175,0.118911638203991,-2.5837405,-2.20932,1.8541014664387,4.29694598440756,792.446999999986
"a[146]",-2.40454140596491,-2.37793,0.220009707104481,-2.8231305,-2.08345875,1.58282171821013,5.19671529236812,792.446999999986
"a[147]",-2.43946523859649,-2.302775,0.420094097464003,-3.310551,-1.84451875,1.44095469682955,6.32914061324956,792.446999999986
"a[148]",-2.51875371333333,-2.378815,0.611166258404264,-3.8572625,-1.557367,1.36689510548852,7.35793155801939,792.446999999986
"a[149]",-2.60479499452631,-2.423255,0.838793651328392,-4.42619075,-1.19939875,1.41014231283126,6.75164394085145,792.446999999986
"Y_hat[1]",-5.11441822263158,-5.11141,0.354327393679144,-5.6976815,-4.50464775,1.79951148253914,4.47260766582182,792.446999999986
"Y_hat[2]",-5.20884805491228,-5.210125,0.335098358347135,-5.76301025,-4.61657775,1.77156568871945,4.55122378206011,792.446999999986
"Y_hat[3]",-5.29988749350877,-5.303445,0.314648049942138,-5.82270125,-4.72782,1.74178546764038,4.6386800906444,792.446999999986
"Y_hat[4]",-5.38824330754386,-5.39364,0.293585916390358,-5.879091,-4.836948,1.70511350545981,4.7521809781618,792.446999999986
"Y_hat[5]",-5.4746221754386,-5.481285,0.272414829890777,-5.93280025,-4.946047,1.6586239626578,4.91220842799438,792.446999999986
"Y_hat[6]",-5.55973082052632,-5.566365,0.251476910547822,-5.98568025,-5.057405,1.60312857112841,5.13717981688867,792.446999999986
"Y_hat[7]",-5.64408884701754,-5.64996,0.23098598929154,-6.03948,-5.17457725,1.54199476026438,5.43975628560261,792.446999999986
"Y_hat[8]",-5.72748251824561,-5.73272,0.211198491908821,-6.09392025,-5.29472925,1.47841496252257,5.83888640914051,792.446999999986
"Y_hat[9]",-5.80951902385965,-5.81345,0.192421632380584,-6.14802075,-5.41711875,1.4146646393265,6.36525676480593,792.446999999986
"Y_hat[10]",-5.8898053277193,-5.890535,0.174903202538629,-6.2022905,-5.5381385,1.35384416420236,7.05696764457093,792.446999999986
"Y_hat[11]",-5.96794847842105,-5.966795,0.15874716302826,-6.25657125,-5.6539295,1.29925486812626,7.93183348972529,792.446999999986
"Y_hat[12]",-6.04365222385965,-6.04097,0.143904499886507,-6.30977,-5.76403725,1.25276985684514,8.98806590938898,792.446999999986
"Y_hat[13]",-6.11699042877193,-6.114255,0.130401284095484,-6.362211,-5.86493575,1.21392798051426,10.234813700642,792.446999999986
"Y_hat[14]",-6.18812603789474,-6.18707,0.118606148282753,-6.4133405,-5.96028975,1.18391563373693,11.5453563391623,792.446999999986
"Y_hat[15]",-6.25722162807018,-6.257285,0.109272572397202,-6.4646305,-6.044259,1.16771397359927,12.4222602858956,792.446999999986
"Y_hat[16]",-6.3244399722807,-6.32654,0.103552513012948,-6.5195805,-6.11418875,1.17537955733868,11.8581840588331,792.446999999986
"Y_hat[17]",-6.38982122140351,-6.39418,0.102829857641674,-6.5813905,-6.1757695,1.22414292128822,9.61164692465414,792.446999999986
"Y_hat[18]",-6.4529456822807,-6.458745,0.107739438561182,-6.6524205,-6.22801975,1.32651482201372,7.25032483246369,792.446999999986
"Y_hat[19]",-6.51328578649123,-6.52034,0.117407152367604,-6.727741,-6.27434975,1.4668919703231,5.76775727302198,792.446999999986
"Y_hat[20]",-6.57031410982456,-6.58034,0.129971381060274,-6.804652,-6.31755975,1.59853216086308,5.06400458969439,792.446999999986
"Y_hat[21]",-6.62350303438596,-6.63914,0.143436488663398,-6.87890025,-6.35726875,1.68246806015136,4.7829696093901,792.446999999986
"Y_hat[22]",-6.67243538701754,-6.69362,0.156291967076839,-6.9478605,-6.39353975,1.71701955872469,4.6822707375592,792.446999999986
"Y_hat[23]",-6.71709887140351,-6.74311,0.167914974845359,-7.01072075,-6.42771,1.71930738629251,4.66464828359071,792.446999999986
"Y_hat[24]",-6.75757390403509,-6.785515,0.177942349520085,-7.06937025,-6.45829975,1.70583784608114,4.69236156469334,792.446999999986
"Y_hat[25]",-6.79394109280702,-6.820995,0.186032574907493,-7.121321,-6.48647875,1.68776273035321,4.75386802744755,792.446999999986
"Y_hat[26]",-6.82628095719298,-6.84998,0.191868499812652,-7.16599,-6.512659,1.66960578896821,4.81691182576047,792.446999999986
"Y_hat[27]",-6.85467713210526,-6.872615,0.195326487670649,-7.20493075,-6.53636925,1.65020802072206,4.88507161926196,792.446999999986
"Y_hat[28]",-6.87922422666667,-6.88841,0.196729187238025,-7.23678025,-6.55937975,1.62339244568197,4.98930120958978,792.446999999986
"Y_hat[29]",-6.90001954,-6.89776,0.196458333404004,-7.262763,-6.5814895,1.5783071930366,5.18225947439256,792.446999999986
"Y_hat[30]",-6.91716007877193,-6.90421,0.194804311134703,-7.28427125,-6.60215,1.50768664939193,5.56672572409554,792.446999999986
"Y_hat[31]",-6.93074313859649,-6.912265,0.191983287914152,-7.29811025,-6.6191685,1.41592566221498,6.27088985116219,792.446999999986
"Y_hat[32]",-6.94091193333333,-6.92258,0.188377799774031,-7.30564,-6.63052775,1.31896809340637,7.49629648313852,792.446999999986
"Y_hat[33]",-7.04153725631579,-6.99029,0.270926914466071,-7.70271025,-6.6346945,1.6015893136596,5.04108710399776,792.446999999986
"Y_hat[34]",-7.06835569175439,-7.00852,0.270313159910242,-7.74238075,-6.67941875,1.63371401608187,4.90462486149748,792.446999999986
"Y_hat[35]",-7.09889289192983,-7.032855,0.267670968381187,-7.7793715,-6.72984775,1.65978369798384,4.80195793516247,792.446999999986
"Y_hat[36]",-7.13283537596491,-7.06219,0.263446095962496,-7.81380325,-6.78407625,1.68081824188779,4.72355593371483,792.446999999986
"Y_hat[37]",-7.16979264894737,-7.095715,0.258244629579709,-7.8468105,-6.83837975,1.69674386863976,4.66581068735386,792.446999999986
"Y_hat[38]",-7.20937426807018,-7.133715,0.252644039695756,-7.8785305,-6.8928895,1.70601978512498,4.63122148156338,792.446999999986
"Y_hat[39]",-7.25118979508772,-7.176125,0.247189910314942,-7.9095015,-6.9454495,1.70752645020654,4.62231108134135,792.446999999986
"Y_hat[40]",-7.29484803438596,-7.22165,0.242362961965417,-7.9410205,-6.9949595,1.7038246320541,4.63052966932967,792.446999999986
"Y_hat[41]",-7.33995523017544,-7.269885,0.238429454711079,-7.97211,-7.0408395,1.70138883401291,4.63789459029272,792.446999999986
"Y_hat[42]",-7.38611713385965,-7.32067,0.235554044107152,-8.00313075,-7.081477,1.70556614066808,4.62768295499604,792.446999999986
"Y_hat[43]",-7.43293956736842,-7.37272,0.233776864136977,-8.03462025,-7.1182795,1.71607182586666,4.60072790305272,792.446999999986
"Y_hat[44]",-7.48002832754386,-7.424935,0.233013885780249,-8.0665915,-7.15164,1.7286718642008,4.56996003081942,792.446999999986
"Y_hat[45]",-7.52702767859649,-7.477095,0.233066376461271,-8.09957025,-7.1843785,1.73884247766817,4.54688025432536,792.446999999986
"Y_hat[46]",-7.57370112736842,-7.52822,0.233557410595557,-8.13226075,-7.21702,1.74318765523436,4.54049158901782,792.446999999986
"Y_hat[47]",-7.61983508508772,-7.57964,0.234060849042332,-8.163551,-7.2465895,1.73952596536378,4.55454898132134,792.446999999986
"Y_hat[48]",-7.66521607719298,-7.631085,0.2340866848527,-8.19335125,-7.277858,1.72645617317214,4.59398517381781,792.446999999986
"Y_hat[49]",-7.70963062578947,-7.681805,0.233087653030844,-8.22006025,-7.31169925,1.70322011530801,4.66469664727275,792.446999999986
"Y_hat[50]",-7.75289975947368,-7.732345,0.230804484085992,-8.24403225,-7.34693,1.66968446880147,4.77465777472444,792.446999999986
"Y_hat[51]",-7.79494946157895,-7.78126,0.22788623749461,-8.2652305,-7.38014925,1.62794527368191,4.9267753872057,792.446999999986
"Y_hat[52]",-8.20184378561403,-8.213635,0.215955175004954,-8.608224,-7.799907,1.43827979731588,6.16712690710646,792.446999999986
"Y_hat[53]",-8.20074951280702,-8.21312,0.207912210252298,-8.597673,-7.81178,1.44522337675227,6.08409239578152,792.446999999986
"Y_hat[54]",-8.19626652596491,-8.208395,0.199020263235367,-8.5822615,-7.8202595,1.44420705670775,6.07769840066093,792.446999999986
"Y_hat[55]",-8.18812694912281,-8.199855,0.189746465718573,-8.56102,-7.82705875,1.43344049845061,6.18245484354852,792.446999999986
"Y_hat[56]",-8.17604178912281,-8.186755,0.18061129393834,-8.5369415,-7.8301295,1.41361929259608,6.38546647851944,792.446999999986
"Y_hat[57]",-8.15972200315789,-8.16826,0.172072894249471,-8.5079105,-7.8275895,1.38778270708646,6.68568855200794,792.446999999986
"Y_hat[58]",-8.13887908964912,-8.144875,0.164504381955957,-8.475503,-7.820099,1.36029684434535,7.0619517892352,792.446999999986
"Y_hat[59]",-8.11357752491228,-8.11824,0.1581515764287,-8.43877025,-7.8071795,1.33451141162477,7.47940337405728,792.446999999986
"Y_hat[60]",-8.08484671087719,-8.088925,0.15304406945,-8.39828125,-7.787338,1.31023888041773,7.93411185315535,792.446999999986
"Y_hat[61]",-8.05387954263158,-8.059165,0.149095529142848,-8.35585025,-7.7608395,1.28667499203193,8.44039354284764,792.446999999986
"Y_hat[62]",-8.0218689577193,-8.028275,0.146080354344204,-8.311501,-7.72898,1.26229972467339,9.05030332447332,792.446999999986
"Y_hat[63]",-7.99000711070175,-7.997945,0.143672071878721,-8.26870475,-7.69447875,1.23546234219548,9.90190002807805,792.446999999986
"Y_hat[64]",-7.95914185491228,-7.96784,0.141671341683144,-8.2289505,-7.6575995,1.20706897593933,11.0823292133008,792.446999999986
"Y_hat[65]",-7.92919802508772,-7.93747,0.140185365042119,-8.1914405,-7.62126925,1.18165227478584,12.4577443622945,792.446999999986
"Y_hat[66]",-7.89994750333333,-7.906865,0.139248921579632,-8.1581305,-7.588475,1.16313370068412,13.6700688960593,792.446999999986
"Y_hat[67]",-7.87116238649123,-7.87533,0.138707354954967,-8.1294415,-7.5589295,1.15228805338381,14.3376930814953,792.446999999986
"Y_hat[68]",-7.84261451421053,-7.842915,0.138250040041714,-8.10446325,-7.534709,1.1469413998915,14.4177162769895,792.446999999986
"Y_hat[69]",-7.81409527754386,-7.810665,0.13777624493661,-8.07969225,-7.5169795,1.14596700554055,14.0592725474233,792.446999999986
"Y_hat[70]",-7.78544637561404,-7.77881,0.137844016767116,-8.0566615,-7.5003495,1.15360825958998,13.3757604712605,792.446999999986
"Y_hat[71]",-7.48845501438597,-7.48769,0.16430425516365,-7.80145125,-7.2130295,1.67346765275403,4.76935160255033,792.446999999986
"Y_hat[72]",-7.44546516473684,-7.449875,0.165359001304485,-7.75426025,-7.1626385,1.73026105823399,4.59112845682857,792.446999999986
"Y_hat[73]",-7.39928203982456,-7.41141,0.166496863458264,-7.7015815,-7.1094695,1.76093853913227,4.50490412177317,792.446999999986
"Y_hat[74]",-7.3496128177193,-7.36913,0.168094680843394,-7.6452115,-7.05366975,1.76589285239163,4.49457615935779,792.446999999986
"Y_hat[75]",-7.29616489929825,-7.32564,0.170363761315078,-7.5848115,-6.99436975,1.75215525081189,4.53498989275981,792.446999999986
"Y_hat[76]",-7.23873837578947,-7.2776,0.173218551203888,-7.5212705,-6.93167925,1.73038946103553,4.59889688532641,792.446999999986
"Y_hat[77]",-7.1773619654386,-7.22436,0.175982443674191,-7.45385075,-6.86643975,1.71323647432716,4.65223891704993,792.446999999986
"Y_hat[78]",-7.11209902859649,-7.16455,0.177775542278534,-7.3854705,-6.80003,1.71166748944781,4.65813888713266,792.446999999986
"Y_hat[79]",-7.04301295122807,-7.096655,0.17756814038482,-7.31265025,-6.73283975,1.72840617048449,4.60877830717488,792.446999999986
"Y_hat[80]",-6.97016734947368,-7.021935,0.174219375921053,-7.23654025,-6.66698,1.75573803729856,4.53103594216229,792.446999999986
"Y_hat[81]",-6.8936971377193,-6.93949,0.167036432932777,-7.153892,-6.60366875,1.78049478539222,4.46800295078304,792.446999999986
"Y_hat[82]",-6.81390991649123,-6.85062,0.156562186611599,-7.06537025,-6.54224,1.79121369448871,4.44145492307965,792.446999999986
"Y_hat[83]",-6.73113897087719,-6.756315,0.143623567074869,-6.9715705,-6.481649,1.77495229391975,4.48118749431189,792.446999999986
"Y_hat[84]",-6.64571734631579,-6.657265,0.12915699168661,-6.8728605,-6.4214395,1.7117851771641,4.65507917386857,792.446999999986
"Y_hat[85]",-6.5579795245614,-6.556725,0.11427644644804,-6.77018125,-6.36025975,1.58507401278772,5.12396595077325,792.446999999986
"Y_hat[86]",-6.46860486789474,-6.45988,0.100448992102706,-6.66674025,-6.29511,1.40378904869102,6.3420936003167,792.446999999986
"Y_hat[87]",-6.37909009035088,-6.369705,0.089560133950209,-6.56625075,-6.22398975,1.22313800506599,9.72430902622762,792.446999999986
"Y_hat[88]",-6.29105041052632,-6.285275,0.0834119208161989,-6.47035025,-6.1403195,1.11047173399353,18.6348201060957,792.446999999986
"Y_hat[89]",-6.20610107526316,-6.20591,0.0826911727916837,-6.379702,-6.04167675,1.09057415399252,24.4752301648616,792.446999999986
"Y_hat[90]",-6.12585541912281,-6.129985,0.0863003582009002,-6.29485025,-5.94417925,1.12833617851869,16.3377824680193,792.446999999986
"Y_hat[91]",-5.61324563631579,-5.6129,0.07870372773963,-5.75116,-5.4704995,1.55896960622563,5.25221488043231,792.446999999986
"Y_hat[92]",-5.58057460385965,-5.579635,0.0724176457447469,-5.70997,-5.44967975,1.55276919209184,5.27535532062797,792.446999999986
"Y_hat[93]",-5.54881218929825,-5.54751,0.0670027630235925,-5.67030025,-5.4274695,1.52905911496888,5.38541837270951,792.446999999986
"Y_hat[94]",-5.51759240807018,-5.51644,0.0621494258615705,-5.63170025,-5.40363975,1.4845238077109,5.64687106947977,792.446999999986
"Y_hat[95]",-5.48654939438596,-5.485795,0.057482370675977,-5.59340025,-5.37999,1.42337652158853,6.10089054396258,792.446999999986
"Y_hat[96]",-5.45531827017544,-5.454905,0.0526631273273011,-5.5546705,-5.35606,1.35309829809733,6.82669299195755,792.446999999986
"Y_hat[97]",-5.42374175491228,-5.42372,0.0478098689739631,-5.51516,-5.33244,1.28165378484208,7.96607834353673,792.446999999986
"Y_hat[98]",-5.39211675263158,-5.3925,0.0437487927812157,-5.47606,-5.30637975,1.21941236394512,9.70507466780817,792.446999999986
"Y_hat[99]",-5.36080006473684,-5.36149,0.0411965712100611,-5.43911075,-5.2785,1.17491934742162,12.0179323504247,792.446999999986
"Y_hat[100]",-5.33014862684211,-5.33097,0.0402874534212222,-5.40669025,-5.2489,1.14674916704532,14.3846073812851,792.446999999986
"Y_hat[101]",-5.3005180345614,-5.30122,0.040530991603349,-5.37866025,-5.21894925,1.11805805831048,17.7825009923045,792.446999999986
"Y_hat[102]",-5.27204588526316,-5.27196,0.0414975538768222,-5.35440025,-5.18965,1.07907803170829,26.4075735333821,792.446999999986
"Y_hat[103]",-5.24440221807018,-5.243255,0.0433756610256397,-5.33415025,-5.16020875,1.04650891921933,54.330783942525,792.446999999986
"Y_hat[104]",-5.21719673473684,-5.21461,0.0462924997693073,-5.31696,-5.12992975,1.04566137135209,91.0365842602893,792.446999999986
"Y_hat[105]",-5.19003907964912,-5.18602,0.0500042408686809,-5.29987025,-5.09789,1.05768110688096,63.888461495746,792.446999999986
"Y_hat[106]",-5.16253960017544,-5.15679,0.0540122047064029,-5.28205025,-5.065819,1.07467847095455,32.5224979462038,792.446999999986
"Y_hat[107]",-5.13442504561404,-5.12707,0.0579944925988746,-5.2628605,-5.03306975,1.10948114977552,20.3488965050072,792.446999999986
"Y_hat[108]",-5.10566646964912,-5.09704,0.0620158095300891,-5.24168025,-4.9985695,1.14444035790282,15.3140285736428,792.446999999986
"Y_hat[109]",-4.73608493982456,-4.73752,0.0597582160015738,-4.8509005,-4.6270795,1.43625659465167,6.1020838689173,792.446999999986
"Y_hat[110]",-4.69518875684211,-4.69495,0.0533105790638396,-4.8013105,-4.5975395,1.39380151312799,6.50949525213035,792.446999999986
"Y_hat[111]",-4.65261706368421,-4.651145,0.0460636059005596,-4.747101,-4.56855975,1.30098576842023,7.82835167308797,792.446999999986
"Y_hat[112]",-4.6089744145614,-4.60776,0.0383162261254369,-4.6883305,-4.53891,1.16795967182539,12.5214854738097,792.446999999986
"Y_hat[113]",-4.56625850754386,-4.56562,0.0318584102257624,-4.630981,-4.50650975,1.04682552143331,50.3922492792715,792.446999999986
"Y_hat[114]",-4.52663094649123,-4.52665,0.0288069514491038,-4.58288,-4.47005975,1.01213614492979,218.503451091462,792.446999999986
"Y_hat[115]",-4.49225336,-4.49297,0.0294384227635841,-4.54798,-4.43278975,1.08323431047555,24.7158514082082,792.446999999986
"Y_hat[116]",-4.46527807526316,-4.46636,0.0313926966831077,-4.52393,-4.40218975,1.17917728789544,11.6113113007753,792.446999999986
"Y_hat[117]",-4.44674850578947,-4.44763,0.0325294256699001,-4.50705,-4.38155,1.22179729929717,9.57965936022095,792.446999999986
"Y_hat[118]",-4.43555400017544,-4.43655,0.0328020386524019,-4.49645025,-4.3696395,1.20379239630931,10.2963529953777,792.446999999986
"Y_hat[119]",-4.43033639192982,-4.43138,0.0328113283062123,-4.4916105,-4.36401,1.15112867467064,13.3807232773363,792.446999999986
"Y_hat[120]",-4.42973753561404,-4.430725,0.033038357258867,-4.49141,-4.36307925,1.0976666445302,20.5315040025615,792.446999999986
"Y_hat[121]",-4.4324031054386,-4.43313,0.0337302236834156,-4.4966,-4.36498975,1.06597072175749,33.1611899434891,792.446999999986
"Y_hat[122]",-4.43741089754386,-4.43792,0.035361449643769,-4.50598075,-4.36801,1.06154832256194,38.0162615308268,792.446999999986
"Y_hat[123]",-4.44466152807018,-4.44521,0.0385388412157905,-4.52047025,-4.37064,1.07878521668667,27.5454549261294,792.446999999986
"Y_hat[124]",-4.45414799052632,-4.45475,0.0430387236645055,-4.54094,-4.37245975,1.10132056858869,21.3521993915471,792.446999999986
"Y_hat[125]",-4.46586329192982,-4.46664,0.0478878194330438,-4.56374025,-4.37608925,1.11385559231186,19.0076377061036,792.446999999986
"Y_hat[126]",-4.47979880368421,-4.48076,0.0519783021406178,-4.58695225,-4.38256975,1.11256843493971,19.5615101812456,792.446999999986
"Y_hat[127]",-4.69729419561404,-4.70723,0.0574502742603092,-4.7885505,-4.574319,1.20111008685882,10.8070502310895,792.446999999986
"Y_hat[128]",-4.72267807631579,-4.729665,0.0514421202767419,-4.80819025,-4.6131595,1.19098576404031,11.2409522374662,792.446999999986
"Y_hat[129]",-4.74913455122807,-4.75333,0.0450399339587662,-4.82782,-4.65397825,1.16191649768352,12.9048967226363,792.446999999986
"Y_hat[130]",-4.77640596421053,-4.77857,0.0392945796861634,-4.8485,-4.69447,1.11575148098996,17.2580644800268,792.446999999986
"Y_hat[131]",-4.80422922929825,-4.80517,0.0349538085076933,-4.87065,-4.73322,1.06484580080252,30.9953747024668,792.446999999986
"Y_hat[132]",-4.83187015105263,-4.83203,0.0322673718724645,-4.89483,-4.76812875,1.02523329960466,102.86238042469,792.446999999986
"Y_hat[133]",-4.85776468894737,-4.85756,0.0312405790321542,-4.91966,-4.79706975,1.00678108237679,247.981920492214,792.446999999986
"Y_hat[134]",-4.88026429912281,-4.87991,0.0316710851266392,-4.9430205,-4.81899975,1.01369020389277,160.917395248821,792.446999999986
"Y_hat[135]",-4.89772045912281,-4.89748,0.0330867746158438,-4.9628305,-4.8337895,1.04330152109368,60.2161614823257,792.446999999986
"Y_hat[136]",-4.90849607614035,-4.90847,0.0350217416983955,-4.97676025,-4.84022975,1.09197009337264,22.5297478146932,792.446999999986
"Y_hat[137]",-4.91189329175439,-4.91246,0.037494761850212,-4.98373,-4.83773975,1.15551188865398,13.1174658769151,792.446999999986
"Y_hat[138]",-4.90883711526316,-4.90983,0.0408515414497125,-4.98614025,-4.82605,1.22028445528034,9.8097220337953,792.446999999986
"Y_hat[139]",-4.90041384894737,-4.901545,0.0450601405341845,-4.98499,-4.80836,1.26890478324511,8.42804234603842,792.446999999986
"Y_hat[140]",-4.88770973508772,-4.8888,0.0496757510970239,-4.98096075,-4.78615975,1.29128513394498,7.93154966696443,792.446999999986
"Y_hat[141]",-4.8718105822807,-4.872515,0.0541207730560072,-4.97439,-4.76094975,1.28810488797776,8.0056056866566,792.446999999986
"Y_hat[142]",-4.85376633666667,-4.85388,0.0582273327960426,-4.9650905,-4.7345295,1.26671906911562,8.53486347321147,792.446999999986
"Y_hat[143]",-4.83456614824561,-4.83398,0.0624229741400299,-4.9554405,-4.70756,1.23752421128014,9.47287920257534,792.446999999986
"Y_hat[144]",-4.81519336807018,-4.81361,0.0671613691346213,-4.94596075,-4.68047975,1.21014216710407,10.5663917555228,792.446999999986
"Y_hat[145]",-4.79663120491228,-4.79381,0.072827103292255,-4.9391905,-4.6540885,1.19254883092036,11.4100430011836,792.446999999986
"Y_hat[146]",-4.7798509322807,-4.775945,0.0798189270919837,-4.93813025,-4.62713875,1.19084227047548,11.4343998546222,792.446999999986
"Y_hat[147]",-4.76494084368421,-4.759715,0.0885237416646615,-4.94262275,-4.5990785,1.20696172130004,10.7646965169758,792.446999999986
"Y_hat[148]",-4.27167424052632,-4.252155,0.1148253271514,-4.51757475,-4.10258975,1.66582337223929,4.82137536235894,792.446999999986
"Y_hat[149]",-4.27285046210526,-4.26299,0.107892175351796,-4.49422,-4.1123295,1.76131960690666,4.53959484346934,792.446999999986
"Y_hat[150]",-4.27389358070175,-4.27235,0.100174117375888,-4.47206175,-4.122199,1.82078950716301,4.39416231125144,792.446999999986
"Y_hat[151]",-4.27460459122807,-4.27797,0.0913927434770802,-4.448131,-4.1319995,1.83000767753764,4.36989156017493,792.446999999986
"Y_hat[152]",-4.27484937982456,-4.281225,0.081817145240569,-4.42478,-4.14195,1.80413345747084,4.42642755010074,792.446999999986
"Y_hat[153]",-4.27449885087719,-4.28163,0.0716599618937113,-4.40157025,-4.15215975,1.75755093742297,4.56106026378464,792.446999999986
"Y_hat[154]",-4.27342402403509,-4.27969,0.0609193035828426,-4.38011,-4.1640795,1.69401625425923,4.75381486749224,792.446999999986
"Y_hat[155]",-4.27150453491228,-4.2755,0.0494015697864031,-4.35880025,-4.17944975,1.59794494195799,5.1074170151877,792.446999999986
"Y_hat[156]",-4.26906120140351,-4.27054,0.0374619647507275,-4.33811,-4.197399,1.42447879204318,6.17329264851673,792.446999999986
"Y_hat[157]",-4.26705636578947,-4.26693,0.0272635172026079,-4.32053,-4.21474,1.15748194595282,12.857563492824,792.446999999986
"Y_hat[158]",-4.26650302894737,-4.26639,0.0233809624045746,-4.3126305,-4.22107975,1.03180745562665,65.8911821273251,792.446999999986
"Y_hat[159]",-4.26841422596491,-4.2687,0.0282002722160564,-4.32253025,-4.21379975,1.24859673265973,8.70625334146166,792.446999999986
"Y_hat[160]",-4.27379298403509,-4.272665,0.0369475962524674,-4.34729,-4.20655975,1.53566255692228,5.33034638946631,792.446999999986
"Y_hat[161]",-4.28316247666667,-4.27871,0.0459767791302417,-4.37847,-4.20478975,1.70004368227896,4.67255828638945,792.446999999986
"Y_hat[162]",-4.29636076035088,-4.28717,0.0546826564099157,-4.41241025,-4.20773,1.75176963442423,4.5213953782317,792.446999999986
"Y_hat[163]",-4.31317329684211,-4.2991,0.0632184499174578,-4.44905,-4.21469975,1.74953053117693,4.5350235518721,792.446999999986
"Y_hat[164]",-4.33338554350877,-4.313975,0.0719173745786789,-4.48746025,-4.22433,1.73921729788524,4.56836814269488,792.446999999986
"Y_hat[165]",-4.35678300245614,-4.332725,0.0812593685139319,-4.52793,-4.23674975,1.74713760692025,4.54924166625894,792.446999999986
"Y_hat[166]",-4.38315149789474,-4.35483,0.0916000318437419,-4.5698915,-4.2503895,1.78563300709112,4.44993700680902,792.446999999986
"Y_hat[167]",-4.41227741842105,-4.38099,0.10272605802228,-4.61276,-4.26302975,1.84146015516923,4.32564679928022,792.446999999986
"Y_hat[168]",-4.44394718280702,-4.41096,0.114042343957249,-4.65599025,-4.27436975,1.88555908426529,4.24177062665312,792.446999999986
"Y_hat[169]",-4.47794714052632,-4.44476,0.124688733340467,-4.69915025,-4.28762925,1.90295976105975,4.2294818075126,792.446999999986
"Y_hat[170]",-4.51406390807017,-4.48125,0.133695549272987,-4.7416705,-4.30528975,1.89635655119372,4.26627631405193,792.446999999986
"Y_hat[171]",-4.55209353578947,-4.51988,0.140554239451439,-4.782861,-4.32862975,1.87773111410005,4.3216083977032,792.446999999986
"Y_hat[172]",-5.16208914350877,-5.170695,0.0747019770950898,-5.2880905,-4.99081,1.31633857115588,7.70004630519665,792.446999999986
"Y_hat[173]",-5.20952573754386,-5.21447,0.0631245843415245,-5.32445025,-5.06899925,1.16987104183919,13.0810168139411,792.446999999986
"Y_hat[174]",-5.25392935385965,-5.25527,0.0547680789541309,-5.36216025,-5.14244,1.0946721477006,24.5861094800084,792.446999999986
"Y_hat[175]",-5.29515548491228,-5.293,0.0511841884950896,-5.40047,-5.20134,1.12380313638782,17.6392627005613,792.446999999986
"Y_hat[176]",-5.33308906719298,-5.3302,0.0525314954364327,-5.438471,-5.23715975,1.28205521830393,8.19864899342272,792.446999999986
"Y_hat[177]",-5.36761497087719,-5.36764,0.057013062955244,-5.47562,-5.26261,1.49034180523204,5.64684624777846,792.446999999986
"Y_hat[178]",-5.39862556684211,-5.403155,0.0621882170469704,-5.51006025,-5.28490975,1.63460961604059,4.92023220139366,792.446999999986
"Y_hat[179]",-5.42629234105263,-5.43401,0.0663845337504829,-5.54149075,-5.30666,1.69213908145329,4.72697713939959,792.446999999986
"Y_hat[180]",-5.45114265789474,-5.4604,0.068970284740847,-5.57001,-5.328669,1.68717503432256,4.75488187356429,792.446999999986
"Y_hat[181]",-5.47372674701754,-5.48287,0.0697757719463706,-5.59498025,-5.35131975,1.64942677426755,4.89772348824996,792.446999999986
"Y_hat[182]",-5.49459507842105,-5.50173,0.0688994737287633,-5.61678025,-5.3744695,1.60275359571127,5.09265424032041,792.446999999986
"Y_hat[183]",-5.51429518105263,-5.51825,0.066779743121097,-5.6369805,-5.39899975,1.55985368541798,5.29576316133225,792.446999999986
"Y_hat[184]",-5.53327359912281,-5.532025,0.0646858553428452,-5.65876025,-5.42417975,1.51570228922142,5.53084755285905,792.446999999986
"Y_hat[185]",-5.55185048070175,-5.54468,0.0642501936693395,-5.68494025,-5.44833,1.44914484162846,5.98759299361746,792.446999999986
"Y_hat[186]",-5.57033793631579,-5.55868,0.0661354081850745,-5.71516025,-5.4676,1.37365928748233,6.76179988107382,792.446999999986
"Y_hat[187]",-5.58904819087719,-5.57495,0.0697223982472768,-5.74739,-5.48226,1.32313148716533,7.51803585980258,792.446999999986
"Y_hat[188]",-5.60829474280702,-5.59311,0.0737369947289451,-5.77903175,-5.4947995,1.28964761684474,8.17498591167026,792.446999999986
"Y_hat[189]",-5.62843859719298,-5.61261,0.077516647273902,-5.8094205,-5.50856,1.25579378660931,9.01551588851973,792.446999999986
"Y_hat[190]",-5.6498991145614,-5.633245,0.0814102551532257,-5.8416215,-5.52397925,1.22366639119131,10.0506748903761,792.446999999986
"Y_hat[191]",-6.22668291894737,-6.219155,0.116543681835816,-6.48611,-6.02353,1.19727996980891,11.2605249111723,792.446999999986
"Y_hat[192]",-6.25856127631579,-6.254015,0.106883074682644,-6.49467,-6.06815975,1.18035804408724,12.219076779114,792.446999999986
"Y_hat[193]",-6.29139626877193,-6.28797,0.0982853830906369,-6.5038805,-6.11263,1.16656524525295,13.3158979810191,792.446999999986
"Y_hat[194]",-6.32475174561404,-6.322005,0.0910941868031046,-6.51349025,-6.1561195,1.15667386378797,14.3784958645466,792.446999999986
"Y_hat[195]",-6.35815572438596,-6.35553,0.0856498592284741,-6.5252505,-6.19736975,1.15661021023055,14.5876963820891,792.446999999986
"Y_hat[196]",-6.39113619192982,-6.38842,0.0822937973879023,-6.5503805,-6.23593975,1.17894461417926,13.064092027358,792.446999999986
"Y_hat[197]",-6.42321759491228,-6.419765,0.0814044416143594,-6.58571025,-6.27114975,1.23055684813819,10.1290269950086,792.446999999986
"Y_hat[198]",-6.45382521877193,-6.44887,0.0835637697475574,-6.6276905,-6.3010495,1.3059573582977,7.77904079005468,792.446999999986
"Y_hat[199]",-6.48227325614035,-6.47634,0.0890119878545686,-6.67104025,-6.32276975,1.40475723977692,6.26513893738697,792.446999999986
"Y_hat[200]",-6.50787005175439,-6.50125,0.0971382452273364,-6.713042,-6.3327295,1.50948930081132,5.48031718898061,792.446999999986
"Y_hat[201]",-6.52992394017544,-6.52308,0.106936808223733,-6.75331075,-6.33599925,1.58800852449735,5.09128345618511,792.446999999986
"Y_hat[202]",-6.54778193894737,-6.539345,0.11767302570117,-6.79129025,-6.33527,1.62563343399252,4.9442234338934,792.446999999986
"Y_hat[203]",-6.56184936614035,-6.54991,0.129424036998078,-6.82714025,-6.33220925,1.63585017759099,4.91083849910416,792.446999999986
"Y_hat[204]",-6.5736931445614,-6.557735,0.142586714762691,-6.86201025,-6.3259095,1.64347112597141,4.89888217103337,792.446999999986
"Y_hat[205]",-6.58493953912281,-6.56561,0.157121830267445,-6.89684,-6.3139,1.6622652592598,4.84260182475611,792.446999999986
"Y_hat[206]",-6.5972149131579,-6.57476,0.172499095749617,-6.93271025,-6.29954925,1.69166618911454,4.75030784604018,792.446999999986
"Y_hat[207]",-6.61211093035088,-6.587125,0.187933978385029,-6.9710105,-6.28811975,1.72377870584342,4.655100389059,792.446999999986
"Y_hat[208]",-6.63030428403509,-6.60258,0.202780878136168,-7.01107075,-6.2828485,1.75177967259055,4.57824491131287,792.446999999986
"Y_hat[209]",-6.65148582807018,-6.62095,0.216620409728721,-7.05192125,-6.281269,1.77393879376522,4.52081990184148,792.446999999986
"Y_hat[210]",-7.03473871631579,-7.0181,0.191676749499258,-7.34895025,-6.6827,1.59747456167167,5.05338731333334,792.446999999986
"Y_hat[211]",-7.04601286263158,-7.030105,0.179388344587288,-7.3451005,-6.7188265,1.58722312755777,5.09118177874507,792.446999999986
"Y_hat[212]",-7.05415937438597,-7.039485,0.167508545399576,-7.338371,-6.751069,1.5727242811468,5.15354807038208,792.446999999986
"Y_hat[213]",-7.05964102210526,-7.046835,0.156641725423684,-7.33017025,-6.77886925,1.55346030577344,5.24909864179904,792.446999999986
"Y_hat[214]",-7.06294705561404,-7.05131,0.147321513686922,-7.3217205,-6.7998195,1.53105229238893,5.36627565516161,792.446999999986
"Y_hat[215]",-7.06456667877193,-7.05353,0.139996684058857,-7.31436,-6.8151595,1.51056712271912,5.48262867276242,792.446999999986
"Y_hat[216]",-7.06499838368421,-7.053745,0.135082232519484,-7.30988,-6.824329,1.49961074471511,5.54572996091228,792.446999999986
"Y_hat[217]",-7.06494627561403,-7.05271,0.132605286107446,-7.30894025,-6.82889975,1.5016532821641,5.52979489400031,792.446999999986
"Y_hat[218]",-7.06531626017544,-7.05225,0.132063358057386,-7.311631,-6.8315995,1.51252174368315,5.46503535753152,792.446999999986
"Y_hat[219]",-7.06702270894737,-7.05298,0.13268168073538,-7.31793,-6.83317925,1.52286575737965,5.40022728622385,792.446999999986
"Y_hat[220]",-7.07098005210526,-7.0567,0.1334742989735,-7.32759,-6.8359895,1.52048491532829,5.40726923239956,792.446999999986
"Y_hat[221]",-7.07805864947368,-7.06412,0.13351268595458,-7.33966,-6.8444095,1.49470369233073,5.55825404170106,792.446999999986
"Y_hat[222]",-7.08818052333333,-7.07464,0.132611283834179,-7.352841,-6.857145,1.44599855016055,5.9019972124763,792.446999999986
"Y_hat[223]",-7.10035416070175,-7.087815,0.131295139117423,-7.36517025,-6.8693995,1.38685467716986,6.43802213254324,792.446999999986
"Y_hat[224]",-7.11355088508772,-7.102635,0.130231435511894,-7.37494125,-6.881438,1.33168555462315,7.11255786406262,792.446999999986
"Y_hat[225]",-7.12674208894737,-7.117685,0.130084526434363,-7.38192075,-6.89011725,1.28921486197598,7.80203962830917,792.446999999986
"Y_hat[226]",-7.13891010947368,-7.13204,0.131498061719846,-7.38778025,-6.8951195,1.26207585024505,8.3491331459284,792.446999999986
"Y_hat[227]",-7.1492664968421,-7.144335,0.135399212107786,-7.39857,-6.89371825,1.25740695939072,8.48004349658915,792.446999999986
"Y_hat[228]",-7.15723951894737,-7.154835,0.142492406846478,-7.417681,-6.886388,1.28330976301682,7.93001397539782,792.446999999986
"Y_hat[229]",-6.89777450701754,-6.9363,0.256520440543931,-7.3230325,-6.39503975,1.968104367813,4.10907283293981,792.446999999986
"Y_hat[230]",-6.86715387385965,-6.910725,0.254481969811122,-7.2830905,-6.36304975,1.98824098542474,4.07708735830147,792.446999999986
"Y_hat[231]",-6.83694251157895,-6.885255,0.250973026907719,-7.239162,-6.33316975,1.98439096026466,4.08077604139945,792.446999999986
"Y_hat[232]",-6.80665783929824,-6.859325,0.246430756355296,-7.19083075,-6.3039395,1.95809949569489,4.1215603825175,792.446999999986
"Y_hat[233]",-6.77579660473684,-6.83344,0.241389970550891,-7.1393105,-6.27522875,1.91520467411014,4.19169178056247,792.446999999986
"Y_hat[234]",-6.74385554,-6.80598,0.23639015233642,-7.08683,-6.24606825,1.86502288040503,4.28026592038016,792.446999999986
"Y_hat[235]",-6.71035487192982,-6.777015,0.231927172529949,-7.03553025,-6.21576,1.81895527202831,4.3672261744523,792.446999999986
"Y_hat[236]",-6.67523399701754,-6.74554,0.228258231361056,-6.98641,-6.18426,1.78554247520799,4.4362917341419,792.446999999986
"Y_hat[237]",-6.63879342824561,-6.71178,0.22539652743523,-6.94104025,-6.15183975,1.76954487300295,4.47782999812668,792.446999999986
"Y_hat[238]",-6.6013455045614,-6.67487,0.223224881397855,-6.898991,-6.11911775,1.77140278993777,4.47977778138035,792.446999999986
"Y_hat[239]",-6.56320245298246,-6.63606,0.221482997658888,-6.85944,-6.08671,1.78563812282143,4.44752171511754,792.446999999986
"Y_hat[240]",-6.52465464701754,-6.595585,0.219799836693237,-6.82107175,-6.05475875,1.80414520270051,4.40358540008855,792.446999999986
"Y_hat[241]",-6.48561126280702,-6.55355,0.217805689909721,-6.784651,-6.02398975,1.8207732780607,4.36527087751206,792.446999999986
"Y_hat[242]",-6.44565949719298,-6.51024,0.215179281808569,-6.74732025,-5.994279,1.83134113819832,4.35686004537238,792.446999999986
"Y_hat[243]",-6.40437633649123,-6.46485,0.211608846283934,-6.7088405,-5.964939,1.83256394272607,4.38560679833411,792.446999999986
"Y_hat[244]",-6.36133871438597,-6.41665,0.206809890003067,-6.66688125,-5.93593925,1.82253971364026,4.43547013209154,792.446999999986
"Y_hat[245]",-6.31617260947368,-6.365725,0.200617272364311,-6.61969025,-5.90696825,1.80219579506963,4.5025214315985,792.446999999986
"Y_hat[246]",-6.26932508824561,-6.311715,0.193411572657414,-6.56862075,-5.8784395,1.77725064815338,4.56859199695905,792.446999999986
"Y_hat[247]",-6.22192458245614,-6.255915,0.185952239440585,-6.51626025,-5.85080975,1.75376458019499,4.6148713613997,792.446999999986
"Y_hat[248]",-5.6101748622807,-5.60488,0.0811796384690693,-5.7831905,-5.4607795,1.10730053725778,20.1365097340841,792.446999999986
"Y_hat[249]",-5.57203734649123,-5.57064,0.0753309877129238,-5.72798,-5.42601925,1.09252949025884,24.3103749270321,792.446999999986
"Y_hat[250]",-5.53385307736842,-5.535275,0.0715730430561616,-5.672011,-5.38752775,1.09676865430466,23.3433752909792,792.446999999986
"Y_hat[251]",-5.49550470298246,-5.49827,0.0715004140936591,-5.62407025,-5.3460795,1.15066945476075,14.6199386080845,792.446999999986
"Y_hat[252]",-5.45686931929825,-5.45981,0.0750936011033945,-5.5913805,-5.30165975,1.27103116731817,8.57920801460598,792.446999999986
"Y_hat[253]",-5.41782403421053,-5.41891,0.0805496940542448,-5.5695805,-5.2582995,1.42211207222534,6.19877130864214,792.446999999986
"Y_hat[254]",-5.37829278350877,-5.37553,0.0855102928144097,-5.55034125,-5.21879925,1.54387360137361,5.32090976877937,792.446999999986
"Y_hat[255]",-5.33888062508772,-5.330135,0.0889960389948039,-5.53123,-5.18456925,1.61140127773726,4.98777155799541,792.446999999986
"Y_hat[256]",-5.30070705982456,-5.28625,0.0913677838643102,-5.51163,-5.1544695,1.63033949609003,4.89133860768606,792.446999999986
"Y_hat[257]",-5.26490436140351,-5.24584,0.0931790715750313,-5.49304025,-5.12672,1.62419155934551,4.90052852014472,792.446999999986
"Y_hat[258]",-5.2326046677193,-5.211015,0.094835654006951,-5.47626025,-5.09900975,1.62132036554753,4.9090126697805,792.446999999986
"Y_hat[259]",-5.20486828719298,-5.18277,0.0965257306680046,-5.46216,-5.07066,1.62348596676846,4.90166092602691,792.446999999986
"Y_hat[260]",-5.1817365777193,-5.16009,0.0984334094590713,-5.45041075,-5.04465975,1.60723456394175,4.96623971364728,792.446999999986
"Y_hat[261]",-5.16249562736842,-5.14184,0.100820249326112,-5.44120175,-5.01943,1.5618933513213,5.16467454109591,792.446999999986
"Y_hat[262]",-5.1464137722807,-5.12666,0.10386981127546,-5.43378075,-4.99448,1.49776734024335,5.52005328087461,792.446999999986
"Y_hat[263]",-5.1327592822807,-5.114195,0.107637971387719,-5.42698075,-4.969559,1.43084632697682,6.01299458580016,792.446999999986
"Y_hat[264]",-5.12083436438597,-5.103975,0.112110458242237,-5.42009025,-4.94430975,1.3725944233758,6.59673127893292,792.446999999986
"Y_hat[265]",-5.1104082645614,-5.09531,0.1173874342167,-5.41371025,-4.9177295,1.32833776872172,7.18829967233694,792.446999999986
"Y_hat[266]",-5.10159004333333,-5.088835,0.123638292441068,-5.40777025,-4.89123,1.29845610608396,7.71319331218537,792.446999999986
"Y_hat[267]",-4.85910105368421,-4.856575,0.0780580164511314,-5.01700025,-4.70116975,1.07177454719699,44.2324026639802,792.446999999986
"Y_hat[268]",-4.87098037368421,-4.8657,0.0744438559370361,-5.02515025,-4.73542,1.12707866293759,18.8658003910979,792.446999999986
"Y_hat[269]",-4.88059336052632,-4.87581,0.0732437278547984,-5.02938025,-4.75016975,1.23086178823273,10.0023193332239,792.446999999986
"Y_hat[270]",-4.88739904894737,-4.8857,0.0731342229181417,-5.03037025,-4.7508695,1.35978963288513,6.9766788097449,792.446999999986
"Y_hat[271]",-4.89090080666667,-4.893335,0.0730077322073313,-5.02678,-4.74494975,1.46074001604511,5.9014219439208,792.446999999986
"Y_hat[272]",-4.89103873631579,-4.89723,0.0724241773593218,-5.01955025,-4.73677,1.51187198929779,5.5073089765075,792.446999999986
"Y_hat[273]",-4.88800080140351,-4.896745,0.0713867893877633,-5.00958,-4.72807,1.52122517904435,5.41153867878517,792.446999999986
"Y_hat[274]",-4.88197788192982,-4.89181,0.0699793442121432,-4.9977305,-4.71926975,1.50538139491983,5.49378915260058,792.446999999986
"Y_hat[275]",-4.87316075526316,-4.88304,0.0682786459888572,-4.98472025,-4.7098,1.48025474404333,5.6250200958259,792.446999999986
"Y_hat[276]",-4.86177610087719,-4.87149,0.0663954825114635,-4.96899025,-4.6988595,1.45574209348056,5.78486223192714,792.446999999986
"Y_hat[277]",-4.84839363368421,-4.85724,0.0646510255537025,-4.95321,-4.686879,1.43337026242246,5.98096047548236,792.446999999986
"Y_hat[278]",-4.83377410947368,-4.84167,0.0634222745893448,-4.9378905,-4.67459975,1.40943375982974,6.21769539581984,792.446999999986
"Y_hat[279]",-4.8186804731579,-4.825765,0.0629136307889394,-4.92435025,-4.66211,1.38049335537811,6.54828185973042,792.446999999986
"Y_hat[280]",-4.80387548350877,-4.81019,0.0631439499460919,-4.91239,-4.65001925,1.34755513643226,6.98204863520564,792.446999999986
"Y_hat[281]",-4.79001916649123,-4.79557,0.064126557169156,-4.90269025,-4.63865925,1.31546222802628,7.48922360131185,792.446999999986
"Y_hat[282]",-4.77680977175439,-4.78169,0.0659758131693113,-4.896051,-4.62763975,1.28597803702562,8.0777774738604,792.446999999986
"Y_hat[283]",-4.76342034473684,-4.767645,0.0687396619410717,-4.8921405,-4.61559975,1.25654844768076,8.84655130689957,792.446999999986
"Y_hat[284]",-4.74901870175439,-4.75195,0.0722025291139306,-4.88984,-4.6013,1.22214286261872,10.060976073994,792.446999999986
"Y_hat[285]",-4.73277257666667,-4.73413,0.0759393563724007,-4.88738025,-4.58462975,1.18248230230053,12.1436910461621,792.446999999986
"Y_hat[286]",-4.71393110912281,-4.71357,0.0796393341974593,-4.88211,-4.5624995,1.14126883352221,16.0505569776711,792.446999999986
"Y_hat[287]",-4.69248690491228,-4.69102,0.0836501811321713,-4.8734715,-4.5307085,1.10972729389381,22.6112517661313,792.446999999986
"Y_hat[288]",-4.66883046087719,-4.668255,0.0886109182899802,-4.86064025,-4.4896795,1.0987082488663,28.2349739330707,792.446999999986
"Y_hat[289]",-4.15990479,-4.111715,0.150660042245625,-4.4308505,-3.93438875,2.05307330289898,3.98817422923146,792.446999999986
"Y_hat[290]",-4.16028422964912,-4.10947,0.140643712616012,-4.42374025,-3.961218,1.97009631760002,4.10496387985545,792.446999999986
"Y_hat[291]",-4.16473250947368,-4.114,0.129707595671527,-4.41711025,-3.98951975,1.88612253518124,4.24412026771382,792.446999999986
"Y_hat[292]",-4.1728102277193,-4.12558,0.11746584011823,-4.4103305,-4.0195495,1.81954413156407,4.36827314504455,792.446999999986
"Y_hat[293]",-4.18408678789474,-4.143275,0.103605705753336,-4.40265075,-4.05096975,1.78941266753304,4.41992896440094,792.446999999986
"Y_hat[294]",-4.19820176333333,-4.16633,0.0885330376741413,-4.3942205,-4.08242975,1.80303766487201,4.38239477445298,792.446999999986
"Y_hat[295]",-4.21482888982456,-4.193995,0.0731901761527514,-4.38550025,-4.1143895,1.81742007245184,4.34888621716814,792.446999999986
"Y_hat[296]",-4.23364205929825,-4.22218,0.0588981273732474,-4.37723075,-4.14656975,1.68371068398205,4.69457414020818,792.446999999986
"Y_hat[297]",-4.25431523807018,-4.24719,0.0476062315717603,-4.36992,-4.1789295,1.43295536934099,5.98102046371461,792.446999999986
"Y_hat[298]",-4.27650846824561,-4.27254,0.0419049554436494,-4.36684,-4.20375925,1.29325137261203,7.72019038990064,792.446999999986
"Y_hat[299]",-4.29977206403509,-4.300415,0.0435017556969376,-4.3813205,-4.21321975,1.31430063315021,7.36102288070497,792.446999999986
"Y_hat[300]",-4.3236041345614,-4.329045,0.0511156041828435,-4.414541,-4.21547975,1.44565342543811,5.89258128197674,792.446999999986
"Y_hat[301]",-4.3475024368421,-4.356445,0.062041101385219,-4.45301025,-4.21801925,1.60128985212717,5.04087177705472,792.446999999986
"Y_hat[302]",-4.37096480175439,-4.3841,0.0744774399099534,-4.49340025,-4.22182975,1.71069786447561,4.6502330542048,792.446999999986
"Y_hat[303]",-4.39349808192982,-4.4087,0.0877325694864843,-4.53728075,-4.22693975,1.80564687896443,4.39150935461772,792.446999999986
"Y_hat[304]",-4.41467980017544,-4.42565,0.101628911938308,-4.58328125,-4.23337,1.91709568168796,4.17395811208966,792.446999999986
"Y_hat[305]",-4.43412038438596,-4.436205,0.115834090417315,-4.63042,-4.24009975,2.01184622926464,4.03079921666712,792.446999999986
"Y_hat[306]",-4.45143044385965,-4.442465,0.129759509988651,-4.6754805,-4.24755975,2.0526322484386,3.97588908836993,792.446999999986
"Y_hat[307]",-4.46622064157895,-4.44595,0.142654269597172,-4.714921,-4.25456975,2.02510841685764,4.00959527208137,792.446999999986
"Y_hat[308]",-4.48735512333333,-4.446855,0.162816975701774,-4.7710205,-4.26233975,1.87247415117553,4.25243000817618,792.446999999986
"Y_hat[309]",-4.49393237701754,-4.500285,0.0859928646832097,-4.64035075,-4.313869,1.59043333003184,5.14094463652376,792.446999999986
"Y_hat[310]",-4.49119345175439,-4.49421,0.0745481914064456,-4.61961,-4.33493975,1.50554504224697,5.55608369350282,792.446999999986
"Y_hat[311]",-4.4880925877193,-4.486405,0.0656237077539378,-4.61074075,-4.35717975,1.45769777844417,5.84252221746888,792.446999999986
"Y_hat[312]",-4.48476004929825,-4.479505,0.0588961669266924,-4.60391025,-4.3768,1.38589556950148,6.46397377582183,792.446999999986
"Y_hat[313]",-4.48124222350877,-4.475395,0.0529038596224665,-4.59206,-4.38975,1.30930929943909,7.45790010386609,792.446999999986
"Y_hat[314]",-4.47700606263158,-4.473985,0.0475291649786492,-4.57456,-4.39367,1.25541666335392,8.53605591677365,792.446999999986
"Y_hat[315]",-4.47127412947368,-4.47194,0.0444438698237649,-4.55657,-4.38639975,1.22656131018974,9.37586363251136,792.446999999986
"Y_hat[316]",-4.46326811859649,-4.466245,0.0451181642572428,-4.54532,-4.36945,1.24154997649829,8.94228593548968,792.446999999986
"Y_hat[317]",-4.45220971192982,-4.45567,0.0489186067708675,-4.54148025,-4.34768925,1.33986242639554,7.00124083529239,792.446999999986
"Y_hat[318]",-4.43738188649123,-4.44076,0.0536295626145236,-4.5357,-4.3243195,1.49034921745181,5.57601599899402,792.446999999986
"Y_hat[319]",-4.41848129157895,-4.421515,0.057903579823199,-4.5252705,-4.2998995,1.644841602347,4.83881448645417,792.446999999986
"Y_hat[320]",-4.39537578122807,-4.39826,0.061392159956246,-4.50972,-4.27382975,1.76377424882592,4.48368630503933,792.446999999986
"Y_hat[321]",-4.3679335422807,-4.37033,0.063994866719252,-4.4882205,-4.24587925,1.81612718314495,4.36401107903554,792.446999999986
"Y_hat[322]",-4.33602290754386,-4.33765,0.0656514442204237,-4.45958,-4.21497975,1.79217982166418,4.42279283477896,792.446999999986
"Y_hat[323]",-4.29959684807018,-4.300795,0.0663996894870263,-4.4242205,-4.18051975,1.70978548001389,4.64321977179385,792.446999999986
"Y_hat[324]",-4.25916703508772,-4.2598,0.066515593061531,-4.38499075,-4.14176975,1.60572893049126,5.03298685919045,792.446999999986
"Y_hat[325]",-4.21547156473684,-4.21429,0.066328607254731,-4.34367025,-4.09873975,1.50771531644443,5.55630826620277,792.446999999986
"Y_hat[326]",-4.16924913070175,-4.16611,0.0660470783139855,-4.301951,-4.05210925,1.4145654910172,6.29047656828333,792.446999999986
"Y_hat[327]",-4.12123848438597,-4.1166,0.0657601113546742,-4.25694025,-4.00189975,1.31580915166217,7.58151088601235,792.446999999986
"Y_hat[328]",-4.07207911842105,-4.06708,0.0656671159120948,-4.21073025,-3.94848,1.21787994910995,10.3957213685908,792.446999999986
"Y_hat[329]",-4.02177061649123,-4.01773,0.0665818395073877,-4.16255,-3.89125925,1.14479824208979,16.8329700324781,792.446999999986
"Y_hat[330]",-3.97005848912281,-3.96827,0.0694140787818305,-4.11338375,-3.83086925,1.11390622158242,25.4166339576757,792.446999999986
"Y_hat[331]",-3.91668755263158,-3.91753,0.0746312403590974,-4.065701,-3.76574975,1.12600843848841,22.9068294593501,792.446999999986
"Y_hat[332]",-3.86140269473684,-3.86518,0.0822027669189822,-4.01977025,-3.69475,1.17394739332486,14.9087664659896,792.446999999986
"Y_hat[333]",-3.80405310245614,-3.810595,0.0918342205824526,-3.9767515,-3.6185995,1.24787204939009,10.0276464201196,792.446999999986
"Y_hat[334]",-3.07587698526316,-3.051755,0.0879924909666907,-3.22852025,-2.94023975,1.86845036379938,4.28749532373771,792.446999999986
"Y_hat[335]",-3.08964209508772,-3.069215,0.0710527087192615,-3.21586025,-2.98226975,1.79724959357034,4.43111516838085,792.446999999986
"Y_hat[336]",-3.1083007231579,-3.094535,0.0525663542803731,-3.20508025,-3.02798,1.71514897121598,4.63405327552683,792.446999999986
"Y_hat[337]",-3.12973461333333,-3.12457,0.0349940386762379,-3.1970505,-3.07092,1.5748505193802,5.15782940251992,792.446999999986
"Y_hat[338]",-3.15182487052632,-3.15187,0.0225486930833027,-3.19531025,-3.1078595,1.16289666144708,12.6858619173763,792.446999999986
"Y_hat[339]",-3.17245266894737,-3.17192,0.0209039286801558,-3.2149305,-3.13295,1.0611336983716,33.0363937104578,792.446999999986
"Y_hat[340]",-3.18980310684211,-3.189845,0.0260233838784377,-3.24013,-3.14045925,1.3536939158936,6.79480147048659,792.446999999986
"Y_hat[341]",-3.20377948157895,-3.20692,0.0311717621778524,-3.25847025,-3.14459,1.55783257288967,5.19388670788402,792.446999999986
"Y_hat[342]",-3.21488795894737,-3.220665,0.0346964719781176,-3.27254125,-3.15037975,1.60351768933213,4.99513594623156,792.446999999986
"Y_hat[343]",-3.22363513947368,-3.22917,0.0364059364107772,-3.28497,-3.15704975,1.59365266467047,5.08920646526812,792.446999999986
"Y_hat[344]",-3.23052789,-3.2341,0.0362852746509691,-3.29465,-3.16445,1.55337960394069,5.3492093155785,792.446999999986
"Y_hat[345]",-3.23602839105263,-3.23727,0.034484493530016,-3.29998075,-3.1728095,1.45383699146544,6.10257535601265,792.446999999986
"Y_hat[346]",-3.24035291842105,-3.24029,0.0320212173247293,-3.30238,-3.18077975,1.28968502349849,8.63438668555301,792.446999999986
"Y_hat[347]",-3.24363320982456,-3.24302,0.0304933657789914,-3.30418025,-3.18604975,1.12890188610198,20.0679140391289,792.446999999986
"Y_hat[348]",-3.24600087298246,-3.2455,0.0312633930359074,-3.3087705,-3.186,1.04624772854849,82.8470231004237,792.446999999986
"Y_hat[349]",-3.24758760719298,-3.2473,0.0345332236762675,-3.31649025,-3.17899,1.059571111983,63.9812819839519,792.446999999986
"Y_hat[350]",-3.24855985438596,-3.24902,0.039485895385418,-3.32590025,-3.1689695,1.13638601583134,17.8928853293933,792.446999999986
"Y_hat[351]",-3.24927263929825,-3.251155,0.045602193601671,-3.33635,-3.15716975,1.23472902870244,10.268383422852,792.446999999986
"Y_hat[352]",-3.25159341140351,-3.257,0.0605615763689835,-3.3556505,-3.13014,1.42799348705973,6.38743380839908,792.446999999986
"Y_hat[353]",-3.36579450280702,-3.33846,0.089464857745616,-3.50836,-3.2314,1.73934779276078,4.61224476379318,792.446999999986
"Y_hat[354]",-3.38862609561404,-3.366065,0.077152560371762,-3.51382025,-3.27118975,1.71090415928629,4.66761070824126,792.446999999986
"Y_hat[355]",-3.41338667017544,-3.396,0.064516928911682,-3.52088,-3.31312975,1.68001030912126,4.73174223676159,792.446999999986
"Y_hat[356]",-3.43924599754386,-3.427565,0.0521551523932334,-3.52923025,-3.35529975,1.64263396106797,4.85270418245112,792.446999999986
"Y_hat[357]",-3.46524537964912,-3.460175,0.0408130166533401,-3.53860025,-3.39488975,1.57545276742866,5.12390533215165,792.446999999986
"Y_hat[358]",-3.49042612052632,-3.490655,0.0314316431289053,-3.54839,-3.4306495,1.3892446031986,6.41390933696287,792.446999999986
"Y_hat[359]",-3.51382958298246,-3.51466,0.0251310834809275,-3.56116025,-3.46266975,1.13705331106976,14.5901480351126,792.446999999986
"Y_hat[360]",-3.53459305263158,-3.53443,0.0229345758986157,-3.57996025,-3.48976,1.03845644967566,63.6593738158604,792.446999999986
"Y_hat[361]",-3.5523199277193,-3.5517,0.025132272360389,-3.60254025,-3.5049,1.12036691290351,16.3032093724029,792.446999999986
"Y_hat[362]",-3.56675471912281,-3.56639,0.0305451971535117,-3.62663,-3.50874975,1.29201402395705,7.82162732338338,792.446999999986
"Y_hat[363]",-3.57764215508772,-3.578125,0.0375929193536135,-3.64885,-3.50694975,1.46529192080349,5.79692655199494,792.446999999986
"Y_hat[364]",-3.58472677245614,-3.58783,0.0453710220688431,-3.66639,-3.50034975,1.61270001213696,5.00416588786278,792.446999999986
"Y_hat[365]",-3.58777679280702,-3.59658,0.0537800133993959,-3.67917025,-3.4888895,1.7109439578597,4.66259529720773,792.446999999986
"Y_hat[366]",-3.58667317894737,-3.60272,0.0630920068666227,-3.68769025,-3.47314,1.76347210268714,4.50775021329684,792.446999999986
"Y_hat[367]",-3.58133017561404,-3.60416,0.073254872470923,-3.6932305,-3.45331,1.80683106659769,4.4090273026939,792.446999999986
"Y_hat[368]",-3.57166203877193,-3.60039,0.0838308323781563,-3.69625,-3.42987,1.83327902187335,4.37924107089689,792.446999999986
"Y_hat[369]",-3.55758301666667,-3.59213,0.0941927804656897,-3.69557025,-3.40315975,1.82021497981785,4.42270504844864,792.446999999986
"Y_hat[370]",-3.53906570877193,-3.578965,0.103724931449869,-3.68852025,-3.37295,1.77175501366375,4.53656808856102,792.446999999986
"Y_hat[371]",-3.51635361385965,-3.560195,0.111834703100845,-3.6757505,-3.34041,1.7190898417658,4.6761889385429,792.446999999986
"Y_hat[372]",-3.48976908122807,-3.5359,0.117859170591534,-3.65665025,-3.30686,1.68457188889505,4.77552365457583,792.446999999986
"Y_hat[373]",-3.45963433421053,-3.50557,0.121020640131144,-3.63079025,-3.2733095,1.67304526936809,4.81647814694623,792.446999999986
"Y_hat[374]",-3.42627160368421,-3.47068,0.120450905520221,-3.59754125,-3.24159,1.67982845751679,4.80328529438147,792.446999999986
"Y_hat[375]",-3.38997388245614,-3.43116,0.115562928563108,-3.55632025,-3.21286975,1.69763611216546,4.74625779096394,792.446999999986
"Y_hat[376]",-3.35090049491228,-3.387675,0.107185954393383,-3.5074805,-3.18649975,1.72038179473038,4.66062403147552,792.446999999986
"Y_hat[377]",-3.11857437894737,-3.12305,0.0501189467599879,-3.2111205,-3.04,1.5834250848963,5.13165008743553,792.446999999986
"Y_hat[378]",-3.06643130754386,-3.06589,0.0397179311144954,-3.14328075,-3.00238,1.48032148565101,5.67105159303391,792.446999999986
"Y_hat[379]",-3.0133581231579,-3.01097,0.0305232597183703,-3.07593025,-2.96139975,1.29345417306114,7.86405173727892,792.446999999986
"Y_hat[380]",-2.9598119722807,-2.95892,0.0235098161861721,-3.00851,-2.9137095,1.09915544263451,21.3540023383855,792.446999999986
"Y_hat[381]",-2.90636793,-2.90727,0.020525987678196,-2.94479025,-2.86264975,1.09011780696406,23.9302785433569,792.446999999986
"Y_hat[382]",-2.85411463385965,-2.854035,0.0228709675666253,-2.89739,-2.81056975,1.40133862135158,6.35313564071545,792.446999999986
"Y_hat[383]",-2.80428062649123,-2.79952,0.0283513302464771,-2.85854,-2.75704975,1.6845838997244,4.7070707773144,792.446999999986
"Y_hat[384]",-2.75809442719298,-2.7492,0.0340455626147,-2.82130025,-2.7052,1.80044609934525,4.40363783152845,792.446999999986
"Y_hat[385]",-2.71678450614035,-2.70537,0.0381082587181273,-2.78536,-2.65922975,1.84032757428956,4.3241402897419,792.446999999986
"Y_hat[386]",-2.68119696719298,-2.6685,0.0395668244098627,-2.75146025,-2.62249,1.81735133059228,4.36882913719995,792.446999999986
"Y_hat[387]",-2.65054617368421,-2.63822,0.0385389241025886,-2.71881025,-2.59397,1.76246266758577,4.48833527870171,792.446999999986
"Y_hat[388]",-2.62361171052632,-2.61348,0.0355085102956003,-2.68699,-2.57006975,1.71257998330988,4.62163371468928,792.446999999986
"Y_hat[389]",-2.59917299421053,-2.593095,0.0310379219858771,-2.65502025,-2.54887,1.67201065174096,4.74160766466723,792.446999999986
"Y_hat[390]",-2.57600954964912,-2.57493,0.0258591881582284,-2.62259,-2.52870975,1.52681746322833,5.35776689846702,792.446999999986
"Y_hat[391]",-2.55317345964912,-2.55406,0.021382676186207,-2.59247,-2.5097195,1.22467286622316,9.44719958019271,792.446999999986
"Y_hat[392]",-2.53085475192982,-2.53027,0.0205189378740473,-2.57438025,-2.49158,1.09506987285269,20.0265717985054,792.446999999986
"Y_hat[393]",-2.50954038947368,-2.50735,0.0253267702240084,-2.565,-2.46602,1.28278636328091,7.92258240779303,792.446999999986
"Y_hat[394]",-2.48971749280702,-2.48948,0.034297626727571,-2.55648025,-2.42936,1.62523147798092,4.90430644443405,792.446999999986
"Y_hat[395]",-2.47187302859649,-2.47923,0.0454321456252949,-2.54915,-2.39084975,1.77110654791749,4.46269037188689,792.446999999986
"Y_hat[396]",-2.45639684070175,-2.47271,0.0578272312447224,-2.5448,-2.3532795,1.76105586415288,4.48932053675963,792.446999999986
"Y_hat[397]",-2.44328162315789,-2.46746,0.0712431697921224,-2.54646,-2.3173,1.73904199448362,4.55461916777374,792.446999999986
"Y_hat[398]",-2.43241865473684,-2.46236,0.0855340843477255,-2.55530025,-2.28293,1.75593016609245,4.51211090807232,792.446999999986
"Y_hat[399]",-2.42369918649123,-2.45743,0.100605048325159,-2.5701,-2.25054,1.79952064673605,4.40156011197949,792.446999999986
"Y_hat[400]",-2.41701443105263,-2.45117,0.11651587767701,-2.59221025,-2.22016975,1.83830185658705,4.32502086392395,792.446999999986
