"X","t","mean","lower","upper","variable","date"
1,1,0.0153717698625912,0.0107430009846993,0.0202322600686997,"Pt","2020-12-30"
2,2,0.0152197661516106,0.0110684518297797,0.0195701754668352,"Pt","2020-12-31"
3,3,0.0150767795671495,0.0114729921693904,0.0189197731063119,"Pt","2021-01-01"
4,4,0.0149418665445528,0.0118301813493224,0.0182402079111438,"Pt","2021-01-02"
5,5,0.0148140084973093,0.0121143638679214,0.0176279599953088,"Pt","2021-01-03"
6,6,0.0146920924162637,0.0124444787756659,0.0170801240584419,"Pt","2021-01-04"
7,7,0.0145749318979222,0.0126927993234913,0.0165924496114924,"Pt","2021-01-05"
8,8,0.0144612061278831,0.0128842001162127,0.0161690334711755,"Pt","2021-01-06"
9,9,0.0143496546009877,0.0129674469970638,0.0157333023613378,"Pt","2021-01-07"
10,10,0.0142390406573664,0.013049607847852,0.0154607678870276,"Pt","2021-01-08"
11,11,0.0141281364335004,0.0130157867521508,0.0152363220626944,"Pt","2021-01-09"
12,12,0.0140145022752101,0.0129184453750566,0.0150678617507672,"Pt","2021-01-10"
13,13,0.0138915524355413,0.012845187245933,0.0149279866116486,"Pt","2021-01-11"
14,14,0.0137520781746565,0.0126513050489861,0.0148020381987563,"Pt","2021-01-12"
15,15,0.0135891570819917,0.0124561123038158,0.0147232749629149,"Pt","2021-01-13"
16,16,0.0133962544076349,0.0122025349768733,0.0146249074582948,"Pt","2021-01-14"
17,17,0.0131688611526342,0.0119185208696667,0.0144664001944772,"Pt","2021-01-15"
18,18,0.012907509280001,0.0115899617931123,0.0142404401462728,"Pt","2021-01-16"
19,19,0.0126138824547227,0.0112423450703464,0.0140397546646,"Pt","2021-01-17"
20,20,0.012289835397053,0.0108769089292987,0.013772722317036,"Pt","2021-01-18"
21,21,0.0119374025598293,0.0104904408133754,0.0134753389421612,"Pt","2021-01-19"
22,22,0.0115597979358382,0.0101075021103098,0.0131251497055712,"Pt","2021-01-20"
23,23,0.0111629492235234,0.00972427049280863,0.0127821014505759,"Pt","2021-01-21"
24,24,0.0107528566963303,0.00929429897093823,0.0124253530884157,"Pt","2021-01-22"
25,25,0.010334952473349,0.00892515941650627,0.0120348941916566,"Pt","2021-01-23"
26,26,0.0099140909957651,0.00853889008025172,0.0115497311979228,"Pt","2021-01-24"
27,27,0.00949459365451776,0.00816562668205027,0.011118439244973,"Pt","2021-01-25"
28,28,0.00908021046056102,0.00775897589788949,0.0106462536475896,"Pt","2021-01-26"
29,29,0.00867409561088375,0.00737403427246956,0.010212271157159,"Pt","2021-01-27"
30,30,0.00827878679851416,0.00701577961274589,0.00976801833762632,"Pt","2021-01-28"
31,31,0.00789626933048538,0.0066542987098458,0.00929646073427811,"Pt","2021-01-29"
32,32,0.00752810017717296,0.00636462177444704,0.00883911915811839,"Pt","2021-01-30"
33,33,0.00717551671899769,0.00605990870388599,0.00842418088730519,"Pt","2021-01-31"
34,34,0.00683945870032631,0.00576490243826954,0.00799834796453009,"Pt","2021-02-01"
35,35,0.00652056406781526,0.00550412695609575,0.00755816563892208,"Pt","2021-02-02"
36,36,0.00621921418253972,0.00525346830373513,0.00715306498687728,"Pt","2021-02-03"
37,37,0.00593566803473472,0.00503961800884364,0.00679879609246832,"Pt","2021-02-04"
38,38,0.00567015776591151,0.00482061695622172,0.00645172705321239,"Pt","2021-02-05"
39,39,0.00542273694856254,0.00462229257304466,0.00614092226978863,"Pt","2021-02-06"
40,40,0.00519326920390519,0.00446790877786038,0.00585308088701921,"Pt","2021-02-07"
41,41,0.00498147556197418,0.00433407821978228,0.00560492965633325,"Pt","2021-02-08"
42,42,0.00478656349121698,0.00417334668543898,0.00537282893231996,"Pt","2021-02-09"
43,43,0.00460687377719339,0.00403945099343591,0.00515850512253995,"Pt","2021-02-10"
44,44,0.0044407992751185,0.00391801796100514,0.00495343767324512,"Pt","2021-02-11"
45,45,0.00428687109220283,0.00380365996716774,0.00478104635361942,"Pt","2021-02-12"
46,46,0.00414374688441979,0.00367179446764698,0.00462879809636424,"Pt","2021-02-13"
47,47,0.00401020088752614,0.00355243864255034,0.00449264712706042,"Pt","2021-02-14"
48,48,0.00388509926848847,0.0034363311988391,0.00436766538653886,"Pt","2021-02-15"
49,49,0.00376740219942016,0.00332193389159269,0.00424753882332958,"Pt","2021-02-16"
50,50,0.00365614045307099,0.00320623322501446,0.00417167785444983,"Pt","2021-02-17"
51,51,0.00355041469016332,0.00308329612213489,0.00408917137684757,"Pt","2021-02-18"
52,52,0.00344943669415718,0.00297303080598772,0.00401254066777369,"Pt","2021-02-19"
53,53,0.00335253034792162,0.00286953032901617,0.00393797337209561,"Pt","2021-02-20"
54,54,0.0032590444168022,0.00274795204456824,0.00387855640754192,"Pt","2021-02-21"
55,55,0.00316833322491191,0.00263723021035495,0.0038361650873285,"Pt","2021-02-22"
56,56,0.00307977513137981,0.00253478215848883,0.00379295072019866,"Pt","2021-02-23"
57,57,0.00299304974952332,0.00243515506253848,0.00373045974189471,"Pt","2021-02-24"
58,58,0.00290828279869552,0.00234336744791315,0.00367864398088084,"Pt","2021-02-25"
59,59,0.0028256002054053,0.00224525371406761,0.00362498805147837,"Pt","2021-02-26"
60,60,0.00274507397048407,0.00217011893922589,0.00356867404290197,"Pt","2021-02-27"
61,61,0.00266674220560852,0.00209094680168065,0.00348754588961366,"Pt","2021-02-28"
62,62,0.00259069054893755,0.00202192019888603,0.00337832972662173,"Pt","2021-03-01"
63,63,0.00251707243131535,0.00194631726768442,0.00327856920055841,"Pt","2021-03-02"
64,64,0.00244600231015347,0.00188350707173338,0.00319564170378336,"Pt","2021-03-03"
65,65,0.00237753663438998,0.00181720103519277,0.00308437687804772,"Pt","2021-03-04"
66,66,0.00231168966444226,0.00175897797209143,0.00297871676811094,"Pt","2021-03-05"
67,67,0.00224846859528417,0.00171036922646663,0.00286992198196203,"Pt","2021-03-06"
68,68,0.0021878905509001,0.00166673017254594,0.00278411923952892,"Pt","2021-03-07"
69,69,0.00212995997342633,0.00161952121020762,0.00270684761682649,"Pt","2021-03-08"
70,70,0.0020746531869848,0.00158540658621514,0.0026177545378501,"Pt","2021-03-09"
71,71,0.00202192374532201,0.00156017828296994,0.00253117031339159,"Pt","2021-03-10"
72,72,0.00197178197987438,0.00154572894194433,0.00244438622371111,"Pt","2021-03-11"
73,73,0.0019243174953027,0.00152168871032881,0.00237527300067784,"Pt","2021-03-12"
74,74,0.0018795980277359,0.00150210701384545,0.00229036369307076,"Pt","2021-03-13"
75,75,0.00183765868760092,0.00148949379684552,0.00222261066400903,"Pt","2021-03-14"
76,76,0.00179850995111695,0.00145543285144998,0.00215304896618863,"Pt","2021-03-15"
77,77,0.00176208301301205,0.00144494935426427,0.00210047671051415,"Pt","2021-03-16"
78,78,0.00172822310653047,0.00142434280669948,0.00205277649213109,"Pt","2021-03-17"
79,79,0.00169677442479911,0.0013978385480001,0.00201134741029349,"Pt","2021-03-18"
80,80,0.00166757994441895,0.00137373416936401,0.00197537192422716,"Pt","2021-03-19"
81,81,0.00164048513401153,0.00135583708590395,0.00194974401372463,"Pt","2021-03-20"
82,82,0.00161528361442717,0.00133224059488431,0.00191817230763683,"Pt","2021-03-21"
83,83,0.0015917027451536,0.00130675020267152,0.00190191938255333,"Pt","2021-03-22"
84,84,0.00156946623454128,0.00128470992193621,0.00188451018313238,"Pt","2021-03-23"
85,85,0.0015482903233576,0.00125910755308083,0.00186879661842354,"Pt","2021-03-24"
86,86,0.00152788959644902,0.00123837638271524,0.00185783021351142,"Pt","2021-03-25"
87,87,0.0015080338862362,0.00121281984868236,0.00185522494992024,"Pt","2021-03-26"
88,88,0.00148855324227561,0.00118920583921702,0.00184742613360044,"Pt","2021-03-27"
89,89,0.00146927500433113,0.00115646902985914,0.00184515471318706,"Pt","2021-03-28"
90,90,0.00145001531190782,0.00112616773902888,0.00185342850424512,"Pt","2021-03-29"
91,91,0.00143058930029531,0.00110006117203433,0.00185694059518376,"Pt","2021-03-30"
92,92,0.00141091039562582,0.00108166815266527,0.00185583131023664,"Pt","2021-03-31"
93,93,0.00139099116301218,0.0010606756165104,0.00184318432110887,"Pt","2021-04-01"
94,94,0.00137084086816798,0.00103213075100984,0.00183072754807763,"Pt","2021-04-02"
95,95,0.00135045714621784,0.00101452476413875,0.00180496841368249,"Pt","2021-04-03"
96,96,0.00132983371745284,0.00099575169558037,0.00177742890988263,"Pt","2021-04-04"
97,97,0.00130899610834975,0.000971533039505755,0.00175383096823012,"Pt","2021-04-05"
98,98,0.0012879955072601,0.000953802003573124,0.00173905327236681,"Pt","2021-04-06"
99,99,0.00126687174175586,0.000935546124503205,0.00171575747180076,"Pt","2021-04-07"
100,100,0.00124564956459291,0.000920310119165213,0.00170919111646224,"Pt","2021-04-08"
101,101,0.0012243471840965,0.000899876778565863,0.00167260750807964,"Pt","2021-04-09"
102,102,0.00120299985843438,0.000890314319237148,0.00162995102134528,"Pt","2021-04-10"
103,103,0.00118165482725763,0.000871934338470174,0.00159328048443817,"Pt","2021-04-11"
104,104,0.00116034821438661,0.000857137029776018,0.00156094201634881,"Pt","2021-04-12"
105,105,0.00113910089952444,0.000849008303510906,0.00151678807512243,"Pt","2021-04-13"
106,106,0.00111793134600665,0.00083534018279942,0.00146823834367096,"Pt","2021-04-14"
107,107,0.00109697490994921,0.000825424255181098,0.00143595247739037,"Pt","2021-04-15"
108,108,0.0010764482978839,0.000816347162273431,0.00140825260703923,"Pt","2021-04-16"
109,109,0.00105653626144305,0.000804097194343,0.00138270485752824,"Pt","2021-04-17"
110,110,0.00103738871722752,0.000793998212049614,0.00134550719100857,"Pt","2021-04-18"
111,111,0.00101912848729631,0.000781210113441039,0.00131484052184672,"Pt","2021-04-19"
112,112,0.00100182898430277,0.000772644242710487,0.0012903899080306,"Pt","2021-04-20"
113,113,0.000985531734329144,0.000763595818220063,0.0012730838669587,"Pt","2021-04-21"
114,114,0.000970271061902796,0.00075148479394155,0.00124741165800349,"Pt","2021-04-22"
115,115,0.000956070821891492,0.000743813101805437,0.00122691979143044,"Pt","2021-04-23"
116,116,0.000942943812506232,0.000732055759090826,0.00120618177934736,"Pt","2021-04-24"
117,117,0.000930842352253225,0.000719169913021019,0.00118968798222424,"Pt","2021-04-25"
118,118,0.000919675728228661,0.000709228497239885,0.00116840386657152,"Pt","2021-04-26"
119,119,0.000909347972415989,0.000694437354221521,0.00116248970091992,"Pt","2021-04-27"
120,120,0.000899756856855228,0.000687423378766942,0.00114624479135727,"Pt","2021-04-28"
121,121,0.00089080772798234,0.000676386222012546,0.00114570886141151,"Pt","2021-04-29"
122,122,0.000882520231375424,0.000660962896097573,0.00114034361841993,"Pt","2021-04-30"
123,123,0.00087498625208248,0.000647200597028015,0.00113336764874835,"Pt","2021-05-01"
124,124,0.000868287136723655,0.000635180673440103,0.00112277408102247,"Pt","2021-05-02"
125,125,0.000862490624391386,0.000628364772866743,0.00112381928844191,"Pt","2021-05-03"
126,126,0.000857655220273402,0.000622701291365296,0.0011275000155563,"Pt","2021-05-04"
127,127,0.000853829834670033,0.000613120625769363,0.0011288034579506,"Pt","2021-05-05"
128,128,0.000851059164660931,0.000603004913769107,0.00112978897902232,"Pt","2021-05-06"
129,129,0.000849385174886279,0.000597370377708185,0.00113661817797346,"Pt","2021-05-07"
130,130,0.000848846537192899,0.000594912347895323,0.00113236750157174,"Pt","2021-05-08"
131,131,0.000849484981161701,0.000595474223889546,0.00113313293279032,"Pt","2021-05-09"
132,132,0.000851361592683431,0.000593600671017658,0.00113986570226798,"Pt","2021-05-10"
133,133,0.000854548660901059,0.000590566196904223,0.00114588765611782,"Pt","2021-05-11"
134,134,0.000859116634345404,0.000587042279070378,0.00115374152270026,"Pt","2021-05-12"
135,135,0.000865133366013916,0.000587173251976277,0.00116346294008306,"Pt","2021-05-13"
136,136,0.000872671183970511,0.000586406380940783,0.00116929355448406,"Pt","2021-05-14"
137,137,0.000881823208634517,0.000593625466223583,0.00117678176164107,"Pt","2021-05-15"
138,138,0.000892697537868026,0.000606578540326619,0.00119125368896254,"Pt","2021-05-16"
139,139,0.000905406035622187,0.000622424390708367,0.00120695851228096,"Pt","2021-05-17"
140,140,0.000920063895691915,0.00062961922404253,0.00122290770247604,"Pt","2021-05-18"
141,141,0.000936795072825971,0.00064311316535445,0.00124104087209283,"Pt","2021-05-19"
142,142,0.000955728582989809,0.000663642963109406,0.00126864400826787,"Pt","2021-05-20"
143,143,0.000977004394332984,0.000685943014177221,0.00129223400569311,"Pt","2021-05-21"
144,144,0.00100077380417449,0.000712571277929202,0.00131659788616204,"Pt","2021-05-22"
145,145,0.00102719741287999,0.000738358142269983,0.00133375275105442,"Pt","2021-05-23"
146,146,0.00105644091717238,0.000772678974608566,0.00134991386474992,"Pt","2021-05-24"
147,147,0.00108861188166362,0.000807023515058073,0.00137037714678505,"Pt","2021-05-25"
148,148,0.00112378380783649,0.000850717569317951,0.00140214818228034,"Pt","2021-05-26"
149,149,0.0011620169992308,0.000897361526328267,0.00143529039149361,"Pt","2021-05-27"
150,150,0.00120335130765775,0.000943192902215297,0.00146932574755967,"Pt","2021-05-28"
151,151,0.00124781751920054,0.000999640529127541,0.00152741945437667,"Pt","2021-05-29"
152,152,0.00129551321068401,0.0010561389595989,0.00158398069383974,"Pt","2021-05-30"
153,153,0.00134657439414117,0.00110260194776353,0.00165200665189907,"Pt","2021-05-31"
154,154,0.00140113490810641,0.00114166394362655,0.00171150828044315,"Pt","2021-06-01"
155,155,0.00145931914608042,0.00118114129695165,0.00178612094082137,"Pt","2021-06-02"
156,156,0.00152124161596495,0.00122372517180296,0.00188043022588382,"Pt","2021-06-03"
157,157,0.00158699786377722,0.00127056054751044,0.00197911037464459,"Pt","2021-06-04"
158,158,0.00165665698822678,0.00132378632605156,0.00209069949250282,"Pt","2021-06-05"
159,159,0.00173024999812439,0.00137500587437388,0.00219470225789456,"Pt","2021-06-06"
160,160,0.00180776284227418,0.00141875530712895,0.00229693272063074,"Pt","2021-06-07"
161,161,0.00188916046071306,0.00146393935518761,0.00241306431732275,"Pt","2021-06-08"
162,162,0.0019744959562997,0.00152462379900595,0.00254354284271163,"Pt","2021-06-09"
163,163,0.0020638539582024,0.0015915046719735,0.0026661414716055,"Pt","2021-06-10"
164,164,0.00215729464280017,0.00166024157382174,0.00279522948895276,"Pt","2021-06-11"
165,165,0.00225484496932278,0.00173872588631669,0.00291915805131706,"Pt","2021-06-12"
166,166,0.0023565171786768,0.00181583867368882,0.00305859266134941,"Pt","2021-06-13"
167,167,0.00246237360500301,0.00189374954246651,0.00318885933518936,"Pt","2021-06-14"
168,168,0.00257247535319406,0.00197875661184863,0.00335097240704864,"Pt","2021-06-15"
169,169,0.00268683507967691,0.00208274334794912,0.00347972575704124,"Pt","2021-06-16"
170,170,0.00280540736743376,0.00217905343158711,0.00360682488002519,"Pt","2021-06-17"
171,171,0.00292811701795581,0.00228601250675678,0.00373625892798027,"Pt","2021-06-18"
172,172,0.00305494632036681,0.0023937268762819,0.00387898965366168,"Pt","2021-06-19"
173,173,0.00318589040458357,0.00249588717783841,0.0040066524991837,"Pt","2021-06-20"
174,174,0.00332090538349702,0.0026285235163479,0.00416048203976251,"Pt","2021-06-21"
175,175,0.00345989206528653,0.00276574541950466,0.00428455618122718,"Pt","2021-06-22"
176,176,0.00360272305913348,0.00289679939687764,0.00441563239664341,"Pt","2021-06-23"
177,177,0.00374934070480204,0.00303933107106552,0.00454852256644351,"Pt","2021-06-24"
178,178,0.0038996916317274,0.00319233560483249,0.00465929152104906,"Pt","2021-06-25"
179,179,0.00405367198841865,0.00334541290116522,0.00480759605306845,"Pt","2021-06-26"
180,180,0.00421111999340521,0.00353329186780153,0.004928308167241,"Pt","2021-06-27"
181,181,0.00437185230844444,0.00370968902680924,0.00506111823195455,"Pt","2021-06-28"
182,182,0.00453573517738574,0.00387916642975786,0.00520009833577906,"Pt","2021-06-29"
183,183,0.00470261213130499,0.00407576757121828,0.00535111676521554,"Pt","2021-06-30"
184,184,0.00487224829997781,0.00424952490559263,0.00551158398788718,"Pt","2021-07-01"
185,185,0.00504432242348398,0.0044038628229883,0.00567258403015657,"Pt","2021-07-02"
186,186,0.00521860753387733,0.00460627536262145,0.00585848729090492,"Pt","2021-07-03"
187,187,0.00539552191452418,0.00476720055905596,0.00602596579663588,"Pt","2021-07-04"
188,188,0.00557574010964808,0.00493560120525803,0.00621546532187422,"Pt","2021-07-05"
189,189,0.00576001633760105,0.00508385366136872,0.00645962854572881,"Pt","2021-07-06"
190,190,0.00594918895550706,0.0052193091708193,0.006728853164275,"Pt","2021-07-07"
191,191,0.00614413693773219,0.00536459029629096,0.00702788399377155,"Pt","2021-07-08"
192,192,0.00634554286603084,0.00547779806347662,0.0073900112266866,"Pt","2021-07-09"
193,193,0.00655409016839998,0.00557149900193506,0.00776473400564343,"Pt","2021-07-10"
194,194,0.00677050457516918,0.00564903056276861,0.00815627850471106,"Pt","2021-07-11"
195,195,0.00699555920405276,0.00566357691398843,0.00860174796900344,"Pt","2021-07-12"
196,1,NA,NA,NA,"rt","2020-12-30"
197,2,-0.00704522257979875,-0.0463099837581695,0.0389692226622438,"rt","2020-12-31"
198,3,-0.00703425709965692,-0.0447629886338491,0.0373934408570538,"rt","2021-01-01"
199,4,-0.00703201044878462,-0.0438047270318482,0.03506807566294,"rt","2021-01-02"
200,5,-0.00703838162384109,-0.041947469944909,0.0315277853439464,"rt","2021-01-03"
201,6,-0.0070532877492693,-0.0373292404665157,0.0278435832285411,"rt","2021-01-04"
202,7,-0.00708368038758153,-0.0348660710426222,0.0250446380538778,"rt","2021-01-05"
203,8,-0.00715496614408887,-0.0327232389202732,0.0235484885847314,"rt","2021-01-06"
204,9,-0.00727300169636124,-0.0314896696712884,0.0220702992102672,"rt","2021-01-07"
205,10,-0.00743779185896494,-0.0306187334331126,0.0191043423480421,"rt","2021-01-08"
206,11,-0.00764937081059158,-0.0288326999505393,0.0155873689011881,"rt","2021-01-09"
207,12,-0.00800281877268178,-0.0276802732388028,0.0131857673142173,"rt","2021-01-10"
208,13,-0.00881924962355413,-0.0278435328998321,0.0116368195726818,"rt","2021-01-11"
209,14,-0.0101666524054881,-0.028680407241614,0.00901281152345427,"rt","2021-01-12"
210,15,-0.0120453305925321,-0.0294690121025637,0.00617243890191098,"rt","2021-01-13"
211,16,-0.0144556845248166,-0.0304922617190793,0.00293280535594233,"rt","2021-01-14"
212,17,-0.017294446993403,-0.0331946563891565,0.00017391892289428,"rt","2021-01-15"
213,18,-0.0202375839564385,-0.0363567435467081,-0.00287731588115063,"rt","2021-01-16"
214,19,-0.0232221462918879,-0.0396879009832005,-0.00580813342764173,"rt","2021-01-17"
215,20,-0.0262482912094845,-0.0422063108650023,-0.00918254934709073,"rt","2021-01-18"
216,21,-0.0293161391566672,-0.0450609181067053,-0.0129149493358818,"rt","2021-01-19"
217,22,-0.0323508265855683,-0.0482727931873739,-0.0157298151801891,"rt","2021-01-20"
218,23,-0.0351353279886938,-0.051713460515116,-0.0184529699974564,"rt","2021-01-21"
219,24,-0.0376302127913071,-0.054976120508768,-0.021923724222034,"rt","2021-01-22"
220,25,-0.039834876459781,-0.0588073161877145,-0.0242084057867448,"rt","2021-01-23"
221,26,-0.041748758905874,-0.060940017940361,-0.025666788011057,"rt","2021-01-24"
222,27,-0.0433814473925378,-0.064631702610741,-0.027982573156658,"rt","2021-01-25"
223,28,-0.0447593435774686,-0.0669470375950431,-0.0293066319250958,"rt","2021-01-26"
224,29,-0.045886277517362,-0.0682252618655906,-0.0312449680641738,"rt","2021-01-27"
225,30,-0.0467616311295207,-0.0671746522972671,-0.0321671075942209,"rt","2021-01-28"
226,31,-0.0473849083844032,-0.0663864489546055,-0.0331810498201274,"rt","2021-01-29"
227,32,-0.0477665805371078,-0.0647047776238726,-0.0332910641680255,"rt","2021-01-30"
228,33,-0.0479332241038996,-0.0642318050540285,-0.0333787491411891,"rt","2021-01-31"
229,34,-0.0478886179828734,-0.0650690746968552,-0.0330497635194312,"rt","2021-02-01"
230,35,-0.0476324645912061,-0.063753475160555,-0.0326966902329083,"rt","2021-02-02"
231,36,-0.0471645099050046,-0.064374144604563,-0.0330011178357114,"rt","2021-02-03"
232,37,-0.0464807105518393,-0.0643318543071141,-0.0309565056573825,"rt","2021-02-04"
233,38,-0.0455719787865291,-0.0641106640365211,-0.027676241112156,"rt","2021-02-05"
234,39,-0.0444368637889688,-0.0627789952655007,-0.0259239648688708,"rt","2021-02-06"
235,40,-0.0430751847065165,-0.0610475215612813,-0.024288689833563,"rt","2021-02-07"
236,41,-0.041487396751307,-0.05915311159187,-0.0230994103805722,"rt","2021-02-08"
237,42,-0.0397733838228763,-0.0564982207520198,-0.020365798490441,"rt","2021-02-09"
238,43,-0.0381461860496078,-0.0551685201814569,-0.0182463504198754,"rt","2021-02-10"
239,44,-0.0366332859637206,-0.054172801179348,-0.0170826039201278,"rt","2021-02-11"
240,45,-0.0352348137630741,-0.0524753794936142,-0.0157563961533865,"rt","2021-02-12"
241,46,-0.0339509802698486,-0.0508568797998027,-0.0146102646735991,"rt","2021-02-13"
242,47,-0.0327926307998677,-0.0498073440545675,-0.0124026804019725,"rt","2021-02-14"
243,48,-0.0317810722647985,-0.049603873431793,-0.0102310118197335,"rt","2021-02-15"
244,49,-0.030918880791231,-0.0493896618540477,-0.00891356477900292,"rt","2021-02-16"
245,50,-0.0302061228363826,-0.048413023843402,-0.00778115823773698,"rt","2021-02-17"
246,51,-0.0296428415996324,-0.0482380197960651,-0.00639715383490878,"rt","2021-02-18"
247,52,-0.0292261167618679,-0.0485954084484557,-0.00418262555282557,"rt","2021-02-19"
248,53,-0.0289504621147317,-0.0491652667023572,-0.00374178385036505,"rt","2021-02-20"
249,54,-0.0288152926888302,-0.0498539754597436,-0.00496094752389844,"rt","2021-02-21"
250,55,-0.0288206145676059,-0.0495952257791654,-0.00592784229212683,"rt","2021-02-22"
251,56,-0.0289655568933304,-0.0498862144449933,-0.00658801528773942,"rt","2021-02-23"
252,57,-0.029178463781793,-0.0494621957082802,-0.00689526337594976,"rt","2021-02-24"
253,58,-0.029336595601145,-0.050681738867167,-0.00741843351602122,"rt","2021-02-25"
254,59,-0.0294278619369888,-0.051628477159657,-0.00829167765600326,"rt","2021-02-26"
255,60,-0.0294522101828712,-0.0513167817201576,-0.00986863600857226,"rt","2021-02-27"
256,61,-0.0294095399504795,-0.0512562195493365,-0.0119891138897792,"rt","2021-02-28"
257,62,-0.0292949875816436,-0.0511018187831161,-0.0117743538478471,"rt","2021-03-01"
258,63,-0.029100770959406,-0.0508766632725695,-0.0117767768107008,"rt","2021-03-02"
259,64,-0.0288261424513172,-0.0511593395072945,-0.0115380911694041,"rt","2021-03-03"
260,65,-0.0284710447779986,-0.0499864125041514,-0.012010387408106,"rt","2021-03-04"
261,66,-0.0280358457510888,-0.0494558406231921,-0.0124288469453132,"rt","2021-03-05"
262,67,-0.0275420380378629,-0.0494158098487608,-0.011556331171155,"rt","2021-03-06"
263,68,-0.0270215092858735,-0.0494067347589707,-0.0100438752404335,"rt","2021-03-07"
264,69,-0.0264768212323292,-0.0487293331601844,-0.00861070326670138,"rt","2021-03-08"
265,70,-0.0259079440887354,-0.0476448709472243,-0.00710019438988672,"rt","2021-03-09"
266,71,-0.0253142744009023,-0.0461650499592773,-0.00566694496143353,"rt","2021-03-10"
267,72,-0.0246696430884526,-0.0466963426609965,-0.00402279622500179,"rt","2021-03-11"
268,73,-0.0239378637730274,-0.0462199691523563,-0.0019757729304059,"rt","2021-03-12"
269,74,-0.0231162542887753,-0.0446250522450579,-0.000211225597408864,"rt","2021-03-13"
270,75,-0.0222047829159273,-0.0441080067212516,0.00107614266758652,"rt","2021-03-14"
271,76,-0.0212047754745828,-0.0423134922322879,0.00189348133953565,"rt","2021-03-15"
272,77,-0.0201675333350978,-0.0410553794829825,0.00245914088835169,"rt","2021-03-16"
273,78,-0.0191591668726698,-0.0410167840499992,0.00401402516792183,"rt","2021-03-17"
274,79,-0.0181840413267067,-0.0405945838481917,0.00625163592182109,"rt","2021-03-18"
275,80,-0.0172421553080332,-0.0385554582359156,0.00761953816740826,"rt","2021-03-19"
276,81,-0.0163350465060657,-0.0386229078262488,0.00868231182370921,"rt","2021-03-20"
277,82,-0.0155129470756128,-0.0393856220749615,0.0102748402945537,"rt","2021-03-21"
278,83,-0.0148361955209025,-0.0388202805588577,0.0124622280310763,"rt","2021-03-22"
279,84,-0.0143083624947126,-0.0377260627125357,0.0131782410507856,"rt","2021-03-23"
280,85,-0.0139294398441689,-0.0370977228810616,0.013707357770804,"rt","2021-03-24"
281,86,-0.0136986642202195,-0.0355662216752037,0.013951922426583,"rt","2021-03-25"
282,87,-0.0135943038606796,-0.0348395370258324,0.0118581885311187,"rt","2021-03-26"
283,88,-0.0135919983442212,-0.0349065506889777,0.0125486172698197,"rt","2021-03-27"
284,89,-0.0136904491372151,-0.0352355090821688,0.011909536392667,"rt","2021-03-28"
285,90,-0.0138896451247122,-0.0337061425219878,0.0105264517244152,"rt","2021-03-29"
286,91,-0.0141875260466083,-0.034005535070133,0.00964807472548318,"rt","2021-03-30"
287,92,-0.0145327514625601,-0.0338977668862342,0.00881463367868313,"rt","2021-03-31"
288,93,-0.0148716522416574,-0.0343236432075192,0.00845059598082618,"rt","2021-04-01"
289,94,-0.0152016945326352,-0.0344837653946154,0.00772412135046618,"rt","2021-04-02"
290,95,-0.015522867116833,-0.0349177780100971,0.00498654497645314,"rt","2021-04-03"
291,96,-0.0158349869211822,-0.0351616607844531,0.00437237745110283,"rt","2021-04-04"
292,97,-0.0161340762410875,-0.0362114104173202,0.00366980877707577,"rt","2021-04-05"
293,98,-0.0164162451877203,-0.0377115381771388,0.00373226390846134,"rt","2021-04-06"
294,99,-0.0166813174269724,-0.0379941157016943,0.00365880652150436,"rt","2021-04-07"
295,100,-0.016929278693068,-0.0381779432958418,0.00357173556302068,"rt","2021-04-08"
296,101,-0.0171606394353458,-0.038768899506177,0.00198916918369536,"rt","2021-04-09"
297,102,-0.0173854269466057,-0.0397965823776696,0.00211970729805941,"rt","2021-04-10"
298,103,-0.0176127493965203,-0.0405410998310784,0.00226231449644179,"rt","2021-04-11"
299,104,-0.0178429241764692,-0.0434675599509193,0.00227168632616547,"rt","2021-04-12"
300,105,-0.0180759363799012,-0.0441440573051142,0.00214329952968402,"rt","2021-04-13"
301,106,-0.0183069447156283,-0.0453803786806533,0.00135833552478413,"rt","2021-04-14"
302,107,-0.0184518619431124,-0.0458535023176654,0.00176485746140248,"rt","2021-04-15"
303,108,-0.0184393490865609,-0.0455541566839924,0.00245986830719293,"rt","2021-04-16"
304,109,-0.0182671104802805,-0.0460519460441737,0.00260315499982408,"rt","2021-04-17"
305,110,-0.0179351130442922,-0.045843462310674,0.00379206985139155,"rt","2021-04-18"
306,111,-0.0174465366940093,-0.0445098730353804,0.00470523484230137,"rt","2021-04-19"
307,112,-0.0168512588239747,-0.0439982269911872,0.00419416111624434,"rt","2021-04-20"
308,113,-0.0161887256081598,-0.0424974811591912,0.00529180208146931,"rt","2021-04-21"
309,114,-0.0154600053694772,-0.0408610097829566,0.00557384946290468,"rt","2021-04-22"
310,115,-0.0146650876088329,-0.0405615687184079,0.00716598265174848,"rt","2021-04-23"
311,116,-0.0138094199238348,-0.0400742826801075,0.00874700270691301,"rt","2021-04-24"
312,117,-0.0129695085164606,-0.0397143003211327,0.0109467737463539,"rt","2021-04-25"
313,118,-0.0122017528841325,-0.0390400741570035,0.0121316241722897,"rt","2021-04-26"
314,119,-0.0115074608653408,-0.0381759142464684,0.0132381521714803,"rt","2021-04-27"
315,120,-0.0108866266880373,-0.0381273097516608,0.0130243735146709,"rt","2021-04-28"
316,121,-0.0103307559955171,-0.0366648437371537,0.0119140430260952,"rt","2021-04-29"
317,122,-0.00973213148673515,-0.0357514775853446,0.013953920687436,"rt","2021-04-30"
318,123,-0.00901674287121198,-0.0359894960034735,0.0154521051367988,"rt","2021-05-01"
319,124,-0.00818312396282137,-0.0359881985664046,0.0150384589803656,"rt","2021-05-02"
320,125,-0.00723126174359679,-0.0343609801078267,0.0143254135939427,"rt","2021-05-03"
321,126,-0.00616319535045607,-0.0330900124362448,0.0144117335054132,"rt","2021-05-04"
322,127,-0.00500243627791418,-0.0319586380757247,0.0165157330419295,"rt","2021-05-05"
323,128,-0.0037640276950071,-0.0300756008054135,0.0173278366182409,"rt","2021-05-06"
324,129,-0.00244821100272199,-0.0275575179830191,0.0186044580736558,"rt","2021-05-07"
325,130,-0.00105498360006593,-0.0255773476549924,0.0197582433701653,"rt","2021-05-08"
326,131,0.000414887949374517,-0.0227702413466057,0.0205568130299637,"rt","2021-05-09"
327,132,0.00195342676952641,-0.0231894024477221,0.0236039418003435,"rt","2021-05-10"
328,133,0.00355588476985313,-0.0214311112740528,0.0250706963922005,"rt","2021-05-11"
329,134,0.00522220196760171,-0.0196750457070904,0.026009838463812,"rt","2021-05-12"
330,135,0.0069523801160164,-0.017334238758807,0.0270692716054423,"rt","2021-05-13"
331,136,0.00874582381171835,-0.0130966349348328,0.0282733343085053,"rt","2021-05-14"
332,137,0.010596905723144,-0.012495277463719,0.031397847439862,"rt","2021-05-15"
333,138,0.0125025071147215,-0.0107762492229973,0.0333150691352582,"rt","2021-05-16"
334,139,0.0144625923304852,-0.00836810362292111,0.0357379784951149,"rt","2021-05-17"
335,140,0.0164771569358618,-0.00527775676191176,0.0381391165659292,"rt","2021-05-18"
336,141,0.0185415284841377,-0.00241093526751843,0.0402644527640306,"rt","2021-05-19"
337,142,0.0206151044562761,-0.000541913747020903,0.0441566117343141,"rt","2021-05-20"
338,143,0.0226769594669097,0.00146717866566746,0.0476554087417145,"rt","2021-05-21"
339,144,0.0247269103041589,0.00268447410766295,0.05054018910111,"rt","2021-05-22"
340,145,0.026764946927206,0.00465238863403709,0.0534166428058411,"rt","2021-05-23"
341,146,0.0287791867848176,0.00643165122713849,0.0548429531286169,"rt","2021-05-24"
342,147,0.0306749634536219,0.00795825630520444,0.0578790932762333,"rt","2021-05-25"
343,148,0.0324069725308559,0.00858877531491303,0.060163244572484,"rt","2021-05-26"
344,149,0.0339749469132493,0.0102155201230804,0.0618565357462821,"rt","2021-05-27"
345,150,0.0353789079878742,0.0118361371831054,0.0631513810008212,"rt","2021-05-28"
346,151,0.0366252651514746,0.0127397340317071,0.0645636918790235,"rt","2021-05-29"
347,152,0.0377608042144747,0.0147606502619553,0.06666100121652,"rt","2021-05-30"
348,153,0.0388063101021152,0.0160585584939311,0.066605256281264,"rt","2021-05-31"
349,154,0.0397618823864773,0.0174174916215177,0.0670426113595179,"rt","2021-06-01"
350,155,0.0406275312613044,0.0193703654445602,0.066904611043342,"rt","2021-06-02"
351,156,0.0414016956994695,0.0208636187014453,0.067853017241377,"rt","2021-06-03"
352,157,0.0420738478468766,0.0212966976923183,0.0688326906486253,"rt","2021-06-04"
353,158,0.0426396732750608,0.021807363979461,0.0687712456702791,"rt","2021-06-05"
354,159,0.0430992006132627,0.0230530695725221,0.0686978010230425,"rt","2021-06-06"
355,160,0.0434524753707318,0.0236313642374091,0.0669827934211995,"rt","2021-06-07"
356,161,0.0437044871327007,0.0243845592503816,0.0659653984643866,"rt","2021-06-08"
357,162,0.0438859067183238,0.0247928689514647,0.06563802803002,"rt","2021-06-09"
358,163,0.0440084565761836,0.0240620012111451,0.0655840700560385,"rt","2021-06-10"
359,164,0.0440721892835139,0.0245697573923979,0.0658745916694505,"rt","2021-06-11"
360,165,0.0440771384346119,0.026225293103939,0.0646187500882342,"rt","2021-06-12"
361,166,0.0440251454392404,0.0258013442963314,0.0639990172672363,"rt","2021-06-13"
362,167,0.0439265960154001,0.0261408016593718,0.0644149260795008,"rt","2021-06-14"
363,168,0.0437851911510183,0.0260106098804011,0.0641479744372961,"rt","2021-06-15"
364,169,0.0436009900692949,0.0253343030620774,0.0634175705464118,"rt","2021-06-16"
365,170,0.0433740507076158,0.0257068268318203,0.06283067030191,"rt","2021-06-17"
366,171,0.0431032555607287,0.024831950444178,0.0627175365596226,"rt","2021-06-18"
367,172,0.042782567032045,0.0229729898325322,0.0631616109029922,"rt","2021-06-19"
368,173,0.0424100282951489,0.0233084120686893,0.0633674337655803,"rt","2021-06-20"
369,174,0.0419856855168496,0.0223151453936621,0.0622852658367655,"rt","2021-06-21"
370,175,0.041509595884923,0.0214753023022861,0.061257725706872,"rt","2021-06-22"
371,176,0.0409849121945358,0.020802139130009,0.0603786563758818,"rt","2021-06-23"
372,177,0.0404267281339679,0.0186064395973854,0.0604417715668676,"rt","2021-06-24"
373,178,0.0398396351196524,0.0178710929615752,0.0605750061086475,"rt","2021-06-25"
374,179,0.0392236914328864,0.0167490902465659,0.0600762256339596,"rt","2021-06-26"
375,180,0.0385789532697041,0.0161848482719343,0.0586228670791158,"rt","2021-06-27"
376,181,0.0379053240028772,0.0165606290345925,0.0592722982532633,"rt","2021-06-28"
377,182,0.0372022787219835,0.0156212201826734,0.0585830474801411,"rt","2021-06-29"
378,183,0.0364697231104415,0.0141864387207828,0.0584418099894849,"rt","2021-06-30"
379,184,0.0357077445078496,0.0139468772349067,0.0564339516290218,"rt","2021-07-01"
380,185,0.0349164268490282,0.0140722622857708,0.0552181885267519,"rt","2021-07-02"
381,186,0.0341210216213693,0.012627048839804,0.054465447090846,"rt","2021-07-03"
382,187,0.0334254966101583,0.0106209792798011,0.05422327458544,"rt","2021-07-04"
383,188,0.0328565786430275,0.00862795744475124,0.055081710889266,"rt","2021-07-05"
384,189,0.0324141910612105,0.00829625242530174,0.0560681532023206,"rt","2021-07-06"
385,190,0.0320982392968913,0.00708278307958562,0.0564201404310369,"rt","2021-07-07"
386,191,0.0318909930890481,0.00553519803544352,0.0573493235147057,"rt","2021-07-08"
387,192,0.0317253765325091,0.00327205236878023,0.059353480630294,"rt","2021-07-09"
388,193,0.0315853934161435,0.000806521035789478,0.0604906780265745,"rt","2021-07-10"
389,194,0.0314710045779851,-0.00219945852056153,0.0610266540844758,"rt","2021-07-11"
390,195,0.0313821502779289,-0.00478908480958464,0.0629372104345914,"rt","2021-07-12"
391,1,NA,NA,NA,"Rt","2020-12-30"
392,2,NA,NA,NA,"Rt","2020-12-31"
393,3,NA,NA,NA,"Rt","2021-01-01"
394,4,NA,NA,NA,"Rt","2021-01-02"
395,5,NA,NA,NA,"Rt","2021-01-03"
396,6,NA,NA,NA,"Rt","2021-01-04"
397,7,NA,NA,NA,"Rt","2021-01-05"
398,8,NA,NA,NA,"Rt","2021-01-06"
399,9,NA,NA,NA,"Rt","2021-01-07"
400,10,NA,NA,NA,"Rt","2021-01-08"
401,11,NA,NA,NA,"Rt","2021-01-09"
402,12,NA,NA,NA,"Rt","2021-01-10"
403,13,NA,NA,NA,"Rt","2021-01-11"
404,14,NA,NA,NA,"Rt","2021-01-12"
405,15,0.929826488888717,0.762376215027123,1.13934916594209,"Rt","2021-01-13"
406,16,0.922632453016012,0.763597719987328,1.10944902711302,"Rt","2021-01-14"
407,17,0.913199493787644,0.7687942401638,1.081742170528,"Rt","2021-01-15"
408,18,0.901582973028207,0.765531856045426,1.04875775622182,"Rt","2021-01-16"
409,19,0.887932840539261,0.765266585454341,1.02152763471253,"Rt","2021-01-17"
410,20,0.872425543486941,0.758503243833199,0.998031404023046,"Rt","2021-01-18"
411,21,0.855262655277764,0.748329793623932,0.973509441897125,"Rt","2021-01-19"
412,22,0.836741918076292,0.735093601705207,0.955553284063875,"Rt","2021-01-20"
413,23,0.81737121234715,0.722619110101125,0.927188025662256,"Rt","2021-01-21"
414,24,0.797675800102306,0.709049183026686,0.905304661851854,"Rt","2021-01-22"
415,25,0.77814421353953,0.695061833182525,0.882054360754332,"Rt","2021-01-23"
416,26,0.75921462253143,0.675906411720762,0.858535207208289,"Rt","2021-01-24"
417,27,0.741259727567567,0.656034104550156,0.832485154572679,"Rt","2021-01-25"
418,28,0.724566667345693,0.633273387369663,0.813772037091308,"Rt","2021-01-26"
419,29,0.709336353384753,0.614213769505873,0.7919570239041,"Rt","2021-01-27"
420,30,0.695687855479267,0.599989567503323,0.775169653268496,"Rt","2021-01-28"
421,31,0.683672860130526,0.587146379584129,0.763270230043458,"Rt","2021-01-29"
422,32,0.673302246409522,0.578227478345455,0.751651892300414,"Rt","2021-01-30"
423,33,0.664571022924072,0.569625668489137,0.738802173908741,"Rt","2021-01-31"
424,34,0.657458521800956,0.565021883646981,0.729280897513808,"Rt","2021-02-01"
425,35,0.651924858837364,0.566635467495236,0.723785290945144,"Rt","2021-02-02"
426,36,0.647915565041459,0.566053258989535,0.72120976344958,"Rt","2021-02-03"
427,37,0.645383474559398,0.567933499494145,0.716880179572787,"Rt","2021-02-04"
428,38,0.64431042647879,0.570882962075293,0.719122943041536,"Rt","2021-02-05"
429,39,0.644688293301848,0.566456929976307,0.7190001546082,"Rt","2021-02-06"
430,40,0.6465097707125,0.565481545002249,0.720484432761086,"Rt","2021-02-07"
431,41,0.649765904151284,0.568040033896799,0.728965741301429,"Rt","2021-02-08"
432,42,0.654392227755831,0.57270435805166,0.738826886390708,"Rt","2021-02-09"
433,43,0.66020645379091,0.575308761639217,0.748607307079122,"Rt","2021-02-10"
434,44,0.66701433128518,0.580396034007822,0.761234625721826,"Rt","2021-02-11"
435,45,0.6746204249039,0.586376657688413,0.771253885665505,"Rt","2021-02-12"
436,46,0.68282608413325,0.592022406014254,0.787483943845936,"Rt","2021-02-13"
437,47,0.691429663104662,0.602648574822171,0.799514715882568,"Rt","2021-02-14"
438,48,0.7002263639188,0.609502274412303,0.811044630048403,"Rt","2021-02-15"
439,49,0.709010262410848,0.618985180194194,0.825091163520713,"Rt","2021-02-16"
440,50,0.717573754208083,0.62321804268255,0.837219275122651,"Rt","2021-02-17"
441,51,0.725713033433446,0.627617719153619,0.857229345428138,"Rt","2021-02-18"
442,52,0.73324763027662,0.63111548199792,0.870401458036108,"Rt","2021-02-19"
443,53,0.740034753386981,0.633414798178614,0.881601393788136,"Rt","2021-02-20"
444,54,0.745957748568329,0.636377281516221,0.897224951296793,"Rt","2021-02-21"
445,55,0.750923874337209,0.637387886355747,0.910675687204331,"Rt","2021-02-22"
446,56,0.754864650663075,0.641337964271809,0.922607224880144,"Rt","2021-02-23"
447,57,0.75779780593482,0.640562648302865,0.92417684495342,"Rt","2021-02-24"
448,58,0.759866430043225,0.640968535210245,0.915265406745696,"Rt","2021-02-25"
449,59,0.761229085035115,0.643407776634089,0.917910725277633,"Rt","2021-02-26"
450,60,0.76203976506049,0.643459007799417,0.914182722435869,"Rt","2021-02-27"
451,61,0.762446401271251,0.643606996183435,0.908822065927567,"Rt","2021-02-28"
452,62,0.762607464885909,0.64748408073794,0.901606711848383,"Rt","2021-03-01"
453,63,0.762694944869609,0.642600940639227,0.890995693806843,"Rt","2021-03-02"
454,64,0.762863524951776,0.636158512996897,0.886580623374722,"Rt","2021-03-03"
455,65,0.763240250180002,0.635924785345973,0.878910031332553,"Rt","2021-03-04"
456,66,0.763924376676248,0.640269279831311,0.878348494239377,"Rt","2021-03-05"
457,67,0.764993219138159,0.65270205938638,0.872327771405729,"Rt","2021-03-06"
458,68,0.766503284768861,0.656541433504855,0.867980957477829,"Rt","2021-03-07"
459,69,0.768484073540727,0.656774731954843,0.868331156976492,"Rt","2021-03-08"
460,70,0.7709331500091,0.661438822923078,0.865714830341165,"Rt","2021-03-09"
461,71,0.773821443106831,0.661737138776554,0.870134059332519,"Rt","2021-03-10"
462,72,0.777135745624262,0.660470704862473,0.87887906343475,"Rt","2021-03-11"
463,73,0.780900300489449,0.65953865026886,0.88380346196666,"Rt","2021-03-12"
464,74,0.785136034304945,0.662535990000667,0.894769838866845,"Rt","2021-03-13"
465,75,0.789853045306637,0.666891663846741,0.912448491773161,"Rt","2021-03-14"
466,76,0.795051985019859,0.673419151180865,0.924684367703361,"Rt","2021-03-15"
467,77,0.800705390955418,0.673333219034131,0.939848350192259,"Rt","2021-03-16"
468,78,0.806756127551133,0.678547266857867,0.955745387700362,"Rt","2021-03-17"
469,79,0.813149420735044,0.685375102224599,0.963511699288428,"Rt","2021-03-18"
470,80,0.81983038867445,0.686256484806859,0.977332294476377,"Rt","2021-03-19"
471,81,0.826741514809291,0.690218602615588,0.988699448868535,"Rt","2021-03-20"
472,82,0.833791356360357,0.69717421541763,1.00670457504519,"Rt","2021-03-21"
473,83,0.840841684303749,0.696836115062964,1.0165162747129,"Rt","2021-03-22"
474,84,0.847736390957842,0.69584325790172,1.02897005185872,"Rt","2021-03-23"
475,85,0.854300779531014,0.695444491065757,1.03336974730622,"Rt","2021-03-24"
476,86,0.860349745172207,0.701461564726891,1.05138773703245,"Rt","2021-03-25"
477,87,0.865735078976816,0.708318126781937,1.0617598703754,"Rt","2021-03-26"
478,88,0.870360457816788,0.712509693187608,1.06861195926107,"Rt","2021-03-27"
479,89,0.874145390398187,0.716039866074593,1.06783621205503,"Rt","2021-03-28"
480,90,0.877021190704548,0.723306154279207,1.07708573390696,"Rt","2021-03-29"
481,91,0.878936254282884,0.724052103457792,1.07388425796269,"Rt","2021-03-30"
482,92,0.879915862301005,0.728048856776522,1.0784898077788,"Rt","2021-03-31"
483,93,0.880064232915829,0.732061219576915,1.0765512771109,"Rt","2021-04-01"
484,94,0.879499279956314,0.733431078946539,1.07926392760321,"Rt","2021-04-02"
485,95,0.878340510741509,0.737909517173645,1.06680810559099,"Rt","2021-04-03"
486,96,0.876705214693026,0.738318196377335,1.05720014295072,"Rt","2021-04-04"
487,97,0.874719933922477,0.740904783808273,1.04379247419486,"Rt","2021-04-05"
488,98,0.872511114214136,0.739205338383909,1.03343385771053,"Rt","2021-04-06"
489,99,0.870181723656412,0.737778863244367,1.02209129603836,"Rt","2021-04-07"
490,100,0.86780691405283,0.736396619287337,1.01627695896624,"Rt","2021-04-08"
491,101,0.865439814325062,0.737282712314347,1.01018830436451,"Rt","2021-04-09"
492,102,0.863127256512939,0.736399274511209,1.00753774876992,"Rt","2021-04-10"
493,103,0.860907669867789,0.726259526707709,1.00430957451371,"Rt","2021-04-11"
494,104,0.858797931892764,0.724025790220826,0.999524451259048,"Rt","2021-04-12"
495,105,0.856791131662018,0.720776527763972,0.993509334460054,"Rt","2021-04-13"
496,106,0.854869220750359,0.71643031577377,0.985539648511065,"Rt","2021-04-14"
497,107,0.853098163413516,0.70917510470992,0.987639119519358,"Rt","2021-04-15"
498,108,0.851609623217117,0.706781121849953,0.988582009158505,"Rt","2021-04-16"
499,109,0.850518121053283,0.694699483879408,0.987575073890789,"Rt","2021-04-17"
500,110,0.849916881581803,0.685387861028258,0.991813148263334,"Rt","2021-04-18"
501,111,0.849884061171927,0.680280349047571,0.996625543328628,"Rt","2021-04-19"
502,112,0.850477487744842,0.679868024917481,0.99927057683817,"Rt","2021-04-20"
503,113,0.851744251548789,0.678748113009151,1.002022625009,"Rt","2021-04-21"
504,114,0.853727656403805,0.674879899148797,1.00916645685168,"Rt","2021-04-22"
505,115,0.856459019920486,0.676045223320799,1.01363996523638,"Rt","2021-04-23"
506,116,0.859951235680257,0.682009343597266,1.01572285546092,"Rt","2021-04-24"
507,117,0.86415017983447,0.695217109996111,1.0187015982173,"Rt","2021-04-25"
508,118,0.868943829943403,0.692175150190647,1.0300757427998,"Rt","2021-04-26"
509,119,0.874192721419214,0.698092894606165,1.03752670280649,"Rt","2021-04-27"
510,120,0.879730438506858,0.699225690506846,1.05537364811701,"Rt","2021-04-28"
511,121,0.885385524201637,0.699239033231067,1.05873583594389,"Rt","2021-04-29"
512,122,0.891105875387888,0.707629942359594,1.07089996790244,"Rt","2021-04-30"
513,123,0.896934774448819,0.713567941463017,1.07968995972243,"Rt","2021-05-01"
514,124,0.902930374218651,0.720388708935136,1.08396114250719,"Rt","2021-05-02"
515,125,0.90915841411129,0.724979436619715,1.09250511221192,"Rt","2021-05-03"
516,126,0.915692058698191,0.730868522460972,1.10406298108109,"Rt","2021-05-04"
517,127,0.922612177218634,0.736566506907652,1.1109845101283,"Rt","2021-05-05"
518,128,0.930005776611895,0.740616198956282,1.1177527469188,"Rt","2021-05-06"
519,129,0.937959317186317,0.742858946907851,1.11956868653034,"Rt","2021-05-07"
520,130,0.94655245385629,0.751526520864058,1.1243716831583,"Rt","2021-05-08"
521,131,0.955858162671926,0.76762447428681,1.13264282373961,"Rt","2021-05-09"
522,132,0.965949721759689,0.775759473787663,1.14502945637405,"Rt","2021-05-10"
523,133,0.976888755652686,0.786533396745369,1.14973440402777,"Rt","2021-05-11"
524,134,0.988709813536763,0.805846673254397,1.15994554303876,"Rt","2021-05-12"
525,135,1.00141705202898,0.816575812591923,1.1702403379717,"Rt","2021-05-13"
526,136,1.01499594331747,0.834342576047659,1.1884197562446,"Rt","2021-05-14"
527,137,1.02944370268285,0.857685610268102,1.20499191014599,"Rt","2021-05-15"
528,138,1.0447665878584,0.868010676264179,1.21591413087377,"Rt","2021-05-16"
529,139,1.06096469045843,0.88603206780388,1.23136668382088,"Rt","2021-05-17"
530,140,1.07802928144408,0.898616553937427,1.24856930267475,"Rt","2021-05-18"
531,141,1.09594769303193,0.920315667408265,1.27425244140372,"Rt","2021-05-19"
532,142,1.11469602344519,0.941767179319417,1.28893666424595,"Rt","2021-05-20"
533,143,1.13424118678127,0.956947260449469,1.31455479693979,"Rt","2021-05-21"
534,144,1.15453774599211,0.979372195946217,1.35109670309642,"Rt","2021-05-22"
535,145,1.17552255960154,1.00001349884783,1.38155257747168,"Rt","2021-05-23"
536,146,1.19710890040299,1.01937591209811,1.41585064804766,"Rt","2021-05-24"
537,147,1.21911119746961,1.02790190727803,1.45057553742181,"Rt","2021-05-25"
538,148,1.24128119522508,1.04224989225318,1.48440297662425,"Rt","2021-05-26"
539,149,1.2633412301004,1.05989534983856,1.5236574957661,"Rt","2021-05-27"
540,150,1.28498622297637,1.07325961559405,1.56579595282913,"Rt","2021-05-28"
541,151,1.30591595242289,1.08643761223652,1.59058850945245,"Rt","2021-05-29"
542,152,1.32595133692336,1.1035870464722,1.63476080557401,"Rt","2021-05-30"
543,153,1.34498739313275,1.11596729268237,1.6622076848617,"Rt","2021-05-31"
544,154,1.36293649724294,1.13592620929116,1.68280679428197,"Rt","2021-06-01"
545,155,1.37972032967304,1.15162786041065,1.6982879896675,"Rt","2021-06-02"
546,156,1.39527210490823,1.16340448757201,1.71652243033172,"Rt","2021-06-03"
547,157,1.40953964720952,1.17961654077824,1.7325173835638,"Rt","2021-06-04"
548,158,1.42248447112646,1.19289072022862,1.75780763467175,"Rt","2021-06-05"
549,159,1.43407481247627,1.19957529916356,1.77093819018171,"Rt","2021-06-06"
550,160,1.44428301878298,1.21621425360162,1.7763053756511,"Rt","2021-06-07"
551,161,1.45310468933816,1.22961505003567,1.7678666240601,"Rt","2021-06-08"
552,162,1.46062769792744,1.24351867894501,1.77028438031698,"Rt","2021-06-09"
553,163,1.46696346741845,1.24816108449881,1.77134428534187,"Rt","2021-06-10"
554,164,1.47219925704636,1.2564581541134,1.76060477055614,"Rt","2021-06-11"
555,165,1.47639493598643,1.27441642098404,1.74037840164074,"Rt","2021-06-12"
556,166,1.47960169443299,1.28781304636619,1.74093232176636,"Rt","2021-06-13"
557,167,1.48190485488891,1.28883780742656,1.73920294372668,"Rt","2021-06-14"
558,168,1.48338484675135,1.29073306057451,1.73488001410455,"Rt","2021-06-15"
559,169,1.48409100135375,1.28956431730064,1.73120664269708,"Rt","2021-06-16"
560,170,1.48404485739923,1.29772845871862,1.71789687172151,"Rt","2021-06-17"
561,171,1.48326456535055,1.29688696969152,1.70669084553521,"Rt","2021-06-18"
562,172,1.48180502163576,1.29660894998179,1.70029566868346,"Rt","2021-06-19"
563,173,1.47972376028783,1.29684264653226,1.68750462903073,"Rt","2021-06-20"
564,174,1.47705287600372,1.29434694317251,1.68025859674965,"Rt","2021-06-21"
565,175,1.47379454103756,1.29437888621851,1.69037626860688,"Rt","2021-06-22"
566,176,1.46994249123833,1.28164189032878,1.6882150475899,"Rt","2021-06-23"
567,177,1.46553559114968,1.27260344349183,1.68323420047126,"Rt","2021-06-24"
568,178,1.46061801800425,1.26285307470317,1.67824586868264,"Rt","2021-06-25"
569,179,1.45521397845961,1.25462758776819,1.66901770623368,"Rt","2021-06-26"
570,180,1.44932887399934,1.24491339843232,1.65976152438927,"Rt","2021-06-27"
571,181,1.44296708905848,1.22621960223395,1.65895416469842,"Rt","2021-06-28"
572,182,1.43615575922664,1.21755766069438,1.65378591177655,"Rt","2021-06-29"
573,183,1.42892339140661,1.20952511716321,1.6572968689494,"Rt","2021-06-30"
574,184,1.42128565430095,1.19971926486662,1.65642994846633,"Rt","2021-07-01"
575,185,1.41324599631918,1.20008539981417,1.65020304516703,"Rt","2021-07-02"
576,186,1.40485154930107,1.19214151321747,1.63841548590537,"Rt","2021-07-03"
577,187,1.39633611094009,1.18200105666484,1.63509169513296,"Rt","2021-07-04"
578,188,1.3879624175495,1.17828068547162,1.61953325036411,"Rt","2021-07-05"
579,189,1.37996120659629,1.16914966579879,1.61482050018624,"Rt","2021-07-06"
580,190,1.37253215830194,1.15508571054009,1.60895657227212,"Rt","2021-07-07"
581,191,1.3658377093768,1.13932280748512,1.61137227213704,"Rt","2021-07-08"
582,192,1.35995938858514,1.11932402767929,1.62016817395446,"Rt","2021-07-09"
583,193,1.35494481819918,1.10914619531686,1.63127524703061,"Rt","2021-07-10"
584,194,1.35081298302369,1.09121257414964,1.63964863206913,"Rt","2021-07-11"
585,195,1.34755262450885,1.07157534791651,1.65900605011917,"Rt","2021-07-12"
586,1,0.343333333333333,0,2,"nPos","2020-12-30"
587,2,0.365555555555555,0,2,"nPos","2020-12-31"
588,3,1.39666666666667,0,4,"nPos","2021-01-01"
589,4,3.01666666666667,0,7,"nPos","2021-01-02"
590,5,1.85777777777778,0,5,"nPos","2021-01-03"
591,6,6.27888888888889,2,12,"nPos","2021-01-04"
592,7,19.9533333333333,11,30,"nPos","2021-01-05"
593,8,326.985555555556,255.475,408.525,"nPos","2021-01-06"
594,9,314.393333333333,243,391,"nPos","2021-01-07"
595,10,296.276666666667,233,376,"nPos","2021-01-08"
596,11,263.345555555556,205.475,327.525,"nPos","2021-01-09"
597,12,179.796666666667,137,226,"nPos","2021-01-10"
598,13,189.427777777778,146,238,"nPos","2021-01-11"
599,14,142.358888888889,109,181.525,"nPos","2021-01-12"
600,15,100.012222222222,73.475,132,"nPos","2021-01-13"
601,16,90.66,66,118,"nPos","2021-01-14"
602,17,78.9388888888889,58,105,"nPos","2021-01-15"
603,18,68.9488888888889,48,93,"nPos","2021-01-16"
604,19,39.9444444444444,25,57,"nPos","2021-01-17"
605,20,54.0333333333333,36,72,"nPos","2021-01-18"
606,21,43.6466666666667,28,61,"nPos","2021-01-19"
607,22,32.7966666666667,21,46.525,"nPos","2021-01-20"
608,23,27.0744444444444,16,40,"nPos","2021-01-21"
609,24,6.11666666666667,1,12,"nPos","2021-01-22"
610,25,0,0,0,"nPos","2021-01-23"
611,26,0,0,0,"nPos","2021-01-24"
612,27,0,0,0,"nPos","2021-01-25"
613,28,0,0,0,"nPos","2021-01-26"
614,29,0,0,0,"nPos","2021-01-27"
615,30,0,0,0,"nPos","2021-01-28"
616,31,0,0,0,"nPos","2021-01-29"
617,32,0,0,0,"nPos","2021-01-30"
618,33,0,0,0,"nPos","2021-01-31"
619,34,0,0,0,"nPos","2021-02-01"
620,35,0,0,0,"nPos","2021-02-02"
621,36,0,0,0,"nPos","2021-02-03"
622,37,1.24888888888889,0,4,"nPos","2021-02-04"
623,38,4.86333333333333,1,9,"nPos","2021-02-05"
624,39,46.9411111111111,28,70,"nPos","2021-02-06"
625,40,43.2611111111111,25,63,"nPos","2021-02-07"
626,41,55.2466666666667,34,78,"nPos","2021-02-08"
627,42,66.9911111111111,41,95.525,"nPos","2021-02-09"
628,43,71.2144444444444,43,101.525,"nPos","2021-02-10"
629,44,65.4688888888889,40,96.525,"nPos","2021-02-11"
630,45,59.4966666666667,35,88,"nPos","2021-02-12"
631,46,50.2866666666667,30,74.525,"nPos","2021-02-13"
632,47,34.5177777777778,20,51,"nPos","2021-02-14"
633,48,44.4833333333333,25,69.05,"nPos","2021-02-15"
634,49,43.2022222222222,25,66.525,"nPos","2021-02-16"
635,50,34.0911111111111,18,52.525,"nPos","2021-02-17"
636,51,27.3777777777778,14,43,"nPos","2021-02-18"
637,52,21.8077777777778,11,36,"nPos","2021-02-19"
638,53,16.68,7.475,28,"nPos","2021-02-20"
639,54,8.43444444444444,3,16,"nPos","2021-02-21"
640,55,11.6855555555556,4,20.525,"nPos","2021-02-22"
641,56,0,0,0,"nPos","2021-02-23"
642,57,0,0,0,"nPos","2021-02-24"
643,58,0,0,0,"nPos","2021-02-25"
644,59,0,0,0,"nPos","2021-02-26"
645,60,0,0,0,"nPos","2021-02-27"
646,61,0,0,0,"nPos","2021-02-28"
647,62,0,0,0,"nPos","2021-03-01"
648,63,0,0,0,"nPos","2021-03-02"
649,64,0,0,0,"nPos","2021-03-03"
650,65,0,0,0,"nPos","2021-03-04"
651,66,0,0,0,"nPos","2021-03-05"
652,67,0,0,0,"nPos","2021-03-06"
653,68,0,0,0,"nPos","2021-03-07"
654,69,0,0,0,"nPos","2021-03-08"
655,70,0,0,0,"nPos","2021-03-09"
656,71,0,0,0,"nPos","2021-03-10"
657,72,0.448888888888889,0,2,"nPos","2021-03-11"
658,73,1.34666666666667,0,4,"nPos","2021-03-12"
659,74,13.2788888888889,4.475,25.525,"nPos","2021-03-13"
660,75,12.5544444444444,4,23.525,"nPos","2021-03-14"
661,76,18.2277777777778,7,32,"nPos","2021-03-15"
662,77,20.2566666666667,8,36,"nPos","2021-03-16"
663,78,21.1177777777778,8,38,"nPos","2021-03-17"
664,79,21.4388888888889,8,39,"nPos","2021-03-18"
665,80,19.2811111111111,7,35,"nPos","2021-03-19"
666,81,19.7055555555556,8,35,"nPos","2021-03-20"
667,82,14.13,5,26,"nPos","2021-03-21"
668,83,16.21,5,30,"nPos","2021-03-22"
669,84,14.2422222222222,4.475,26,"nPos","2021-03-23"
670,85,11.3511111111111,3,22,"nPos","2021-03-24"
671,86,8.34888888888889,2,18,"nPos","2021-03-25"
672,87,7.02888888888889,2,15,"nPos","2021-03-26"
673,88,6.87111111111111,1,14,"nPos","2021-03-27"
674,89,3.68111111111111,0,9,"nPos","2021-03-28"
675,90,4.70666666666667,1,11,"nPos","2021-03-29"
676,91,0,0,0,"nPos","2021-03-30"
677,92,0,0,0,"nPos","2021-03-31"
678,93,0,0,0,"nPos","2021-04-01"
679,94,0,0,0,"nPos","2021-04-02"
680,95,0,0,0,"nPos","2021-04-03"
681,96,0,0,0,"nPos","2021-04-04"
682,97,0,0,0,"nPos","2021-04-05"
683,98,0,0,0,"nPos","2021-04-06"
684,99,0,0,0,"nPos","2021-04-07"
685,100,0,0,0,"nPos","2021-04-08"
686,101,0,0,0,"nPos","2021-04-09"
687,102,0,0,0,"nPos","2021-04-10"
688,103,0,0,0,"nPos","2021-04-11"
689,104,0,0,0,"nPos","2021-04-12"
690,105,0,0,0,"nPos","2021-04-13"
691,106,0,0,0,"nPos","2021-04-14"
692,107,0.277777777777778,0,2,"nPos","2021-04-15"
693,108,0.614444444444444,0,3,"nPos","2021-04-16"
694,109,5.26444444444444,1,12,"nPos","2021-04-17"
695,110,5.91111111111111,1,14,"nPos","2021-04-18"
696,111,8.63777777777777,2,19,"nPos","2021-04-19"
697,112,10.2088888888889,2,23,"nPos","2021-04-20"
698,113,11.71,3,25,"nPos","2021-04-21"
699,114,11.6,3,24,"nPos","2021-04-22"
700,115,10.6811111111111,2,23,"nPos","2021-04-23"
701,116,9.47333333333334,2,20,"nPos","2021-04-24"
702,117,7.63333333333333,1,17,"nPos","2021-04-25"
703,118,8.52,2,19.525,"nPos","2021-04-26"
704,119,7.00444444444444,2,15.525,"nPos","2021-04-27"
705,120,6.21555555555556,1,14,"nPos","2021-04-28"
706,121,5.14222222222222,0,13,"nPos","2021-04-29"
707,122,4.53777777777778,0,10,"nPos","2021-04-30"
708,123,4.21777777777778,0,11,"nPos","2021-05-01"
709,124,1.43777777777778,0,4,"nPos","2021-05-02"
710,125,2.40222222222222,0,6,"nPos","2021-05-03"
711,126,0,0,0,"nPos","2021-05-04"
712,127,0,0,0,"nPos","2021-05-05"
713,128,0,0,0,"nPos","2021-05-06"
714,129,0,0,0,"nPos","2021-05-07"
715,130,0,0,0,"nPos","2021-05-08"
716,131,0,0,0,"nPos","2021-05-09"
717,132,0,0,0,"nPos","2021-05-10"
718,133,0,0,0,"nPos","2021-05-11"
719,134,0,0,0,"nPos","2021-05-12"
720,135,0,0,0,"nPos","2021-05-13"
721,136,0,0,0,"nPos","2021-05-14"
722,137,0,0,0,"nPos","2021-05-15"
723,138,0,0,0,"nPos","2021-05-16"
724,139,0,0,0,"nPos","2021-05-17"
725,140,0,0,0,"nPos","2021-05-18"
726,141,0,0,0,"nPos","2021-05-19"
727,142,0.217777777777778,0,1,"nPos","2021-05-20"
728,143,0.526666666666667,0,2,"nPos","2021-05-21"
729,144,4.97111111111111,1,11,"nPos","2021-05-22"
730,145,4.94444444444445,1,12,"nPos","2021-05-23"
731,146,7.33333333333333,2,16,"nPos","2021-05-24"
732,147,8.63444444444445,2,18,"nPos","2021-05-25"
733,148,10.4044444444444,2,21,"nPos","2021-05-26"
734,149,10.4655555555556,3,22.525,"nPos","2021-05-27"
735,150,11.3411111111111,3,23,"nPos","2021-05-28"
736,151,9.45111111111111,2,20,"nPos","2021-05-29"
737,152,3.81111111111111,0,8,"nPos","2021-05-30"
738,153,8.44222222222222,2,17,"nPos","2021-05-31"
739,154,10.7866666666667,3,22,"nPos","2021-06-01"
740,155,10.5811111111111,3,22,"nPos","2021-06-02"
741,156,9.45222222222222,3,19,"nPos","2021-06-03"
742,157,8.64888888888889,3,17,"nPos","2021-06-04"
743,158,6.94777777777778,2,15,"nPos","2021-06-05"
744,159,5.36333333333333,1,12,"nPos","2021-06-06"
745,160,8.60555555555556,3,18,"nPos","2021-06-07"
746,161,0,0,0,"nPos","2021-06-08"
747,162,0,0,0,"nPos","2021-06-09"
748,163,0,0,0,"nPos","2021-06-10"
749,164,0,0,0,"nPos","2021-06-11"
750,165,0,0,0,"nPos","2021-06-12"
751,166,0,0,0,"nPos","2021-06-13"
752,167,0,0,0,"nPos","2021-06-14"
753,168,0,0,0,"nPos","2021-06-15"
754,169,0,0,0,"nPos","2021-06-16"
755,170,0,0,0,"nPos","2021-06-17"
756,171,0,0,0,"nPos","2021-06-18"
757,172,0,0,0,"nPos","2021-06-19"
758,173,0,0,0,"nPos","2021-06-20"
759,174,0,0,0,"nPos","2021-06-21"
760,175,0,0,0,"nPos","2021-06-22"
761,176,0,0,0,"nPos","2021-06-23"
762,177,0.611111111111111,0,2,"nPos","2021-06-24"
763,178,1.57555555555556,0,5,"nPos","2021-06-25"
764,179,12.6411111111111,5,21,"nPos","2021-06-26"
765,180,15.0322222222222,7,25,"nPos","2021-06-27"
766,181,24.7455555555556,13,39,"nPos","2021-06-28"
767,182,29.4011111111111,16,45,"nPos","2021-06-29"
768,183,31.8766666666667,18,48,"nPos","2021-06-30"
769,184,36.7133333333333,20.475,53.525,"nPos","2021-07-01"
770,185,41.3588888888889,25,62.525,"nPos","2021-07-02"
771,186,36.5433333333333,22,54,"nPos","2021-07-03"
772,187,30.1,18,46,"nPos","2021-07-04"
773,188,50.5877777777778,30.475,71.525,"nPos","2021-07-05"
774,189,44.9722222222222,27,66,"nPos","2021-07-06"
775,190,38.6833333333333,23,58,"nPos","2021-07-07"
776,191,32.1677777777778,19,47,"nPos","2021-07-08"
777,192,28.5911111111111,16,43.525,"nPos","2021-07-09"
778,193,27.4,15,42,"nPos","2021-07-10"
779,194,18.3133333333333,10,28,"nPos","2021-07-11"
780,195,26.41,15,41,"nPos","2021-07-12"
