obsmethod,t,rt,Pt,nSamples,nPos,phat,ssw,iter,confignum
betabinom,1,0.007244218111865818,0.010072705209359958,100,2,0.02,0.01,1,6
betabinom,2,0.014704756581892265,0.010221916254990068,100,1,0.01,0.01,1,6
betabinom,3,0.014729522916364745,0.010373594536761918,100,1,0.01,0.01,1,6
betabinom,4,0.015066040093321317,0.010531066790962884,100,0,0.0,0.01,1,6
betabinom,5,0.017836373815357985,0.010720587996013765,100,0,0.0,0.01,1,6
betabinom,6,0.022748790996859444,0.01096726355916772,100,1,0.01,0.01,1,6
betabinom,7,0.022214028976519768,0.011213616788111967,100,0,0.0,0.01,1,6
betabinom,8,0.025425421071790896,0.011502383164070762,100,2,0.02,0.01,1,6
betabinom,9,0.024437528125496735,0.011786935695478866,100,1,0.01,0.01,1,6
betabinom,10,0.019551659066936906,0.012019657478673871,100,0,0.0,0.01,1,6
betabinom,11,0.025031833692547006,0.012324328879060664,100,2,0.02,0.01,1,6
betabinom,12,0.02406438958384121,0.012624503605684836,100,3,0.03,0.01,1,6
betabinom,13,0.009737320469362912,0.012748032889131724,100,1,0.01,0.01,1,6
betabinom,14,0.023544162992450386,0.01305173584008112,100,0,0.0,0.01,1,6
betabinom,15,0.02047928722401868,0.013321781823684839,100,2,0.02,0.01,1,6
betabinom,16,0.022961989646793593,0.013631215450163886,100,1,0.01,0.01,1,6
betabinom,17,0.03194249365056453,0.014073659222843595,100,0,0.0,0.01,1,6
betabinom,18,0.024064703423764044,0.014416445642465506,100,1,0.01,0.01,1,6
betabinom,19,0.024390971215659956,0.014772400144320224,100,1,0.01,0.01,1,6
betabinom,20,0.011397781829842859,0.014941735931257067,100,0,0.0,0.01,1,6
betabinom,21,-0.0038235230680717797,0.014884714939253382,100,1,0.01,0.01,1,6
betabinom,22,-0.01432569858540807,0.014673001094612975,100,1,0.01,0.01,1,6
betabinom,23,-0.01846135065390662,0.01440460279675453,100,1,0.01,0.01,1,6
betabinom,24,-0.01684520064603208,0.014163986675594648,100,0,0.0,0.01,1,6
betabinom,25,-0.009234437913054203,0.014033792281254027,100,3,0.03,0.01,1,6
betabinom,26,0.007699735601596706,0.014142265844272453,100,2,0.02,0.01,1,6
betabinom,27,0.006618356373261517,0.014236174818295446,100,0,0.0,0.01,1,6
betabinom,28,0.0022103081609144955,0.01426767595245869,100,1,0.01,0.01,1,6
betabinom,29,0.0119579019262685,0.014439311578005721,100,1,0.01,0.01,1,6
betabinom,30,0.00939839092247717,0.014575657585792276,100,1,0.01,0.01,1,6
betabinom,31,0.017536870654813158,0.014833523479315084,100,2,0.02,0.01,1,6
betabinom,32,0.025550342623958378,0.01521740839838487,100,3,0.03,0.01,1,6
betabinom,33,0.021828945385560433,0.015553240469890914,100,2,0.02,0.01,1,6
betabinom,34,0.019834789178347478,0.0158648155134108,100,0,0.0,0.01,1,6
betabinom,35,0.02330139206802921,0.016238828387562396,100,1,0.01,0.01,1,6
betabinom,36,0.020949531013449155,0.016582612713358907,100,0,0.0,0.01,1,6
betabinom,37,0.019256624152185133,0.01690503224655214,100,0,0.0,0.01,1,6
betabinom,38,0.01648628321374716,0.017186043446201053,100,2,0.02,0.01,1,6
betabinom,39,0.008459992466414821,0.017332053997517326,100,2,0.02,0.01,1,6
betabinom,40,0.011782061322284784,0.01753746905068125,100,1,0.01,0.01,1,6
betabinom,41,0.009244372491055393,0.01770034362383251,100,3,0.03,0.01,1,6
betabinom,42,0.01280446833803799,0.017928444351104904,100,3,0.03,0.01,1,6
betabinom,43,0.01278925313308807,0.018159208267866715,100,2,0.02,0.01,1,6
betabinom,44,0.008312834021738762,0.018310791924142433,100,1,0.01,0.01,1,6
betabinom,45,0.00514285267954433,0.018405204195563716,100,3,0.03,0.01,1,6
betabinom,46,0.010465371736247737,0.018598832930450213,100,1,0.01,0.01,1,6
betabinom,47,0.019376833553659045,0.01896273365650843,100,1,0.01,0.01,1,6
betabinom,48,0.010601115151877394,0.01916482910547687,100,1,0.01,0.01,1,6
betabinom,49,0.00881355989305521,0.01933448601708614,100,1,0.01,0.01,1,6
betabinom,50,0.003941223027422328,0.019410837899666317,100,4,0.04,0.01,1,6
betabinom,51,0.006153811358381219,0.019530656827827234,100,2,0.02,0.01,1,6
betabinom,52,0.011259898706516419,0.019751812805729067,100,2,0.02,0.01,1,6
betabinom,53,0.013607129355130608,0.020022415162968838,100,2,0.02,0.01,1,6
betabinom,54,0.013953649983816986,0.020303759259613276,100,1,0.01,0.01,1,6
betabinom,55,0.004348801631217756,0.02039224855273283,100,2,0.02,0.01,1,6
betabinom,56,0.013110733709640578,0.020661366203269842,100,3,0.03,0.01,1,6
betabinom,57,-0.004417949462014431,0.02057028667209342,100,1,0.01,0.01,1,6
betabinom,58,-0.004335119067681252,0.020481305042447745,100,5,0.05,0.01,1,6
betabinom,59,0.001285296191086839,0.02050764651047524,100,2,0.02,0.01,1,6
betabinom,60,0.012284200477630295,0.020761120225039703,100,2,0.02,0.01,1,6
betabinom,61,0.01614525005090487,0.021099034215062786,100,4,0.04,0.01,1,6
betabinom,62,0.021378751192140052,0.021554961430154024,100,4,0.04,0.01,1,6
betabinom,63,0.015123581412364431,0.021883427172775693,100,4,0.04,0.01,1,6
betabinom,64,0.020600752274680115,0.02233891785146942,100,1,0.01,0.01,1,6
betabinom,65,0.020728251448000314,0.022806796963403063,100,3,0.03,0.01,1,6
betabinom,66,0.004412054777316016,0.022907644108872964,100,1,0.01,0.01,1,6
betabinom,67,-0.003026900242298478,0.022838409790917343,100,2,0.02,0.01,1,6
betabinom,68,0.002285441771327827,0.022890665337403283,100,3,0.03,0.01,1,6
betabinom,69,0.001316274299387073,0.022920815570518123,100,3,0.03,0.01,1,6
betabinom,70,-0.008685378389888043,0.022722601641803772,100,1,0.01,0.01,1,6
betabinom,71,-0.014045642259796235,0.022405679009085442,100,0,0.0,0.01,1,6
betabinom,72,-0.011057788127934497,0.02215928654619078,100,2,0.02,0.01,1,6
betabinom,73,-0.008250858662112373,0.02197720559987565,100,1,0.01,0.01,1,6
betabinom,74,-0.004314449617214536,0.02188259030681308,100,1,0.01,0.01,1,6
betabinom,75,-0.013908028172679573,0.02158035325691261,100,3,0.03,0.01,1,6
betabinom,76,-0.01654370488991298,0.02122627125112704,100,0,0.0,0.01,1,6
betabinom,77,-0.019130968960723083,0.02082405180594666,100,1,0.01,0.01,1,6
betabinom,78,-0.01559162158257052,0.020501889116162898,100,5,0.05,0.01,1,6
betabinom,79,-0.011429372301893068,0.02026889939200459,100,2,0.02,0.01,1,6
betabinom,80,-0.005744413029419019,0.02015280024223535,100,1,0.01,0.01,1,6
betabinom,81,-0.017334492680754866,0.019806472057777042,100,1,0.01,0.01,1,6
betabinom,82,-0.023512082081191092,0.019346212692117736,100,2,0.02,0.01,1,6
betabinom,83,-0.006409961418391834,0.019222600812102857,100,1,0.01,0.01,1,6
betabinom,84,-0.01553207220755056,0.018926340710836553,100,1,0.01,0.01,1,6
betabinom,85,-0.0074081575392564575,0.018786649463456102,100,1,0.01,0.01,1,6
betabinom,86,-0.00010411003345584761,0.018784693686561705,100,1,0.01,0.01,1,6
betabinom,87,0.004449967352170334,0.01886847122559588,100,1,0.01,0.01,1,6
betabinom,88,-0.0014214823646517653,0.01884166908040218,100,4,0.04,0.01,1,6
betabinom,89,-0.008151825504225323,0.01868869941993751,100,2,0.02,0.01,1,6
betabinom,90,-0.007003643648743595,0.0185582677106981,100,1,0.01,0.01,1,6
betabinom,91,-0.009904031480564396,0.0183753732343971,100,1,0.01,0.01,1,6
betabinom,92,-0.001892856166423913,0.018340624193703213,100,4,0.04,0.01,1,6
betabinom,93,-0.007149619289772598,0.018209963357381963,100,2,0.02,0.01,1,6
betabinom,94,-0.011597162351885171,0.017999999302759195,100,2,0.02,0.01,1,6
betabinom,95,-0.006878179262940188,0.017876616890425075,100,1,0.01,0.01,1,6
betabinom,96,-0.007926147093445036,0.01773548425331249,100,1,0.01,0.01,1,6
betabinom,97,0.002095317208333971,0.01777268467840176,100,0,0.0,0.01,1,6
betabinom,98,0.008046496877037703,0.017916269432589126,100,0,0.0,0.01,1,6
betabinom,99,0.013698999190647855,0.018163393202563115,100,1,0.01,0.01,1,6
betabinom,100,0.014703227019862961,0.018432426679686337,100,2,0.02,0.01,1,6
betabinom,1,-0.0021908378032679857,0.009978115603302452,100,1,0.01,0.01,2,6
betabinom,2,-0.01793270763162962,0.009800775817156862,100,0,0.0,0.01,2,6
betabinom,3,-0.019773193775864117,0.009608886561506264,100,2,0.02,0.01,2,6
betabinom,4,-0.035465170213591087,0.00927407787967333,100,1,0.01,0.01,2,6
betabinom,5,-0.03424263638149703,0.008961884667188998,100,0,0.0,0.01,2,6
betabinom,6,-0.031585218829535015,0.008683245187765266,100,4,0.04,0.01,2,6
betabinom,7,-0.01703482512375965,0.008536580375843221,100,0,0.0,0.01,2,6
betabinom,8,-0.020315900455908975,0.008364901865241456,100,0,0.0,0.01,2,6
betabinom,9,-0.014904327702207081,0.008241153113396899,100,1,0.01,0.01,2,6
betabinom,10,-0.02042222340280641,0.008074557361346732,100,0,0.0,0.01,2,6
betabinom,11,-0.017787805587733043,0.00793219858350622,100,3,0.03,0.01,2,6
betabinom,12,-0.020144303463280087,0.007774008630644662,100,0,0.0,0.01,2,6
betabinom,13,-0.02330600566360091,0.00759492253831884,100,0,0.0,0.01,2,6
betabinom,14,-0.03099807787153433,0.007363106033126783,100,0,0.0,0.01,2,6
betabinom,15,-0.02267471793006376,0.0071980282989993075,100,0,0.0,0.01,2,6
betabinom,16,-0.02258546696563538,0.007037279594062991,100,2,0.02,0.01,2,6
betabinom,17,-0.02774618150101049,0.006844705903710725,100,0,0.0,0.01,2,6
betabinom,18,-0.02187349023113307,0.00669661384558572,100,0,0.0,0.01,2,6
betabinom,19,-0.015838805465346783,0.006591383046594722,100,0,0.0,0.01,2,6
betabinom,20,-0.02815967908056703,0.006408360832771304,100,1,0.01,0.01,2,6
betabinom,21,-0.014420005542184424,0.00631661530929016,100,1,0.01,0.01,2,6
betabinom,22,-0.009004869573851468,0.0062599903451219996,100,1,0.01,0.01,2,6
betabinom,23,0.001891393704855299,0.006271841655667254,100,1,0.01,0.01,2,6
betabinom,24,0.007829052664781393,0.006321136950231114,100,1,0.01,0.01,2,6
betabinom,25,0.0005143986951894712,0.006324389371279281,100,1,0.01,0.01,2,6
betabinom,26,0.009636841616491138,0.0063856311245567956,100,1,0.01,0.01,2,6
betabinom,27,0.010567859914561675,0.00645347141170891,100,0,0.0,0.01,2,6
betabinom,28,0.015922051463284483,0.006557046289801383,100,0,0.0,0.01,2,6
betabinom,29,0.011472330075164454,0.006632704044722639,100,0,0.0,0.01,2,6
betabinom,30,0.007793417321143862,0.006684597426043935,100,0,0.0,0.01,2,6
betabinom,31,-0.004120233352429593,0.0066571119868766284,100,0,0.0,0.01,2,6
betabinom,32,-0.0017442941893060916,0.0066455101465732825,100,0,0.0,0.01,2,6
betabinom,33,0.002788195027882243,0.006664064980148571,100,0,0.0,0.01,2,6
betabinom,34,0.0006771003028346509,0.006668578748529258,100,0,0.0,0.01,2,6
betabinom,35,-0.008249885381368862,0.006613790049187807,100,0,0.0,0.01,2,6
betabinom,36,-0.02082320009739084,0.006477493762880458,100,2,0.02,0.01,2,6
betabinom,37,-0.020778599672253713,0.006344289207721799,100,2,0.02,0.01,2,6
betabinom,38,-0.018290898990862937,0.00622930127678625,100,1,0.01,0.01,2,6
betabinom,39,-0.014401594258290075,0.006140232314262133,100,0,0.0,0.01,2,6
betabinom,40,-0.006017607169501955,0.0061033937594065,100,0,0.0,0.01,2,6
betabinom,41,-0.008650613403264555,0.006050823370435112,100,2,0.02,0.01,2,6
betabinom,42,-0.006620267359947091,0.006010897607409792,100,2,0.02,0.01,2,6
betabinom,43,-0.010146373283535761,0.005950217160330605,100,0,0.0,0.01,2,6
betabinom,44,0.004935103718780066,0.005979654678021133,100,0,0.0,0.01,2,6
betabinom,45,0.01374407853666966,0.0060624068953735915,100,0,0.0,0.01,2,6
betabinom,46,0.010983772129545813,0.006129362028090246,100,0,0.0,0.01,2,6
betabinom,47,0.006270523820271255,0.0061679170925853,100,1,0.01,0.01,2,6
betabinom,48,0.00996677523090552,0.006229698706187563,100,1,0.01,0.01,2,6
betabinom,49,0.004441694291508474,0.006257430666220113,100,0,0.0,0.01,2,6
betabinom,50,-0.00543598764609361,0.006223507636542687,100,0,0.0,0.01,2,6
betabinom,51,-0.008147904591321326,0.006173005114360904,100,0,0.0,0.01,2,6
betabinom,52,-0.004818306176770062,0.006143333227213078,100,0,0.0,0.01,2,6
betabinom,53,-0.0017906041708935561,0.006132342791809497,100,0,0.0,0.01,2,6
betabinom,54,0.003103106746772519,0.006151401661660509,100,0,0.0,0.01,2,6
betabinom,55,0.005587491839937293,0.0061858687709230205,100,0,0.0,0.01,2,6
betabinom,56,0.010183306644635565,0.006249183197451166,100,1,0.01,0.01,2,6
betabinom,57,0.015418377097698005,0.006346282090644727,100,0,0.0,0.01,2,6
betabinom,58,0.018954769681475518,0.006467721700005932,100,1,0.01,0.01,2,6
betabinom,59,0.021134170175331802,0.006605866274681374,100,2,0.02,0.01,2,6
betabinom,60,0.024949026569919312,0.006772749336529498,100,2,0.02,0.01,2,6
betabinom,61,0.025239600385977497,0.006945866335160917,100,0,0.0,0.01,2,6
betabinom,62,0.010880420899512553,0.007021852917771286,100,0,0.0,0.01,2,6
betabinom,63,0.011636740470494008,0.007104041674960796,100,0,0.0,0.01,2,6
betabinom,64,0.008466245966489094,0.007164441558497667,100,1,0.01,0.01,2,6
betabinom,65,0.003035789684702264,0.007186224343525442,100,0,0.0,0.01,2,6
betabinom,66,0.0032412420438844214,0.007209554424799818,100,0,0.0,0.01,2,6
betabinom,67,0.003905306901645804,0.007237764997069802,100,0,0.0,0.01,2,6
betabinom,68,0.01895354284090514,0.007376254574226602,100,0,0.0,0.01,2,6
betabinom,69,0.0169064581610484,0.007502021050787156,100,1,0.01,0.01,2,6
betabinom,70,0.019357450004958,0.007648655705945676,100,0,0.0,0.01,2,6
betabinom,71,0.02869496314024053,0.007871312891566219,100,0,0.0,0.01,2,6
betabinom,72,0.02651934715272111,0.00808284745280175,100,0,0.0,0.01,2,6
betabinom,73,0.028988208564108543,0.008320583849095307,100,1,0.01,0.01,2,6
betabinom,74,0.01861607076190718,0.008476931198207215,100,0,0.0,0.01,2,6
betabinom,75,0.025495926617608414,0.008695837161113402,100,1,0.01,0.01,2,6
betabinom,76,0.029329102672437938,0.00895465515926486,100,1,0.01,0.01,2,6
betabinom,77,0.03889226275609061,0.009309783061468041,100,1,0.01,0.01,2,6
betabinom,78,0.03983630668044491,0.009688136502738972,100,0,0.0,0.01,2,6
betabinom,79,0.03746045746460923,0.010057941822126035,100,2,0.02,0.01,2,6
betabinom,80,0.035108057641063645,0.010417328392069412,100,3,0.03,0.01,2,6
betabinom,81,0.02958979377414536,0.010730180783426075,100,2,0.02,0.01,2,6
betabinom,82,0.025069846767374858,0.011002585071369598,100,1,0.01,0.01,2,6
betabinom,83,0.028573870397222128,0.011321506218263121,100,1,0.01,0.01,2,6
betabinom,84,0.021636688624966136,0.011569135400345255,100,1,0.01,0.01,2,6
betabinom,85,0.03144502635836465,0.011938707315350723,100,2,0.02,0.01,2,6
betabinom,86,0.030908845999110424,0.012313481056706826,100,1,0.01,0.01,2,6
betabinom,87,0.02800822074150778,0.012663234879674974,100,2,0.02,0.01,2,6
betabinom,88,0.03129656235531743,0.01306581746578923,100,2,0.02,0.01,2,6
betabinom,89,0.04539263094312429,0.01367257630448899,100,0,0.0,0.01,2,6
betabinom,90,0.05093758738177878,0.014387067092827638,100,1,0.01,0.01,2,6
betabinom,91,0.06145029282792005,0.01529888541888812,100,0,0.0,0.01,2,6
betabinom,92,0.061156764722728206,0.016263718077433993,100,0,0.0,0.01,2,6
betabinom,93,0.07774314562288012,0.017578558418147913,100,3,0.03,0.01,2,6
betabinom,94,0.07125504032577173,0.01887682403303001,100,0,0.0,0.01,2,6
betabinom,95,0.06561175533529104,0.02015690043891037,100,1,0.01,0.01,2,6
betabinom,96,0.06571446392498527,0.021525992259158765,100,1,0.01,0.01,2,6
betabinom,97,0.0672759433394953,0.023023998628512583,100,1,0.01,0.01,2,6
betabinom,98,0.06042154969150204,0.024458031294070252,100,5,0.05,0.01,2,6
betabinom,99,0.0669880791050838,0.02615255050413759,100,3,0.03,0.01,2,6
betabinom,100,0.06781138619308724,0.02798750346043293,100,2,0.02,0.01,2,6
betabinom,1,-3.276634907387293e-5,0.009999672341877371,100,1,0.01,0.01,3,6
betabinom,2,-0.0017250976732296924,0.009982436801157296,100,0,0.0,0.01,3,6
betabinom,3,0.004199606734514374,0.010024447261937512,100,1,0.01,0.01,3,6
betabinom,4,0.00042918679211172194,0.010028750545690775,100,1,0.01,0.01,3,6
betabinom,5,0.009654851388706736,0.010126045570538877,100,1,0.01,0.01,3,6
betabinom,6,0.003768441150495163,0.01016427696850121,100,0,0.0,0.01,3,6
betabinom,7,-0.01867213131477062,0.009976249157153741,100,1,0.01,0.01,3,6
betabinom,8,-0.0210802987731146,0.009768147968164756,100,3,0.03,0.01,3,6
betabinom,9,-0.023384921621363783,0.009542370773392084,100,1,0.01,0.01,3,6
betabinom,10,-0.03252201073950851,0.009237025817251004,100,1,0.01,0.01,3,6
betabinom,11,-0.02971092682968359,0.008966622082891867,100,0,0.0,0.01,3,6
betabinom,12,-0.018466586746807158,0.008802558686157256,100,0,0.0,0.01,3,6
betabinom,13,-0.0055086479093922665,0.008754201802459817,100,0,0.0,0.01,3,6
betabinom,14,-0.006483710752366773,0.008697625699845004,100,1,0.01,0.01,3,6
betabinom,15,-0.01492565326937514,0.00856877195961534,100,1,0.01,0.01,3,6
betabinom,16,-0.021611897824927714,0.008385571322894454,100,0,0.0,0.01,3,6
betabinom,17,-0.03124000054445825,0.00812765568794644,100,2,0.02,0.01,3,6
betabinom,18,-0.026270616263185446,0.007916917396505968,100,1,0.01,0.01,3,6
betabinom,19,-0.020763955411178675,0.007754225782620713,100,1,0.01,0.01,3,6
betabinom,20,-0.011460738959784214,0.0076658639382879545,100,0,0.0,0.01,3,6
betabinom,21,-0.017385764426462946,0.007533738909093185,100,1,0.01,0.01,3,6
betabinom,22,-0.018246728178286546,0.007397519382811947,100,0,0.0,0.01,3,6
betabinom,23,-0.010650910640287219,0.0073191471734944955,100,1,0.01,0.01,3,6
betabinom,24,-0.01123865960482987,0.0072373502745275145,100,0,0.0,0.01,3,6
betabinom,25,-0.02645891863043226,0.007048368958103599,100,2,0.02,0.01,3,6
betabinom,26,-0.027588296125372946,0.006856574276964252,100,0,0.0,0.01,3,6
betabinom,27,-0.02581130574972982,0.006681861622476175,100,1,0.01,0.01,3,6
betabinom,28,-0.02142364947940162,0.006540234265515922,100,0,0.0,0.01,3,6
betabinom,29,-0.0118886807668967,0.006462939882715147,100,0,0.0,0.01,3,6
betabinom,30,0.0031588816422857963,0.006483387824175934,100,0,0.0,0.01,3,6
betabinom,31,0.0101331673714246,0.006549419065932088,100,2,0.02,0.01,3,6
betabinom,32,0.006056949722384749,0.006589208948939332,100,1,0.01,0.01,3,6
betabinom,33,0.009094750604042957,0.006649409500555201,100,1,0.01,0.01,3,6
betabinom,34,0.004347469757525113,0.006678380536986069,100,0,0.0,0.01,3,6
betabinom,35,0.002594759337857998,0.006695731828724118,100,0,0.0,0.01,3,6
betabinom,36,-0.005773912393800898,0.0066571826566002015,100,0,0.0,0.01,3,6
betabinom,37,0.006125475723684332,0.0066980862163357555,100,1,0.01,0.01,3,6
betabinom,38,0.007401922115535755,0.006747848871278934,100,0,0.0,0.01,3,6
betabinom,39,0.011123549000474714,0.006823327918012539,100,0,0.0,0.01,3,6
betabinom,40,2.287111211134174e-6,0.006823343523740163,100,0,0.0,0.01,3,6
betabinom,41,0.00745972613689125,0.0068744341217781176,100,0,0.0,0.01,3,6
betabinom,42,0.018614257841895028,0.007003594998572332,100,0,0.0,0.01,3,6
betabinom,43,0.013695139482160315,0.007100170003599284,100,0,0.0,0.01,3,6
betabinom,44,0.021115008047419052,0.007251684132126802,100,0,0.0,0.01,3,6
betabinom,45,0.03051605972479321,0.0074763880601378205,100,1,0.01,0.01,3,6
betabinom,46,0.02645631617667637,0.007676825473316528,100,0,0.0,0.01,3,6
betabinom,47,0.024408896640904447,0.007866513938042073,100,0,0.0,0.01,3,6
betabinom,48,0.0349173053741413,0.008146043211933946,100,0,0.0,0.01,3,6
betabinom,49,0.03266023182161822,0.008416487213983406,100,1,0.01,0.01,3,6
betabinom,50,0.031546832817515434,0.0086862331737615,100,0,0.0,0.01,3,6
betabinom,51,0.03251457408118638,0.00897330404895591,100,2,0.02,0.01,3,6
betabinom,52,0.03599620073909744,0.009302192763166413,100,2,0.02,0.01,3,6
betabinom,53,0.045941988208156134,0.009739522984531462,100,0,0.0,0.01,3,6
betabinom,54,0.03377486281656336,0.010074092248585754,100,2,0.02,0.01,3,6
betabinom,55,0.03838707789324648,0.010468325534769271,100,2,0.02,0.01,3,6
betabinom,56,0.033890058931522006,0.010829177819662207,100,2,0.02,0.01,3,6
betabinom,57,0.043821307259294805,0.011314277779541387,100,2,0.02,0.01,3,6
betabinom,58,0.048329571751245304,0.011874521094377016,100,1,0.01,0.01,3,6
betabinom,59,0.027557055092288632,0.012206298332724162,100,1,0.01,0.01,3,6
betabinom,60,0.019612204128319117,0.012448053675860334,100,1,0.01,0.01,3,6
betabinom,61,0.03281473241114287,0.012863309214133077,100,5,0.05,0.01,3,6
betabinom,62,0.0442539469106279,0.013445345124597758,100,0,0.0,0.01,3,6
betabinom,63,0.047050609107893375,0.014093075364686573,100,0,0.0,0.01,3,6
betabinom,64,0.05340848819804111,0.014866227893930948,100,0,0.0,0.01,3,6
betabinom,65,0.05314275884986351,0.01567762936304939,100,1,0.01,0.01,3,6
betabinom,66,0.04698480431391685,0.016431818690949788,100,2,0.02,0.01,3,6
betabinom,67,0.043321564594251766,0.017159315153938176,100,2,0.02,0.01,3,6
betabinom,68,0.033529784473132755,0.017744417657586834,100,2,0.02,0.01,3,6
betabinom,69,0.033836983510762926,0.018355108934574833,100,4,0.04,0.01,3,6
betabinom,70,0.042469590634167775,0.019151432987036383,100,0,0.0,0.01,3,6
betabinom,71,0.034263759576706306,0.01981900452808332,100,1,0.01,0.01,3,6
betabinom,72,0.0274527434791973,0.020370627716405812,100,0,0.0,0.01,3,6
betabinom,73,0.029133878860896013,0.02097283280718549,100,3,0.03,0.01,3,6
betabinom,74,0.03183249852770813,0.021651190099290105,100,1,0.01,0.01,3,6
betabinom,75,0.0202518874800068,0.022094137688287146,100,6,0.06,0.01,3,6
betabinom,76,0.022435133046286478,0.022595424802304646,100,3,0.03,0.01,3,6
betabinom,77,0.030352994745735787,0.02329177835855131,100,4,0.04,0.01,3,6
betabinom,78,0.027182951576641905,0.023933601444278297,100,0,0.0,0.01,3,6
betabinom,79,0.025588917913963113,0.024553939447106803,100,3,0.03,0.01,3,6
betabinom,80,0.018290521005174254,0.025007176124273896,100,3,0.03,0.01,3,6
betabinom,81,0.03504915239834445,0.02589919743210523,100,3,0.03,0.01,3,6
betabinom,82,0.0312387568250684,0.026721025779236175,100,1,0.01,0.01,3,6
betabinom,83,0.03556102348262977,0.027688350394483707,100,5,0.05,0.01,3,6
betabinom,84,0.05015993934194509,0.02911261835673551,100,4,0.04,0.01,3,6
betabinom,85,0.051173149391478635,0.030641179822554404,100,6,0.06,0.01,3,6
betabinom,86,0.053670796621304286,0.03233064838378066,100,3,0.03,0.01,3,6
betabinom,87,0.06609784806578974,0.03453984187823346,100,5,0.05,0.01,3,6
betabinom,88,0.057351259267496166,0.03657865062823038,100,4,0.04,0.01,3,6
betabinom,89,0.046376027602497795,0.03831497383943949,100,5,0.05,0.01,3,6
betabinom,90,0.0643194731888015,0.04086035407163765,100,5,0.05,0.01,3,6
betabinom,91,0.05943450146184677,0.04336248889924327,100,8,0.08,0.01,3,6
betabinom,92,0.06634984475784743,0.04633717714819992,100,7,0.07,0.01,3,6
betabinom,93,0.04284097385989731,0.04836544318407097,100,8,0.08,0.01,3,6
betabinom,94,0.036040622192455324,0.0501403562147224,100,7,0.07,0.01,3,6
betabinom,95,0.038063240158495146,0.052085647828358304,100,2,0.02,0.01,3,6
betabinom,96,0.0344179807292275,0.05390953791409621,100,8,0.08,0.01,3,6
betabinom,97,0.03147542659142838,0.05563335016723175,100,8,0.08,0.01,3,6
betabinom,98,0.052246107924111246,0.05861724593457625,100,3,0.03,0.01,3,6
betabinom,99,0.05944646664235851,0.062207490538141785,100,7,0.07,0.01,3,6
betabinom,100,0.067740210900779,0.06656744405669418,100,4,0.04,0.01,3,6
betabinom,1,0.003415790403811863,0.01003421630863889,100,1,0.01,0.01,4,6
betabinom,2,0.005540522024010891,0.010089965402017897,100,1,0.01,0.01,4,6
betabinom,3,0.008216122306798223,0.010173207286316021,100,3,0.03,0.01,4,6
betabinom,4,0.011585928403250081,0.010291758775971166,100,1,0.01,0.01,4,6
betabinom,5,0.015914770861992743,0.010456860048395607,100,0,0.0,0.01,4,6
betabinom,6,0.012928734728971087,0.010592931740077497,100,1,0.01,0.01,4,6
betabinom,7,0.0018770997004282728,0.010612834402870712,100,2,0.02,0.01,4,6
betabinom,8,0.0014418195177625258,0.010628147231166158,100,0,0.0,0.01,4,6
betabinom,9,0.0008782864179470272,0.010637485888935063,100,3,0.03,0.01,4,6
betabinom,10,0.0050272582735902144,0.010691097925745397,100,0,0.0,0.01,4,6
betabinom,11,-0.0018049301207856416,0.010671818645186003,100,1,0.01,0.01,4,6
betabinom,12,-0.0009921312229007838,0.01066123605123198,100,2,0.02,0.01,4,6
betabinom,13,-0.003947086431674484,0.010619238170227873,100,1,0.01,0.01,4,6
betabinom,14,-0.009039664651493556,0.010523676392267086,100,0,0.0,0.01,4,6
betabinom,15,-0.00504641873393639,0.010470703289220286,100,1,0.01,0.01,4,6
betabinom,16,-0.012937893271869793,0.010336107021148734,100,0,0.0,0.01,4,6
betabinom,17,-0.008828508369426068,0.010245256242330247,100,0,0.0,0.01,4,6
betabinom,18,-0.008867173951514946,0.010154811360914921,100,1,0.01,0.01,4,6
betabinom,19,-0.014040328290348885,0.010013230720832251,100,3,0.03,0.01,4,6
betabinom,20,-0.006934031574957481,0.009944038829459621,100,0,0.0,0.01,4,6
betabinom,21,-0.014492795570683403,0.00980096120924747,100,4,0.04,0.01,4,6
betabinom,22,-0.01235973940656071,0.009680569420947647,100,0,0.0,0.01,4,6
betabinom,23,-0.01783574997421985,0.009509439853769125,100,0,0.0,0.01,4,6
betabinom,24,-0.015600591175143343,0.009362238172395808,100,0,0.0,0.01,4,6
betabinom,25,-0.02083779670737977,0.00916916831790438,100,1,0.01,0.01,4,6
betabinom,26,-0.024954331413415208,0.008943189158990842,100,1,0.01,0.01,4,6
betabinom,27,-0.009587372926920459,0.008857857177756705,100,1,0.01,0.01,4,6
betabinom,28,-0.021234584475993884,0.008671747238004051,100,3,0.03,0.01,4,6
betabinom,29,-0.03391425780149821,0.008382582485912844,100,0,0.0,0.01,4,6
betabinom,30,-0.035311242723475536,0.008091748160915265,100,0,0.0,0.01,4,6
betabinom,31,-0.046320685624605853,0.007725481193107939,100,0,0.0,0.01,4,6
betabinom,32,-0.05397719705295658,0.007319535825611123,100,1,0.01,0.01,4,6
betabinom,33,-0.06271616146485613,0.006874581388105525,100,1,0.01,0.01,4,6
betabinom,34,-0.05077506474740082,0.006534237677067999,100,0,0.0,0.01,4,6
betabinom,35,-0.05296395095073899,0.006197163807576765,100,1,0.01,0.01,4,6
betabinom,36,-0.05939322740663369,0.00583981144551029,100,0,0.0,0.01,4,6
betabinom,37,-0.06535870948632343,0.005470334684918918,100,0,0.0,0.01,4,6
betabinom,38,-0.057637642651480706,0.005163951894822071,100,1,0.01,0.01,4,6
betabinom,39,-0.05863301667531051,0.004869879243436321,100,0,0.0,0.01,4,6
betabinom,40,-0.06008194394599235,0.004585903751859895,100,0,0.0,0.01,4,6
betabinom,41,-0.057994040027596144,0.004327513626177737,100,1,0.01,0.01,4,6
betabinom,42,-0.05010628381495265,0.004116020806505685,100,0,0.0,0.01,4,6
betabinom,43,-0.046776100185517595,0.003927922942476697,100,2,0.02,0.01,4,6
betabinom,44,-0.04555318480984845,0.003753007760616469,100,0,0.0,0.01,4,6
betabinom,45,-0.04423178399602331,0.0035906232834776747,100,0,0.0,0.01,4,6
betabinom,46,-0.04205598954979332,0.003442747396673586,100,0,0.0,0.01,4,6
betabinom,47,-0.04237023574879171,0.003299924464614103,100,0,0.0,0.01,4,6
betabinom,48,-0.03667255503316743,0.0031810999196403085,100,0,0.0,0.01,4,6
betabinom,49,-0.0351044592478573,0.0030713664626730555,100,0,0.0,0.01,4,6
betabinom,50,-0.02499517169740986,0.002995548617896663,100,0,0.0,0.01,4,6
betabinom,51,-0.022467203490098064,0.002928997426539139,100,1,0.01,0.01,4,6
betabinom,52,-0.026690766783377673,0.002851854323262954,100,0,0.0,0.01,4,6
betabinom,53,-0.019070001452669495,0.0027979847362569425,100,0,0.0,0.01,4,6
betabinom,54,-0.018875553979420732,0.002745666545101139,100,0,0.0,0.01,4,6
betabinom,55,-0.020754823909099475,0.002689268014745068,100,0,0.0,0.01,4,6
betabinom,56,-0.018948130375535128,0.0026387911451635666,100,0,0.0,0.01,4,6
betabinom,57,-0.01756524568456124,0.002592844840792589,100,1,0.01,0.01,4,6
betabinom,58,-0.02525257774951404,0.0025281886287320007,100,0,0.0,0.01,4,6
betabinom,59,-0.02425607374206759,0.0024676024606955574,100,0,0.0,0.01,4,6
betabinom,60,-0.017816429558389548,0.0024240279192821734,100,0,0.0,0.01,4,6
betabinom,61,-0.011592511819702275,0.0023960895975159327,100,0,0.0,0.01,4,6
betabinom,62,8.36632611361833e-5,0.0023962900705716333,100,0,0.0,0.01,4,6
betabinom,63,0.008647840200284038,0.002417102666471298,100,0,0.0,0.01,4,6
betabinom,64,0.016333162816037715,0.002456905768277534,100,1,0.01,0.01,4,6
betabinom,65,0.021070265563071067,0.0025092226551090098,100,1,0.01,0.01,4,6
betabinom,66,0.008293660502645442,0.002530119833202427,100,0,0.0,0.01,4,6
betabinom,67,0.008312608238333345,0.0025512393858431862,100,1,0.01,0.01,4,6
betabinom,68,0.015557643722985647,0.0025912410180003093,100,0,0.0,0.01,4,6
betabinom,69,0.009611504098213203,0.0026162668167893357,100,1,0.01,0.01,4,6
betabinom,70,0.0020576917524803163,0.002621655830003087,100,0,0.0,0.01,4,6
betabinom,71,-0.001846122089603084,0.002616820398036195,100,1,0.01,0.01,4,6
betabinom,72,0.00494625552372683,0.002629795924063904,100,1,0.01,0.01,4,6
betabinom,73,0.01578346931832076,0.0026716325221591594,100,0,0.0,0.01,4,6
betabinom,74,0.03159933729291311,0.002757402337233539,100,0,0.0,0.01,4,6
betabinom,75,0.029594249904340373,0.0028402250849072176,100,0,0.0,0.01,4,6
betabinom,76,0.032278435018223806,0.0029333987664155324,100,0,0.0,0.01,4,6
betabinom,77,0.0283333044378844,0.003017700277361185,100,0,0.0,0.01,4,6
betabinom,78,0.041339387557349644,0.0031450646025571612,100,3,0.03,0.01,4,6
betabinom,79,0.04488853911034918,0.0032894585290793033,100,0,0.0,0.01,4,6
betabinom,80,0.042784535282756005,0.0034332505879781446,100,1,0.01,0.01,4,6
betabinom,81,0.047247616504881663,0.00359935665372373,100,0,0.0,0.01,4,6
betabinom,82,0.044282087157587025,0.0037623253460784124,100,0,0.0,0.01,4,6
betabinom,83,0.054300111229881404,0.0039722684145761045,100,0,0.0,0.01,4,6
betabinom,84,0.047230749680240866,0.004164382770423224,100,0,0.0,0.01,4,6
betabinom,85,0.038397332974317216,0.004327393523894452,100,0,0.0,0.01,4,6
betabinom,86,0.027657563894013304,0.004448749151564834,100,0,0.0,0.01,4,6
betabinom,87,0.021916912534007044,0.004547328327170808,100,0,0.0,0.01,4,6
betabinom,88,0.021792625018529965,0.0046475142402786045,100,1,0.01,0.01,4,6
betabinom,89,0.0316305997119665,0.0047968675176774354,100,0,0.0,0.01,4,6
betabinom,90,0.043741877596378646,0.005011348206505652,100,0,0.0,0.01,4,6
betabinom,91,0.0418485393484055,0.005225515855685312,100,2,0.02,0.01,4,6
betabinom,92,0.04476639725109983,0.0054647584357307,100,0,0.0,0.01,4,6
betabinom,93,0.02102595627305484,0.0055808766783193645,100,0,0.0,0.01,4,6
betabinom,94,0.03288432419268928,0.005767450907188083,100,0,0.0,0.01,4,6
betabinom,95,0.039554392954294235,0.006000150738582234,100,2,0.02,0.01,4,6
betabinom,96,0.03194958399364246,0.006194948339627506,100,0,0.0,0.01,4,6
betabinom,97,0.025567862447391947,0.006355382161847338,100,0,0.0,0.01,4,6
betabinom,98,0.02785169816521941,0.006534878381772863,100,1,0.01,0.01,4,6
betabinom,99,0.022446145538228737,0.006683219831711813,100,2,0.02,0.01,4,6
betabinom,100,0.018859587641601543,0.006810458666454084,100,1,0.01,0.01,4,6
betabinom,1,0.002993043662494672,0.010029975272897921,100,1,0.01,0.01,5,6
betabinom,2,0.005373878920454263,0.010084020231058616,100,2,0.02,0.01,5,6
betabinom,3,0.008238211184974609,0.01016743765270218,100,3,0.03,0.01,5,6
betabinom,4,0.00961760917540065,0.010265695841397042,100,3,0.03,0.01,5,6
betabinom,5,0.013057602126854383,0.010400620190427116,100,1,0.01,0.01,5,6
betabinom,6,0.017297408610143263,0.010582088912373793,100,0,0.0,0.01,5,6
betabinom,7,0.01632695662957557,0.010756280357689352,100,1,0.01,0.01,5,6
betabinom,8,0.010297012641371702,0.010867610110768823,100,1,0.01,0.01,5,6
betabinom,9,-0.002748672559628301,0.010837779624968766,100,2,0.02,0.01,5,6
betabinom,10,-0.015519715135422277,0.010670878848725324,100,2,0.02,0.01,5,6
betabinom,11,-0.02347358027646807,0.010423312123666012,100,1,0.01,0.01,5,6
betabinom,12,-0.02224672821038827,0.010193987847184857,100,2,0.02,0.01,5,6
betabinom,13,-0.01584735949248651,0.010033713374945553,100,1,0.01,0.01,5,6
betabinom,14,-0.017305839048241248,0.009861565424970577,100,1,0.01,0.01,5,6
betabinom,15,-0.006927083254916219,0.009793489595930772,100,1,0.01,0.01,5,6
betabinom,16,-0.019756836090385387,0.009601900060682475,100,3,0.03,0.01,5,6
betabinom,17,-0.03616401655110292,0.009260860633538998,100,2,0.02,0.01,5,6
betabinom,18,-0.048027890012928724,0.00882659299001647,100,2,0.02,0.01,5,6
betabinom,19,-0.04471285444091938,0.008440624011379898,100,0,0.0,0.01,5,6
betabinom,20,-0.04977233915110445,0.008030798010964115,100,0,0.0,0.01,5,6
betabinom,21,-0.047629453378569324,0.007657261768297905,100,0,0.0,0.01,5,6
betabinom,22,-0.04577356441274562,0.007314662416574572,100,2,0.02,0.01,5,6
betabinom,23,-0.03659903141549113,0.007051792589477346,100,0,0.0,0.01,5,6
betabinom,24,-0.03784471539154971,0.0067899062684474935,100,0,0.0,0.01,5,6
betabinom,25,-0.038909732682186844,0.006530786658705388,100,1,0.01,0.01,5,6
betabinom,26,-0.048470358444295106,0.0062217862625471325,100,0,0.0,0.01,5,6
betabinom,27,-0.03612495023877763,0.006001035848582812,100,0,0.0,0.01,5,6
betabinom,28,-0.03585136915138235,0.005789701446471544,100,0,0.0,0.01,5,6
betabinom,29,-0.041557501254379084,0.005554026861804551,100,0,0.0,0.01,5,6
betabinom,30,-0.047600937684976155,0.0052958436063040995,100,0,0.0,0.01,5,6
betabinom,31,-0.04856969493663371,0.005044772671997291,100,1,0.01,0.01,5,6
betabinom,32,-0.04068916787138362,0.004843625084879863,100,1,0.01,0.01,5,6
betabinom,33,-0.04079331559416376,0.004650013436964097,100,0,0.0,0.01,5,6
betabinom,34,-0.04499975856487751,0.004445402209503852,100,0,0.0,0.01,5,6
betabinom,35,-0.04253451253097338,0.0042602840572714875,100,1,0.01,0.01,5,6
betabinom,36,-0.029359105646256732,0.00413702418101524,100,0,0.0,0.01,5,6
betabinom,37,-0.025427227779827814,0.004033157245103973,100,1,0.01,0.01,5,6
betabinom,38,-0.028378076211361597,0.003920312729411936,100,3,0.03,0.01,5,6
betabinom,39,-0.025650863831045062,0.003821032082151229,100,1,0.01,0.01,5,6
betabinom,40,-0.023492211308417256,0.003732313763947614,100,1,0.01,0.01,5,6
betabinom,41,-0.018166273130778277,0.003665123677228187,100,0,0.0,0.01,5,6
betabinom,42,-0.010693029803465589,0.0036261411923905707,100,0,0.0,0.01,5,6
betabinom,43,-0.029753365549975392,0.0035198405310606427,100,0,0.0,0.01,5,6
betabinom,44,-0.02201755505283433,0.003443189182548957,100,0,0.0,0.01,5,6
betabinom,45,-0.024083612282030247,0.0033612553409364033,100,0,0.0,0.01,5,6
betabinom,46,-0.001304445906103388,0.0033568736236454615,100,1,0.01,0.01,5,6
betabinom,47,0.0013947288176381699,0.0033615588185542103,100,0,0.0,0.01,5,6
betabinom,48,-0.0001916016373653465,0.003360914800079943,100,0,0.0,0.01,5,6
betabinom,49,-0.0013347043662672307,0.0033564319647170805,100,0,0.0,0.01,5,6
betabinom,50,-0.006922549873844607,0.0033332771347439694,100,0,0.0,0.01,5,6
betabinom,51,-0.0020095696224567755,0.0033265854082678544,100,0,0.0,0.01,5,6
betabinom,52,0.0072740935920703785,0.003350871524524557,100,0,0.0,0.01,5,6
betabinom,53,0.014081106369403934,0.003398389268959243,100,1,0.01,0.01,5,6
betabinom,54,-0.003408744440588852,0.0033868247498746525,100,0,0.0,0.01,5,6
betabinom,55,-0.006071491962112381,0.003366323968769232,100,0,0.0,0.01,5,6
betabinom,56,-0.014516105450156079,0.003317811016498227,100,0,0.0,0.01,5,6
betabinom,57,-0.005100022279484653,0.0033009331816448682,100,0,0.0,0.01,5,6
betabinom,58,-0.005222598977309128,0.0032837386704868857,100,0,0.0,0.01,5,6
betabinom,59,-0.007594186415337964,0.003258895796984237,100,0,0.0,0.01,5,6
betabinom,60,-0.005705130855410943,0.003240356305417039,100,0,0.0,0.01,5,6
betabinom,61,-0.013003330356462953,0.0031984936487483803,100,0,0.0,0.01,5,6
betabinom,62,-0.014995882082031496,0.003150887257195132,100,1,0.01,0.01,5,6
betabinom,63,0.002293596901903819,0.003158122416544252,100,0,0.0,0.01,5,6
betabinom,64,-0.004009532084693738,0.003145485175030436,100,0,0.0,0.01,5,6
betabinom,65,0.00137127610362669,0.0031498014624197824,100,0,0.0,0.01,5,6
betabinom,66,0.0015417246864721655,0.0031546613344215746,100,0,0.0,0.01,5,6
betabinom,67,0.008775526450196275,0.0031824669745261517,100,0,0.0,0.01,5,6
betabinom,68,0.010901741366508986,0.0032173512103555978,100,0,0.0,0.01,5,6
betabinom,69,0.010868160775233511,0.003252508602619694,100,0,0.0,0.01,5,6
betabinom,70,0.013914674639035987,0.003298082539511598,100,0,0.0,0.01,5,6
betabinom,71,0.013746854253623455,0.0033437338616196734,100,1,0.01,0.01,5,6
betabinom,72,0.018476886090662704,0.003406089950477441,100,0,0.0,0.01,5,6
betabinom,73,0.017453671406633217,0.0034660605564808236,100,0,0.0,0.01,5,6
betabinom,74,0.015917851233799622,0.0035216742437175026,100,0,0.0,0.01,5,6
betabinom,75,0.02423153962760359,0.00360805214094625,100,0,0.0,0.01,5,6
betabinom,76,0.01608721849038071,0.0036665650571800347,100,0,0.0,0.01,5,6
betabinom,77,0.025715972479717866,0.0037620771732142983,100,1,0.01,0.01,5,6
betabinom,78,0.02825559434660194,0.003869892925751392,100,0,0.0,0.01,5,6
betabinom,79,0.022813973743310394,0.0039591953597498605,100,0,0.0,0.01,5,6
betabinom,80,0.027134762616017518,0.004068098028051465,100,0,0.0,0.01,5,6
betabinom,81,0.02989031058148603,0.0041915302658387665,100,1,0.01,0.01,5,6
betabinom,82,0.028470207485955117,0.004312578966754035,100,0,0.0,0.01,5,6
betabinom,83,0.03243067997912769,0.004454731426737919,100,0,0.0,0.01,5,6
betabinom,84,0.035592372697258234,0.004616141329274413,100,1,0.01,0.01,5,6
betabinom,85,0.0337872991276375,0.0047747730553375865,100,1,0.01,0.01,5,6
betabinom,86,0.030330261829649235,0.004921811761640756,100,0,0.0,0.01,5,6
betabinom,87,0.029448663926395193,0.005068907802779743,100,1,0.01,0.01,5,6
betabinom,88,0.028326307739479202,0.005214544177648158,100,1,0.01,0.01,5,6
betabinom,89,0.031467031260703854,0.005381239348835415,100,0,0.0,0.01,5,6
betabinom,90,0.02110787903307392,0.005496033162933707,100,0,0.0,0.01,5,6
betabinom,91,0.01810770636522513,0.005596460225438451,100,0,0.0,0.01,5,6
betabinom,92,0.02947200652469384,0.005763853732673442,100,0,0.0,0.01,5,6
betabinom,93,0.045282977484937724,0.006030857940385766,100,0,0.0,0.01,5,6
betabinom,94,0.04343221643956402,0.006298562896623142,100,0,0.0,0.01,5,6
betabinom,95,0.04836120252184602,0.006610654715821812,100,1,0.01,0.01,5,6
betabinom,96,0.042756470759461256,0.006899432549443207,100,0,0.0,0.01,5,6
betabinom,97,0.044921965770851655,0.0072164355133239,100,0,0.0,0.01,5,6
betabinom,98,0.03219011581756926,0.0074525126992838605,100,0,0.0,0.01,5,6
betabinom,99,0.035401806251424084,0.007721070782772787,100,1,0.01,0.01,5,6
betabinom,100,0.04126925299614864,0.008046380072396416,100,1,0.01,0.01,5,6
betabinom,1,-0.0008698937103543077,0.00999130484537493,100,0,0.0,0.01,6,6
betabinom,2,-0.005260146194725644,0.009938887104564868,100,1,0.01,0.01,6,6
betabinom,3,-4.742380675784065e-5,0.009938415775879622,100,1,0.01,0.01,6,6
betabinom,4,-0.0036655031101170484,0.009902053166286506,100,0,0.0,0.01,6,6
betabinom,5,0.00927737517708882,0.009994345682719378,100,0,0.0,0.01,6,6
betabinom,6,0.007359512127443458,0.010068170515141315,100,1,0.01,0.01,6,6
betabinom,7,0.0013888401025077355,0.010082163308738878,100,2,0.02,0.01,6,6
betabinom,8,-0.00887255281155074,0.009993104456254997,100,1,0.01,0.01,6,6
betabinom,9,-0.02326587260801497,0.009763289945059568,100,0,0.0,0.01,6,6
betabinom,10,-0.021548108214101164,0.009555159973568745,100,0,0.0,0.01,6,6
betabinom,11,-0.02503260079987457,0.0093189384234392,100,1,0.01,0.01,6,6
betabinom,12,-0.030210357036036535,0.009041620001995316,100,1,0.01,0.01,6,6
betabinom,13,-0.012691984603484696,0.008927589070286823,100,1,0.01,0.01,6,6
betabinom,14,-0.011583470047254817,0.008824773241356509,100,3,0.03,0.01,6,6
betabinom,15,-0.011557825582519535,0.008723365208472063,100,2,0.02,0.01,6,6
betabinom,16,-0.013681308036849015,0.00860483086329625,100,1,0.01,0.01,6,6
betabinom,17,-0.010510265325527205,0.008514865416373342,100,1,0.01,0.01,6,6
betabinom,18,-0.006422550848040368,0.008460353500429216,100,0,0.0,0.01,6,6
betabinom,19,-0.01297440054002966,0.008351294502829947,100,1,0.01,0.01,6,6
betabinom,20,-0.004101340211035344,0.00831711314547267,100,1,0.01,0.01,6,6
betabinom,21,-0.011667535208887952,0.008220636849751908,100,0,0.0,0.01,6,6
betabinom,22,-0.018400931484911724,0.00807075270737017,100,0,0.0,0.01,6,6
betabinom,23,-0.000363121764015914,0.00806782257344003,100,0,0.0,0.01,6,6
betabinom,24,-0.015786246354704082,0.007941461942908108,100,0,0.0,0.01,6,6
betabinom,25,-0.012865892945748192,0.007839942413798238,100,0,0.0,0.01,6,6
betabinom,26,-0.014064338640492087,0.007730450578727779,100,0,0.0,0.01,6,6
betabinom,27,-0.006893215332157913,0.00767734615865282,100,0,0.0,0.01,6,6
betabinom,28,-0.006736587527519476,0.007625800858921542,100,2,0.02,0.01,6,6
betabinom,29,-0.0075019932223720455,0.007568806206614617,100,2,0.02,0.01,6,6
betabinom,30,0.0018066164252629755,0.007582492495441702,100,0,0.0,0.01,6,6
betabinom,31,0.006064503181107,0.007628616262805642,100,0,0.0,0.01,6,6
betabinom,32,0.002780795772924477,0.0076498594093995145,100,1,0.01,0.01,6,6
betabinom,33,0.007007379646703079,0.0077036531349328734,100,0,0.0,0.01,6,6
betabinom,34,0.007299855325016987,0.0077600944443522646,100,1,0.01,0.01,6,6
betabinom,35,-0.002235851485347394,0.007742763407694317,100,0,0.0,0.01,6,6
betabinom,36,-0.00788911667100263,0.007681920159122362,100,2,0.02,0.01,6,6
betabinom,37,-0.009685945750558528,0.007607872686016489,100,1,0.01,0.01,6,6
betabinom,38,-0.022237371430170478,0.007440560778418694,100,2,0.02,0.01,6,6
betabinom,39,-0.02830920933531954,0.007232877924231705,100,1,0.01,0.01,6,6
betabinom,40,-0.035685171286076324,0.006979322428813925,100,0,0.0,0.01,6,6
betabinom,41,-0.030706004861948903,0.006768272157991348,100,0,0.0,0.01,6,6
betabinom,42,-0.01897982036384665,0.006641022971538781,100,0,0.0,0.01,6,6
betabinom,43,-0.01127281997873529,0.006566580292887961,100,2,0.02,0.01,6,6
betabinom,44,-0.01515350722955126,0.006467823714977078,100,0,0.0,0.01,6,6
betabinom,45,-0.008809287221844972,0.006411097025869188,100,0,0.0,0.01,6,6
betabinom,46,-0.004823002282081158,0.00638025073593998,100,0,0.0,0.01,6,6
betabinom,47,-0.011853783941885049,0.006305067107812305,100,0,0.0,0.01,6,6
betabinom,48,-0.01984419578233155,0.0061811813932988804,100,1,0.01,0.01,6,6
betabinom,49,-0.00771585633181484,0.006133671809971434,100,0,0.0,0.01,6,6
betabinom,50,-0.011742791023868389,0.006062066628857027,100,1,0.01,0.01,6,6
betabinom,51,-0.026532849530605397,0.0059033378030521,100,0,0.0,0.01,6,6
betabinom,52,-0.027203880892869486,0.005744908816568738,100,1,0.01,0.01,6,6
betabinom,53,-0.027297989525437605,0.005590205507229746,100,0,0.0,0.01,6,6
betabinom,54,-0.034458224053063466,0.005400857978229374,100,0,0.0,0.01,6,6
betabinom,55,-0.025651593735174484,0.0052640791608823435,100,0,0.0,0.01,6,6
betabinom,56,-0.03916449703982316,0.005061899130069007,100,0,0.0,0.01,6,6
betabinom,57,-0.03747181867028771,0.004875730387777894,100,0,0.0,0.01,6,6
betabinom,58,-0.031992277009713486,0.004722213442474169,100,1,0.01,0.01,6,6
betabinom,59,-0.026168855998067477,0.0046002414136839176,100,0,0.0,0.01,6,6
betabinom,60,-0.044080300572513303,0.004401865739624814,100,0,0.0,0.01,6,6
betabinom,61,-0.037772407204782976,0.004238697698889068,100,0,0.0,0.01,6,6
betabinom,62,-0.02805496691227898,0.004121433784071387,100,1,0.01,0.01,6,6
betabinom,63,-0.03223186420918871,0.00399071033729965,100,0,0.0,0.01,6,6
betabinom,64,-0.031174673254018355,0.0038682204575648345,100,0,0.0,0.01,6,6
betabinom,65,-0.015378769694600308,0.0038091870798571915,100,0,0.0,0.01,6,6
betabinom,66,-0.024079394170855545,0.003718559668177246,100,1,0.01,0.01,6,6
betabinom,67,-0.0424905661741707,0.0035638657521820075,100,0,0.0,0.01,6,6
betabinom,68,-0.03592690530452072,0.0034380998027930395,100,1,0.01,0.01,6,6
betabinom,69,-0.026322185108652904,0.003348782177862455,100,0,0.0,0.01,6,6
betabinom,70,-0.03484321482334048,0.0032341092294499727,100,0,0.0,0.01,6,6
betabinom,71,-0.02257776371126855,0.0031619084090199357,100,0,0.0,0.01,6,6
betabinom,72,-0.02313386547791311,0.0030896008466845246,100,0,0.0,0.01,6,6
betabinom,73,-0.017608878156915447,0.003035672642871124,100,1,0.01,0.01,6,6
betabinom,74,-0.02266578236091921,0.002967640659023132,100,0,0.0,0.01,6,6
betabinom,75,-0.020197127343525585,0.002908304074058493,100,0,0.0,0.01,6,6
betabinom,76,-0.02487353471459653,0.0028368565318079423,100,0,0.0,0.01,6,6
betabinom,77,-0.026118425520484333,0.0027637215485825776,100,0,0.0,0.01,6,6
betabinom,78,-0.028373010087922926,0.002686408438559754,100,1,0.01,0.01,6,6
betabinom,79,-0.031884857734429305,0.0026021038497823874,100,0,0.0,0.01,6,6
betabinom,80,-0.03256188885732191,0.0025187390566759342,100,0,0.0,0.01,6,6
betabinom,81,-0.04014903398009576,0.002419617253572566,100,0,0.0,0.01,6,6
betabinom,82,-0.03863750868615508,0.002327912304550687,100,0,0.0,0.01,6,6
betabinom,83,-0.038287400238867585,0.0022404672974754027,100,0,0.0,0.01,6,6
betabinom,84,-0.04314207489170576,0.002145864248235248,100,0,0.0,0.01,6,6
betabinom,85,-0.04654160871574001,0.0020482807350555247,100,0,0.0,0.01,6,6
betabinom,86,-0.03826093055190599,0.0019713919067211455,100,0,0.0,0.01,6,6
betabinom,87,-0.03863387263286792,0.0018966818643228647,100,0,0.0,0.01,6,6
betabinom,88,-0.043524657902437015,0.0018159001848150154,100,0,0.0,0.01,6,6
betabinom,89,-0.030446062693286424,0.0017614463329630374,100,1,0.01,0.01,6,6
betabinom,90,-0.033565194354186555,0.0017033042777202221,100,1,0.01,0.01,6,6
betabinom,91,-0.038880912249753985,0.0016383491926919539,100,0,0.0,0.01,6,6
betabinom,92,-0.042936570952567234,0.0015694929008692419,100,0,0.0,0.01,6,6
betabinom,93,-0.03564978552242125,0.0015145264087215661,100,0,0.0,0.01,6,6
betabinom,94,-0.03592145442576908,0.0014610879568827818,100,0,0.0,0.01,6,6
betabinom,95,-0.032463707549958074,0.001414417275177503,100,0,0.0,0.01,6,6
betabinom,96,-0.044067867350053,0.0013534403514722175,100,0,0.0,0.01,6,6
betabinom,97,-0.043921821357783414,0.001295281359924845,100,0,0.0,0.01,6,6
betabinom,98,-0.051927747983106044,0.00122973683341688,100,0,0.0,0.01,6,6
betabinom,99,-0.054950332652164396,0.0011639854593554473,100,0,0.0,0.01,6,6
betabinom,100,-0.07031564516275024,0.0010849503353847151,100,0,0.0,0.01,6,6
betabinom,1,-0.0018619708530667846,0.009981397615392738,100,0,0.0,0.01,7,6
betabinom,2,0.003018944497237004,0.0100115764319637,100,0,0.0,0.01,7,6
betabinom,3,-0.01076597234632649,0.009904370202093653,100,1,0.01,0.01,7,6
betabinom,4,-0.012387859882441257,0.009782433081149787,100,0,0.0,0.01,7,6
betabinom,5,-0.015768550431204637,0.009629388111600317,100,2,0.02,0.01,7,6
betabinom,6,-0.023404597435189946,0.009406633073511616,100,2,0.02,0.01,7,6
betabinom,7,-0.011894611118810372,0.0092954076341997,100,2,0.02,0.01,7,6
betabinom,8,0.006898649117425168,0.009359755089932455,100,0,0.0,0.01,7,6
betabinom,9,0.006799450832170462,0.009423613138271152,100,1,0.01,0.01,7,6
betabinom,10,0.008746189113558286,0.009506395327545825,100,1,0.01,0.01,7,6
betabinom,11,0.01285095602704647,0.009629349945944755,100,0,0.0,0.01,7,6
betabinom,12,-0.002112158425608813,0.009609032697500334,100,2,0.02,0.01,7,6
betabinom,13,0.0022992128509104846,0.009631151326937813,100,1,0.01,0.01,7,6
betabinom,14,0.003898663413757342,0.009668773234172076,100,1,0.01,0.01,7,6
betabinom,15,0.00548608557355933,0.009721962719155007,100,2,0.02,0.01,7,6
betabinom,16,0.007627229351974038,0.00979639786467599,100,1,0.01,0.01,7,6
betabinom,17,0.006344278626609162,0.009858746511734132,100,0,0.0,0.01,7,6
betabinom,18,0.010385762520346672,0.009961670659481623,100,4,0.04,0.01,7,6
betabinom,19,0.002541820229638213,0.009987023643198182,100,1,0.01,0.01,7,6
betabinom,20,0.002547106240212003,0.010012494077621663,100,2,0.02,0.01,7,6
betabinom,21,0.0022125503730885563,0.010034671750690722,100,1,0.01,0.01,7,6
betabinom,22,0.007706167776444932,0.010112299336222918,100,2,0.02,0.01,7,6
betabinom,23,0.006023645976762291,0.010173396075260879,100,1,0.01,0.01,7,6
betabinom,24,-0.005203688718119851,0.010120594389795162,100,0,0.0,0.01,7,6
betabinom,25,-0.0077592746936667265,0.010042369793394878,100,0,0.0,0.01,7,6
betabinom,26,-0.008065013327696444,0.00996170367108501,100,0,0.0,0.01,7,6
betabinom,27,-0.0013879717680662026,0.009947886698629707,100,1,0.01,0.01,7,6
betabinom,28,0.014578818343577816,0.010093977459518497,100,3,0.03,0.01,7,6
betabinom,29,0.004870526795517388,0.010143260366644105,100,4,0.04,0.01,7,6
betabinom,30,0.004165421863893206,0.01018559944398788,100,0,0.0,0.01,7,6
betabinom,31,0.02227114682102397,0.010414989331146778,100,2,0.02,0.01,7,6
betabinom,32,0.01562680255268818,0.010579020617291985,100,2,0.02,0.01,7,6
betabinom,33,0.03187458360912915,0.010921654135995237,100,1,0.01,0.01,7,6
betabinom,34,0.016363236689623646,0.011101837922219951,100,0,0.0,0.01,7,6
betabinom,35,0.013585849108172534,0.011253695035217434,100,1,0.01,0.01,7,6
betabinom,36,0.017647855004815867,0.0114540614317622,100,1,0.01,0.01,7,6
betabinom,37,0.01617161025686656,0.011640797894132509,100,1,0.01,0.01,7,6
betabinom,38,0.023807245572531277,0.011921258478651652,100,3,0.03,0.01,7,6
betabinom,39,0.016799165751801615,0.012123217296051559,100,2,0.02,0.01,7,6
betabinom,40,0.017490590673191978,0.012337124758149694,100,0,0.0,0.01,7,6
betabinom,41,0.0011380980227357305,0.012351173608411122,100,0,0.0,0.01,7,6
betabinom,42,-0.006528440144973378,0.012270802345732608,100,0,0.0,0.01,7,6
betabinom,43,0.0011370018123546656,0.012284762204927442,100,0,0.0,0.01,7,6
betabinom,44,0.0040697024738567435,0.012334859403265123,100,1,0.01,0.01,7,6
betabinom,45,0.0027475026067697705,0.01236879606080893,100,0,0.0,0.01,7,6
betabinom,46,0.006937193036440854,0.01245489909810024,100,2,0.02,0.01,7,6
betabinom,47,-0.00355617921030739,0.012410685906472383,100,1,0.01,0.01,7,6
betabinom,48,-0.01226768580998431,0.0122593655839275,100,1,0.01,0.01,7,6
betabinom,49,0.0016703692553849646,0.012279860363448955,100,0,0.0,0.01,7,6
betabinom,50,0.03183287821867641,0.012677051999408518,100,3,0.03,0.01,7,6
betabinom,51,0.02778742323248183,0.013034254493167988,100,2,0.02,0.01,7,6
betabinom,52,0.021467483563260642,0.01331709218184632,100,3,0.03,0.01,7,6
betabinom,53,0.018638123947947317,0.013567625277536513,100,0,0.0,0.01,7,6
betabinom,54,0.026479067261916494,0.013931682010190436,100,2,0.02,0.01,7,6
betabinom,55,0.033872101673108425,0.01441166040844223,100,4,0.04,0.01,7,6
betabinom,56,0.02678579590129055,0.014802904705506123,100,2,0.02,0.01,7,6
betabinom,57,0.03838811434765929,0.015382208352311223,100,3,0.03,0.01,7,6
betabinom,58,0.037864594736042166,0.015975816890025626,100,3,0.03,0.01,7,6
betabinom,59,0.03022479706002035,0.01646605405246492,100,2,0.02,0.01,7,6
betabinom,60,0.03192381587579886,0.017000193858253982,100,2,0.02,0.01,7,6
betabinom,61,0.042736196263135046,0.01774246544232832,100,0,0.0,0.01,7,6
betabinom,62,0.03847921596127912,0.018438486903597787,100,1,0.01,0.01,7,6
betabinom,63,0.041769845318515346,0.01922497096198834,100,1,0.01,0.01,7,6
betabinom,64,0.044538362924820225,0.020100573919887975,100,1,0.01,0.01,7,6
betabinom,65,0.03680219771359032,0.02085409987487997,100,2,0.02,0.01,7,6
betabinom,66,0.038499322810355355,0.02167262380773777,100,3,0.03,0.01,7,6
betabinom,67,0.06480813977214847,0.023123699134703395,100,3,0.03,0.01,7,6
betabinom,68,0.06595084552081733,0.024700139063086674,100,4,0.04,0.01,7,6
betabinom,69,0.06862969988582779,0.026454825324357063,100,4,0.04,0.01,7,6
betabinom,70,0.05618686251417814,0.027983790619635133,100,2,0.02,0.01,7,6
betabinom,71,0.044069958486177604,0.02924461325772115,100,2,0.02,0.01,7,6
betabinom,72,0.04319893618878554,0.030535634038450426,100,4,0.04,0.01,7,6
betabinom,73,0.04453107843561653,0.03192614955357441,100,1,0.01,0.01,7,6
betabinom,74,0.05335973885333746,0.03367599092738605,100,3,0.03,0.01,7,6
betabinom,75,0.06601736100253658,0.03597421777873812,100,3,0.03,0.01,7,6
betabinom,76,0.05866031126009151,0.03814759901369514,100,7,0.07,0.01,7,6
betabinom,77,0.06413543259089165,0.04067437360229457,100,7,0.07,0.01,7,6
betabinom,78,0.06776437203742179,0.043526181254199825,100,3,0.03,0.01,7,6
betabinom,79,0.07525912646452064,0.046928339721790294,100,6,0.06,0.01,7,6
betabinom,80,0.06785439013852278,0.05022315330386795,100,4,0.04,0.01,7,6
betabinom,81,0.05204414727267429,0.05290618701513294,100,8,0.08,0.01,7,6
betabinom,82,0.04009607098001308,0.05507061990107894,100,6,0.06,0.01,7,6
betabinom,83,0.038669561164103354,0.05724188702148691,100,1,0.01,0.01,7,6
betabinom,84,0.04357391329394456,0.059791280200019524,100,3,0.03,0.01,7,6
betabinom,85,0.045638042412659216,0.06258326290883182,100,4,0.04,0.01,7,6
betabinom,86,0.05464372770432117,0.06609820590711728,100,5,0.05,0.01,7,6
betabinom,87,0.05214074533240368,0.0696360469851046,100,6,0.06,0.01,7,6
betabinom,88,0.06645423710463817,0.07442088291717791,100,4,0.04,0.01,7,6
betabinom,89,0.06664457450213536,0.07954963459138009,100,4,0.04,0.01,7,6
betabinom,90,0.07630382000183704,0.08585715967220642,100,11,0.11,0.01,7,6
betabinom,91,0.07485387476545667,0.09253054961444632,100,5,0.05,0.01,7,6
betabinom,92,0.05267258492030642,0.09753501492949516,100,14,0.14,0.01,7,6
betabinom,93,0.049836987450383015,0.10251902882951072,100,11,0.11,0.01,7,6
betabinom,94,0.042211264574904976,0.1069391191944205,100,6,0.06,0.01,7,6
betabinom,95,0.03586432879064267,0.11084402376854985,100,13,0.13,0.01,7,6
betabinom,96,0.02668400674470075,0.11384160228582468,100,17,0.17,0.01,7,6
betabinom,97,0.027885588850615265,0.1170608186693634,100,11,0.11,0.01,7,6
betabinom,98,0.03252943118121062,0.12093135234480348,100,12,0.12,0.01,7,6
betabinom,99,0.027321746194040965,0.12428095823687194,100,7,0.07,0.01,7,6
betabinom,100,0.034075843616088855,0.12858891858003316,100,10,0.1,0.01,7,6
betabinom,1,0.0059073968523001815,0.010059248799306251,100,1,0.01,0.01,8,6
betabinom,2,-0.006517445221069782,0.009993901376729031,100,2,0.02,0.01,8,6
betabinom,3,-0.016762299542800816,0.00982777681281683,100,0,0.0,0.01,8,6
betabinom,4,-0.01836449399048303,0.009648941797926126,100,1,0.01,0.01,8,6
betabinom,5,-0.01406266569567741,0.009514201578928003,100,1,0.01,0.01,8,6
betabinom,6,-0.018759529441932286,0.009337383333292582,100,0,0.0,0.01,8,6
betabinom,7,-0.023474460170183,0.009120745970792083,100,0,0.0,0.01,8,6
betabinom,8,-0.04162727644253311,0.008748867989238192,100,1,0.01,0.01,8,6
betabinom,9,-0.041764531318373724,0.00839100071437084,100,1,0.01,0.01,8,6
betabinom,10,-0.037289353705847704,0.008083867704612278,100,1,0.01,0.01,8,6
betabinom,11,-0.04141245890106629,0.00775593204250473,100,0,0.0,0.01,8,6
betabinom,12,-0.041890737879255645,0.007437741474743644,100,2,0.02,0.01,8,6
betabinom,13,-0.03948905100789072,0.0071497556874108355,100,1,0.01,0.01,8,6
betabinom,14,-0.035134140270005706,0.006902916795452494,100,1,0.01,0.01,8,6
betabinom,15,-0.04663160508438716,0.006588412611846598,100,0,0.0,0.01,8,6
betabinom,16,-0.03992566139686041,0.0063305478448324876,100,1,0.01,0.01,8,6
betabinom,17,-0.054791687824455926,0.005993017802097949,100,0,0.0,0.01,8,6
betabinom,18,-0.05701503789842994,0.005660883945031855,100,1,0.01,0.01,8,6
betabinom,19,-0.05555207948481681,0.005354985384460818,100,0,0.0,0.01,8,6
betabinom,20,-0.0639342415458145,0.005023333378815435,100,0,0.0,0.01,8,6
betabinom,21,-0.054208219095477475,0.004758276457576722,100,0,0.0,0.01,8,6
betabinom,22,-0.05378981262456137,0.004509091542040666,100,0,0.0,0.01,8,6
betabinom,23,-0.05018815678023167,0.004288373590073891,100,0,0.0,0.01,8,6
betabinom,24,-0.05109667632646727,0.0040747560024376375,100,1,0.01,0.01,8,6
betabinom,25,-0.047740639635056537,0.0038847950512328868,100,1,0.01,0.01,8,6
betabinom,26,-0.03683412322149378,0.0037443053233903937,100,1,0.01,0.01,8,6
betabinom,27,-0.027345405166274414,0.0036433030451706863,100,2,0.02,0.01,8,6
betabinom,28,-0.03668397197552546,0.003512073936900155,100,0,0.0,0.01,8,6
betabinom,29,-0.03212485568652631,0.0034010420586850307,100,1,0.01,0.01,8,6
betabinom,30,-0.03698881259685212,0.003277539734226415,100,0,0.0,0.01,8,6
betabinom,31,-0.025336863627894265,0.003195540347212592,100,0,0.0,0.01,8,6
betabinom,32,-0.01952556137300123,0.0031337508286411204,100,1,0.01,0.01,8,6
betabinom,33,-0.025806728847161047,0.003053913570798167,100,0,0.0,0.01,8,6
betabinom,34,-0.03758914761080234,0.002941250286471004,100,0,0.0,0.01,8,6
betabinom,35,-0.03408636870567716,0.0028426831854395204,100,0,0.0,0.01,8,6
betabinom,36,-0.02592944419217698,0.0027699214033623794,100,0,0.0,0.01,8,6
betabinom,37,-0.03185914635015996,0.0026830650038826465,100,0,0.0,0.01,8,6
betabinom,38,-0.036899429221224,0.0025858657632886386,100,2,0.02,0.01,8,6
betabinom,39,-0.024021128920338322,0.002524490451729767,100,0,0.0,0.01,8,6
betabinom,40,-0.01979937727264496,0.0024749986827416483,100,0,0.0,0.01,8,6
betabinom,41,-0.012533070538174058,0.0024441729238767057,100,0,0.0,0.01,8,6
betabinom,42,-0.030597883155426473,0.002370518980056186,100,0,0.0,0.01,8,6
betabinom,43,-0.030762154756038083,0.002298706918171132,100,0,0.0,0.01,8,6
betabinom,44,-0.04475706548260455,0.0021980919527943292,100,1,0.01,0.01,8,6
betabinom,45,-0.035696428015002446,0.0021210118485014235,100,0,0.0,0.01,8,6
betabinom,46,-0.03345869010227293,0.002051219658797432,100,0,0.0,0.01,8,6
betabinom,47,-0.03457988024243698,0.001981501105389213,100,1,0.01,0.01,8,6
betabinom,48,-0.030317185870909574,0.0019223290651177133,100,0,0.0,0.01,8,6
betabinom,49,-0.024819042696888637,0.0018752058928901518,100,0,0.0,0.01,8,6
betabinom,50,-0.03855240270780059,0.0018042880109990437,100,0,0.0,0.01,8,6
betabinom,51,-0.03610507618518132,0.0017403060421305426,100,0,0.0,0.01,8,6
betabinom,52,-0.03952955306085272,0.0016728544703478979,100,0,0.0,0.01,8,6
betabinom,53,-0.03378827295965406,0.0016172758472249656,100,0,0.0,0.01,8,6
betabinom,54,-0.048393963427773926,0.0015408730857788839,100,0,0.0,0.01,8,6
betabinom,55,-0.0404546951168767,0.001479781585435592,100,0,0.0,0.01,8,6
betabinom,56,-0.03616815293334894,0.0014272169319731718,100,1,0.01,0.01,8,6
betabinom,57,-0.027863611248946152,0.0013879984360165205,100,0,0.0,0.01,8,6
betabinom,58,-0.02181588009918079,0.0013580459365651017,100,0,0.0,0.01,8,6
betabinom,59,-0.015381173113432744,0.0013373174200313274,100,0,0.0,0.01,8,6
betabinom,60,-0.009207777889870195,0.00132506021566736,100,0,0.0,0.01,8,6
betabinom,61,-0.010585243415627499,0.0013111081042663764,100,0,0.0,0.01,8,6
betabinom,62,-0.022625387415527765,0.0012817768422786512,100,0,0.0,0.01,8,6
betabinom,63,-0.01842046516385057,0.001258382049599818,100,0,0.0,0.01,8,6
betabinom,64,-0.008490155552370952,0.0012477434159866038,100,0,0.0,0.01,8,6
betabinom,65,-0.014912152308384552,0.001229274920870522,100,1,0.01,0.01,8,6
betabinom,66,-0.01083816681171116,0.0012160237730090282,100,0,0.0,0.01,8,6
betabinom,67,-0.019818753568005568,0.00119216094435023,100,0,0.0,0.01,8,6
betabinom,68,-0.02608595987562591,0.0011614643969152184,100,0,0.0,0.01,8,6
betabinom,69,-0.017413542806041973,0.0011414142654828374,100,0,0.0,0.01,8,6
betabinom,70,-0.012436756381802888,0.0011273066824568684,100,0,0.0,0.01,8,6
betabinom,71,-0.01627252530389188,0.0011091110022831434,100,0,0.0,0.01,8,6
betabinom,72,-0.008878067133510584,0.0010993078213859594,100,0,0.0,0.01,8,6
betabinom,73,-0.004686514127372668,0.001094167953190576,100,0,0.0,0.01,8,6
betabinom,74,0.003672144456358515,0.001098193282245754,100,0,0.0,0.01,8,6
betabinom,75,0.000883342529737664,0.001099163791660848,100,0,0.0,0.01,8,6
betabinom,76,0.010729630535330895,0.0011110209105415964,100,0,0.0,0.01,8,6
betabinom,77,0.00828810287441595,0.0011202674312707026,100,0,0.0,0.01,8,6
betabinom,78,0.012690900933185121,0.0011345752316655442,100,0,0.0,0.01,8,6
betabinom,79,0.029150691717712778,0.0011681356628660468,100,1,0.01,0.01,8,6
betabinom,80,0.02291899346231096,0.0011952173131246633,100,0,0.0,0.01,8,6
betabinom,81,0.019096391337119958,0.0012182609757914545,100,0,0.0,0.01,8,6
betabinom,82,0.015132323413784815,0.001236836284209113,100,0,0.0,0.01,8,6
betabinom,83,0.008813073921663132,0.0012477847879328206,100,0,0.0,0.01,8,6
betabinom,84,0.00824470085792638,0.0012581149261782832,100,0,0.0,0.01,8,6
betabinom,85,0.008626964215994452,0.0012690155908417198,100,0,0.0,0.01,8,6
betabinom,86,-0.00392454040446997,0.0012640450478097374,100,0,0.0,0.01,8,6
betabinom,87,-0.0005998783640224622,0.0012632870019248013,100,0,0.0,0.01,8,6
betabinom,88,0.006750725245852752,0.0012718439557067732,100,0,0.0,0.01,8,6
betabinom,89,0.002749270565469205,0.0012753454098750334,100,1,0.01,0.01,8,6
betabinom,90,0.00368513308863387,0.0012800538978182412,100,0,0.0,0.01,8,6
betabinom,91,0.019185786890278493,0.0013048498433740096,100,0,0.0,0.01,8,6
betabinom,92,0.01445599666114904,0.0013238497487619376,100,0,0.0,0.01,8,6
betabinom,93,0.023339583695327494,0.0013551112468559719,100,0,0.0,0.01,8,6
betabinom,94,0.026112817407206036,0.001390963078381615,100,0,0.0,0.01,8,6
betabinom,95,0.03941666171243903,0.0014468850887899263,100,0,0.0,0.01,8,6
betabinom,96,0.05417857392931592,0.0015274376684992906,100,0,0.0,0.01,8,6
betabinom,97,0.06092697485951454,0.0016233932864850918,100,0,0.0,0.01,8,6
betabinom,98,0.05775902585983926,0.0017199197035113385,100,1,0.01,0.01,8,6
betabinom,99,0.056877919031927106,0.0018205807157124516,100,0,0.0,0.01,8,6
betabinom,100,0.06207290561225761,0.0019371705525131134,100,0,0.0,0.01,8,6
betabinom,1,0.0017752689001371764,0.010017768456228687,100,2,0.02,0.01,9,6
betabinom,2,0.003282148922449617,0.010050702281467188,100,1,0.01,0.01,9,6
betabinom,3,0.002774627641871921,0.010078627961603963,100,1,0.01,0.01,9,6
betabinom,4,0.01604372012515167,0.010241630736911282,100,1,0.01,0.01,9,6
betabinom,5,0.02210842772445007,0.010470578603113736,100,1,0.01,0.01,9,6
betabinom,6,0.013391681589584122,0.010611740344751439,100,4,0.04,0.01,9,6
betabinom,7,0.03441324501526561,0.01098328105973856,100,1,0.01,0.01,9,6
betabinom,8,0.04430902299388072,0.011480882214673443,100,0,0.0,0.01,9,6
betabinom,9,0.048127472734086796,0.01204694027541328,100,2,0.02,0.01,9,6
betabinom,10,0.04530821164005509,0.012605319662329249,100,0,0.0,0.01,9,6
betabinom,11,0.04702328725876565,0.013212220642390344,100,2,0.02,0.01,9,6
betabinom,12,0.0397582464964692,0.013748097543074543,100,1,0.01,0.01,9,6
betabinom,13,0.036959139546619044,0.014265721954474779,100,4,0.04,0.01,9,6
betabinom,14,0.044424135534391944,0.014913751833039448,100,2,0.02,0.01,9,6
betabinom,15,0.05231493510378271,0.01571473275253416,100,0,0.0,0.01,9,6
betabinom,16,0.046901978799532174,0.0164693428408572,100,2,0.02,0.01,9,6
betabinom,17,0.05647603069010312,0.017426232288412544,100,2,0.02,0.01,9,6
betabinom,18,0.05446700500068229,0.018401711538970862,100,3,0.03,0.01,9,6
betabinom,19,0.05773310112251982,0.01949536567892861,100,2,0.02,0.01,9,6
betabinom,20,0.05852471187549514,0.020670374502776347,100,4,0.04,0.01,9,6
betabinom,21,0.056330027494524024,0.021868156098082965,100,3,0.03,0.01,9,6
betabinom,22,0.053737554245067126,0.023075445191654373,100,4,0.04,0.01,9,6
betabinom,23,0.05988671994853513,0.024499575561922733,100,1,0.01,0.01,9,6
betabinom,24,0.0599354375334282,0.026012865197543335,100,4,0.04,0.01,9,6
betabinom,25,0.0797142063519511,0.028171348118721972,100,0,0.0,0.01,9,6
betabinom,26,0.09070079386850396,0.03084597374543599,100,4,0.04,0.01,9,6
betabinom,27,0.07569580010538526,0.03327152849971092,100,2,0.02,0.01,9,6
betabinom,28,0.07657301094300026,0.035919310298286794,100,2,0.02,0.01,9,6
betabinom,29,0.08745857354271142,0.03920222932607343,100,5,0.05,0.01,9,6
betabinom,30,0.08108939958726913,0.04251355708630165,100,2,0.02,0.01,9,6
betabinom,31,0.0819157167808773,0.04614269831679752,100,1,0.01,0.01,9,6
betabinom,32,0.07247474555070543,0.04961104436838377,100,5,0.05,0.01,9,6
betabinom,33,0.08377186609687402,0.0539460969695046,100,3,0.03,0.01,9,6
betabinom,34,0.09442122037946224,0.05928797862600252,100,8,0.08,0.01,9,6
betabinom,35,0.0872016267847132,0.06469010097252961,100,10,0.1,0.01,9,6
betabinom,36,0.08390734060068847,0.07035230385689462,100,5,0.05,0.01,9,6
betabinom,37,0.08954691862835347,0.07694281242592856,100,4,0.04,0.01,9,6
betabinom,38,0.08131343125258603,0.08346070158778668,100,8,0.08,0.01,9,6
betabinom,39,0.07860803645353945,0.09028613617071328,100,5,0.05,0.01,9,6
betabinom,40,0.07486196166681548,0.09730456253630822,100,4,0.04,0.01,9,6
betabinom,41,0.04799932116922465,0.10208902234108572,100,11,0.11,0.01,9,6
betabinom,42,0.041464512683184164,0.10641108069726465,100,3,0.03,0.01,9,6
betabinom,43,0.04615582988931387,0.11143768360933391,100,13,0.13,0.01,9,6
betabinom,44,0.057415960126094276,0.11802323400039237,100,18,0.18,0.01,9,6
betabinom,45,0.04728331448169135,0.12373780088392464,100,9,0.09,0.01,9,6
betabinom,46,0.04979691220042043,0.13005555821902998,100,22,0.22,0.01,9,6
betabinom,47,0.04879834118230982,0.13655945277381998,100,7,0.07,0.01,9,6
betabinom,48,0.03989287233834239,0.14211732425265805,100,14,0.14,0.01,9,6
betabinom,49,0.025402074164675895,0.14577364147828334,100,19,0.19,0.01,9,6
betabinom,50,0.03294292988928031,0.15065582756694115,100,16,0.16,0.01,9,6
betabinom,51,0.024789412338617044,0.15443717201195561,100,18,0.18,0.01,9,6
betabinom,52,0.016862698993279433,0.1570634806505728,100,11,0.11,0.01,9,6
betabinom,53,0.028229319166059974,0.16156045034130997,100,19,0.19,0.01,9,6
betabinom,54,0.024811628286855483,0.16561917170798526,100,12,0.12,0.01,9,6
betabinom,55,0.022560158761832316,0.16939803208782886,100,18,0.18,0.01,9,6
betabinom,56,0.01948167428991557,0.172730545444241,100,20,0.2,0.01,9,6
betabinom,57,0.010289349972900604,0.17451700547242469,100,16,0.16,0.01,9,6
betabinom,58,0.005955478492648375,0.1755594387585654,100,20,0.2,0.01,9,6
betabinom,59,0.009861982503673851,0.1772993683476218,100,17,0.17,0.01,9,6
betabinom,60,0.007415514005167402,0.17861902120153406,100,21,0.21,0.01,9,6
betabinom,61,0.00331870889664393,0.17921279046500138,100,21,0.21,0.01,9,6
betabinom,62,-0.005708271862707281,0.17819270935578943,100,20,0.2,0.01,9,6
betabinom,63,-0.003805213387093225,0.17751593652180953,100,18,0.18,0.01,9,6
betabinom,64,-0.0038045062900752065,0.17684185910367692,100,16,0.16,0.01,9,6
betabinom,65,-0.011525802890617503,0.174815315896099,100,15,0.15,0.01,9,6
betabinom,66,-0.003429551653392251,0.17421680463969566,100,21,0.21,0.01,9,6
betabinom,67,-0.005976164865764436,0.1731787611417588,100,15,0.15,0.01,9,6
betabinom,68,0.0018099271605758896,0.17349248590903021,100,16,0.16,0.01,9,6
betabinom,69,0.007056159302288619,0.1747210057459257,100,15,0.15,0.01,9,6
betabinom,70,0.020317281129224648,0.17830716871875296,100,12,0.12,0.01,9,6
betabinom,71,0.025706170769243957,0.1829501846520639,100,26,0.26,0.01,9,6
betabinom,72,0.01898341841368502,0.1864563790403735,100,18,0.18,0.01,9,6
betabinom,73,0.03402336609460958,0.19290940706822893,100,18,0.18,0.01,9,6
betabinom,74,0.03725994714770737,0.2002327885464575,100,15,0.15,0.01,9,6
betabinom,75,0.030404622021700647,0.2064142876755505,100,19,0.19,0.01,9,6
betabinom,76,0.017056915133226734,0.20996527703193082,100,23,0.23,0.01,9,6
betabinom,77,0.01634890932642743,0.2134261943315904,100,23,0.23,0.01,9,6
betabinom,78,0.006810391991475116,0.21488467113843646,100,26,0.26,0.01,9,6
betabinom,79,0.0010555047599760357,0.21511160267425855,100,15,0.15,0.01,9,6
betabinom,80,-0.008719344332079786,0.2132441239672026,100,22,0.22,0.01,9,6
betabinom,81,-0.00571331427428634,0.21202926700425448,100,16,0.16,0.01,9,6
betabinom,82,-0.015115105012479157,0.2088485215759073,100,22,0.22,0.01,9,6
betabinom,83,-0.0107479560057862,0.2066158466927529,100,14,0.14,0.01,9,6
betabinom,84,-0.0036466137937215077,0.20586377059514982,100,23,0.23,0.01,9,6
betabinom,85,-0.005795845324189315,0.20467406702222854,100,21,0.21,0.01,9,6
betabinom,86,-0.003315551416373607,0.20399658336599072,100,21,0.21,0.01,9,6
betabinom,87,0.0036292271662898786,0.20473827838393718,100,20,0.2,0.01,9,6
betabinom,88,0.010258318218603152,0.2068493583472291,100,26,0.26,0.01,9,6
betabinom,89,0.010703507691551553,0.20907526328975395,100,20,0.2,0.01,9,6
betabinom,90,-0.0026148371765305854,0.20852927965885004,100,20,0.2,0.01,9,6
betabinom,91,-0.009485843961106268,0.20656055571707035,100,20,0.2,0.01,9,6
betabinom,92,-0.00699787156770173,0.20512011735674146,100,20,0.2,0.01,9,6
betabinom,93,0.006820886150589081,0.2065240007459016,100,15,0.15,0.01,9,6
betabinom,94,-0.0037098418550063315,0.20575924879537036,100,21,0.21,0.01,9,6
betabinom,95,-0.0028961288403176197,0.20516420557759757,100,15,0.15,0.01,9,6
betabinom,96,-0.013618252062355202,0.20238916619214467,100,19,0.19,0.01,9,6
betabinom,97,-0.009740099195362669,0.2004274448266544,100,19,0.19,0.01,9,6
betabinom,98,-0.006421547184262074,0.19914451414124731,100,23,0.23,0.01,9,6
betabinom,99,-0.0037274615599295273,0.1984035923565126,100,25,0.25,0.01,9,6
betabinom,100,-0.011001742000918618,0.19623277052820268,100,24,0.24,0.01,9,6
betabinom,1,-0.00860176245734091,0.00991435126854538,100,1,0.01,0.01,10,6
betabinom,2,-0.01005607272085317,0.009815151447476519,100,2,0.02,0.01,10,6
betabinom,3,-0.003329737121365484,0.009782523924033538,100,0,0.0,0.01,10,6
betabinom,4,-0.00135041312811237,0.009769322391068374,100,1,0.01,0.01,10,6
betabinom,5,-0.003850866240315036,0.009731774379866696,100,2,0.02,0.01,10,6
betabinom,6,0.004757916929793023,0.009778187681705098,100,0,0.0,0.01,10,6
betabinom,7,0.005067610080356586,0.009827865491740728,100,0,0.0,0.01,10,6
betabinom,8,0.006054253791187706,0.009887546362928653,100,0,0.0,0.01,10,6
betabinom,9,0.03236359526405615,0.010212777346725405,100,2,0.02,0.01,10,6
betabinom,10,0.05089859681153365,0.010746049667013018,100,1,0.01,0.01,10,6
betabinom,11,0.06567284878960927,0.011475462532674289,100,2,0.02,0.01,10,6
betabinom,12,0.06255373195607825,0.012216222663456327,100,2,0.02,0.01,10,6
betabinom,13,0.07752334831507529,0.013200941374028803,100,1,0.01,0.01,10,6
betabinom,14,0.0675477685781719,0.014123441177704435,100,0,0.0,0.01,10,6
betabinom,15,0.06294864505106168,0.015041071463268366,100,0,0.0,0.01,10,6
betabinom,16,0.057075514145818754,0.015924520180299252,100,2,0.02,0.01,10,6
betabinom,17,0.05055256734691969,0.016750240868652153,100,0,0.0,0.01,10,6
betabinom,18,0.072577646016286,0.0180111369209905,100,1,0.01,0.01,10,6
betabinom,19,0.0638755771783114,0.019199147203834026,100,2,0.02,0.01,10,6
betabinom,20,0.06691198810598845,0.02052775452380551,100,1,0.01,0.01,10,6
betabinom,21,0.06282949903133087,0.021858882238665747,100,2,0.02,0.01,10,6
betabinom,22,0.04054249860993622,0.022763305858522966,100,1,0.01,0.01,10,6
betabinom,23,0.04369903430509033,0.023780094891188583,100,0,0.0,0.01,10,6
betabinom,24,0.04634515839087796,0.024908124615367896,100,3,0.03,0.01,10,6
betabinom,25,0.05561277221826637,0.02633257621988041,100,2,0.02,0.01,10,6
betabinom,26,0.05789775884580208,0.027902172999680053,100,2,0.02,0.01,10,6
betabinom,27,0.058326415876205476,0.02957800429529493,100,4,0.04,0.01,10,6
betabinom,28,0.05083290051717306,0.031120410418581546,100,3,0.03,0.01,10,6
betabinom,29,0.04398073475882013,0.03251965325930622,100,3,0.03,0.01,10,6
betabinom,30,0.044610872583942494,0.03400322914039169,100,3,0.03,0.01,10,6
betabinom,31,0.06381928834310906,0.036244033808674345,100,2,0.02,0.01,10,6
betabinom,32,0.061120200579725774,0.03852837503569786,100,4,0.04,0.01,10,6
betabinom,33,0.06872976217241994,0.0412695419944583,100,1,0.01,0.01,10,6
betabinom,34,0.071336450225543,0.04432111482624962,100,1,0.01,0.01,10,6
betabinom,35,0.07399765151295107,0.04772516599001915,100,3,0.03,0.01,10,6
betabinom,36,0.05573900094067273,0.050460853052950845,100,3,0.03,0.01,10,6
betabinom,37,0.05338375653844279,0.05322784199052763,100,2,0.02,0.01,10,6
betabinom,38,0.05010542029505555,0.05596279111010412,100,11,0.11,0.01,10,6
betabinom,39,0.04854842942398964,0.05874672782372227,100,8,0.08,0.01,10,6
betabinom,40,0.05327295789974088,0.06196120186258558,100,5,0.05,0.01,10,6
betabinom,41,0.04784714679377165,0.06499793886015975,100,4,0.04,0.01,10,6
betabinom,42,0.029786844999904267,0.06696314574540216,100,4,0.04,0.01,10,6
betabinom,43,0.0258399437171877,0.06871601920626666,100,7,0.07,0.01,10,6
betabinom,44,0.027963434783544273,0.07066467368601485,100,10,0.1,0.01,10,6
betabinom,45,0.01877547109846464,0.07200396983895756,100,8,0.08,0.01,10,6
betabinom,46,0.02167487262645688,0.07358168331613302,100,8,0.08,0.01,10,6
betabinom,47,0.011436452989471069,0.07442802713934207,100,3,0.03,0.01,10,6
betabinom,48,0.01390708098530492,0.07547033466888955,100,3,0.03,0.01,10,6
betabinom,49,0.01749374210693454,0.07680220900734454,100,3,0.03,0.01,10,6
betabinom,50,0.012260839185045986,0.0777496649745835,100,11,0.11,0.01,10,6
betabinom,51,0.03183327582432557,0.08026450696848918,100,14,0.14,0.01,10,6
betabinom,52,0.033021754212525845,0.08295922915229155,100,4,0.04,0.01,10,6
betabinom,53,0.0445811998062212,0.08674133003602144,100,7,0.07,0.01,10,6
betabinom,54,0.04727358177198609,0.09094037333308173,100,11,0.11,0.01,10,6
betabinom,55,0.03651827522472599,0.0943227421724123,100,12,0.12,0.01,10,6
betabinom,56,0.03812801592723533,0.09798852155378815,100,7,0.07,0.01,10,6
betabinom,57,0.048178482433106795,0.10282503219709616,100,13,0.13,0.01,10,6
betabinom,58,0.04401069473126335,0.10745149344550285,100,16,0.16,0.01,10,6
betabinom,59,0.03695384987673211,0.11149651913019712,100,5,0.05,0.01,10,6
betabinom,60,0.033833640458839465,0.1153333939893215,100,9,0.09,0.01,10,6
betabinom,61,0.036186068417045976,0.11958328577741573,100,14,0.14,0.01,10,6
betabinom,62,0.03800508784014531,0.12421552585436814,100,12,0.12,0.01,10,6
betabinom,63,0.040295530336418944,0.1293230708749774,100,10,0.1,0.01,10,6
betabinom,64,0.04646080277304467,0.1354732903464886,100,13,0.13,0.01,10,6
betabinom,65,0.038771372195633876,0.14082892753586104,100,20,0.2,0.01,10,6
betabinom,66,0.0349274130195388,0.14583462684584111,100,12,0.12,0.01,10,6
betabinom,67,0.028573235614896293,0.15006169694623658,100,10,0.1,0.01,10,6
betabinom,68,0.030298525369652936,0.15467792438400083,100,13,0.13,0.01,10,6
betabinom,69,0.022870628209672263,0.15825626920745528,100,33,0.33,0.01,10,6
betabinom,70,0.019533330462388313,0.1613779301738124,100,18,0.18,0.01,10,6
betabinom,71,0.022361164929521588,0.1650271773379709,100,14,0.14,0.01,10,6
betabinom,72,0.01733945659067967,0.16791361119452652,100,14,0.14,0.01,10,6
betabinom,73,0.015211465206283045,0.17048734878112856,100,19,0.19,0.01,10,6
betabinom,74,0.010634102050690111,0.1723100026137794,100,27,0.27,0.01,10,6
betabinom,75,0.008770138103529657,0.1738278311877504,100,18,0.18,0.01,10,6
betabinom,76,0.003943016362114899,0.17451459023161306,100,13,0.13,0.01,10,6
betabinom,77,-0.0027175409000011128,0.17404098350929748,100,23,0.23,0.01,10,6
betabinom,78,-0.005975836207451611,0.17300404447318993,100,20,0.2,0.01,10,6
betabinom,79,-0.007126893913948845,0.17177544624646332,100,13,0.13,0.01,10,6
betabinom,80,-0.0003260458272037591,0.1717194487083765,100,14,0.14,0.01,10,6
betabinom,81,-0.008484329276067876,0.1702686874332134,100,16,0.16,0.01,10,6
betabinom,82,-0.017742912885523272,0.16727426835925535,100,15,0.15,0.01,10,6
betabinom,83,-0.021318195733855936,0.16374602428509955,100,13,0.13,0.01,10,6
betabinom,84,-0.01951367104386106,0.16058171231305224,100,26,0.26,0.01,10,6
betabinom,85,-0.015609242323104967,0.1580946148046587,100,15,0.15,0.01,10,6
betabinom,86,-0.018074788804780563,0.15526275773652193,100,12,0.12,0.01,10,6
betabinom,87,-0.029365031734295874,0.1507697533930677,100,14,0.14,0.01,10,6
betabinom,88,-0.028494948565068293,0.14653420941672435,100,13,0.13,0.01,10,6
betabinom,89,-0.020409258895525733,0.14357386675675418,100,15,0.15,0.01,10,6
betabinom,90,-0.023518055873418556,0.14023668437188838,100,17,0.17,0.01,10,6
betabinom,91,-0.02091598852420941,0.13733395800915013,100,11,0.11,0.01,10,6
betabinom,92,-0.025214042861992563,0.13391450399288835,100,22,0.22,0.01,10,6
betabinom,93,-0.036022108722058716,0.12917647047509373,100,16,0.16,0.01,10,6
betabinom,94,-0.04055044248787891,0.12404309123653126,100,16,0.16,0.01,10,6
betabinom,95,-0.038154532880338654,0.11939943659698099,100,16,0.16,0.01,10,6
betabinom,96,-0.040771031031567484,0.1146293008933216,100,12,0.12,0.01,10,6
betabinom,97,-0.033516260263152894,0.11085102591840233,100,7,0.07,0.01,10,6
betabinom,98,-0.028720642694383982,0.10771259777866535,100,12,0.12,0.01,10,6
betabinom,99,-0.02072846810137242,0.10550286197134465,100,7,0.07,0.01,10,6
betabinom,100,0.0005372728889465918,0.10555956102885743,100,7,0.07,0.01,10,6
