"variable","mean","median","sd","lower","upper","rhat","ess_bulk"
"lp__",-73265.4831111111,-73265.3,6.0668855628384,-73277.5575,-73254.7,1.00546069362734,252.231858327542
"a_raw[1]",-4.63042073333333,-4.667965,1.10355206011631,-6.7557955,-2.40158975,1.00056443986314,834.445928388551
"a_raw[2]",-4.68569565555556,-4.700735,0.800226139731641,-6.3023755,-3.08819125,1.00305752285319,797.826696075004
"a_raw[3]",-0.0275782879888889,0.0158987,0.942802280970118,-1.92734425,1.82669,1.00200253139966,1470.14773794815
"a_raw[4]",0.00807720360999996,0.02106795,0.996798416656755,-1.862516,1.8909145,1.00163311448195,2577.35768820974
"a_raw[5]",0.0366570646555555,0.02959855,0.995614162591537,-1.8256855,2.03696775,1.00292730347319,1186.00745965453
"a_raw[6]",0.0589049020222222,0.06771065,0.971307871848988,-1.8087,1.89581875,1.00404079300001,1486.72465190026
"a_raw[7]",0.481002092344445,0.4829285,0.931288840830085,-1.3611635,2.3658325,1.00316793003286,1227.3260070142
"a_raw[8]",0.389141874144444,0.3779805,0.854175556444382,-1.2010955,2.0094865,1.00272829392818,1765.39344338873
"a_raw[9]",0.319811281166667,0.305026,0.838718081466075,-1.289409,2.05672575,0.998913351863295,1686.79637701048
"a_raw[10]",0.280839625358889,0.3099395,0.83637133764877,-1.49624325,1.93182325,1.00218482724176,1474.9439556403
"a_raw[11]",0.0362921474111111,0.01921315,0.837216348796224,-1.584809,1.70776475,1.00559074416541,1390.19995360032
"a_raw[12]",-0.203403798737778,-0.197621,0.919699804484941,-2.09950525,1.61392775,1.00401903997297,1292.4419682283
"a_raw[13]",-0.507065446263667,-0.4975565,0.854640021327199,-2.17731325,1.08448425,1.00225241586006,1260.05733053846
"a_raw[14]",-0.849558691524444,-0.8399295,0.770537368969403,-2.3944585,0.59368895,1.0007379040878,1387.88444358211
"a_raw[15]",-0.910716665387778,-0.87534,0.827218134126087,-2.55592925,0.672026474999999,1.0035365255805,1339.75134163337
"a_raw[16]",0.302625708964444,0.2797765,0.787151652008027,-1.22354875,1.8319935,1.01581336382332,1227.85750412265
"a_raw[17]",0.605840358505556,0.597472,0.829162128429661,-0.956571025,2.1789515,1.00302044431314,1135.39928974251
"a_raw[18]",0.371977975147778,0.320264,0.887109192672754,-1.307551,2.1264345,0.998909085611686,1211.96404940714
"a_raw[19]",0.144076932951111,0.0910433,0.963815074030689,-1.72086275,2.068838,1.01175375727689,1408.29232380691
"a_raw[20]",-0.0579371511222222,-0.04447065,0.891138355215585,-1.88316825,1.6379645,1.00641023417759,1750.72798145706
"a_raw[21]",-0.256882224951111,-0.225762,0.825054060542456,-1.8235225,1.3388165,0.999322209398064,1167.63840888398
"a_raw[22]",0.116616223,0.1447175,0.782903762812529,-1.376712,1.61561125,0.999706246917704,1267.35024476862
"a_raw[23]",0.643653503377778,0.61919,0.781436616104048,-0.840828625,2.175858,1.00330913761289,1584.67162770876
"a_raw[24]",0.893328771514444,0.8729685,0.80645610543705,-0.55860815,2.41729425,1.00001927781116,1516.18451751446
"a_raw[25]",0.660030192944444,0.6692435,0.840981021068404,-1.00692405,2.272135,1.00352835817651,1273.02922226152
"a_raw[26]",0.0793609373866667,0.07268625,0.839700386528687,-1.4778755,1.75037625,1.0016544807538,1433.97062518214
"a_raw[27]",-0.368908281788889,-0.353559,0.901658055040687,-2.0877045,1.41377325,1.00202270147271,1493.3120344241
"a_raw[28]",-0.732621657966667,-0.7209845,0.918952910939743,-2.523028,0.94210345,1.00376313625374,1054.50337025551
"a_raw[29]",-1.25909762738889,-1.26395,0.82298602936805,-2.93951725,0.358135399999999,1.00073943321961,1623.7212567113
"a_raw[30]",-0.978519039344445,-0.999323,0.791763739451068,-2.52594925,0.583850625,1.00187755591665,732.843849527398
"a_raw[31]",0.639997311776667,0.650932,0.737344797716611,-0.84327865,2.12137325,1.00309134908151,980.226874646358
"a_raw[32]",0.235616974711111,0.2673475,0.736188200811966,-1.11014825,1.749567,1.00021356747823,1000.31318262139
"a_raw[33]",0.344266316855556,0.321711,0.762502281453394,-1.14223375,1.852336,1.00082101817107,1290.94209658487
"a_raw[34]",0.00461015615555554,-0.02079365,0.869046151658027,-1.6452725,1.77213525,1.0087945781802,1730.56842888082
"a_raw[35]",-0.273303770733333,-0.296577,0.884221233647199,-2.03083625,1.44721325,1.00613609036435,1623.53330492718
"a_raw[36]",-0.544796776444444,-0.512497,0.796308084405731,-2.12757225,0.982355225,0.997378203847026,1118.63439282499
"a_raw[37]",-0.464662237862556,-0.4378945,0.747009407761411,-1.8806585,1.01247525,0.999300040436612,910.954343423426
"a_raw[38]",0.393778231681111,0.385816,0.736243778193305,-0.971614325,1.8129005,1.004834537848,1021.65919195189
"a_raw[39]",0.621926919015111,0.603329,0.769013157027616,-0.86529405,2.105048,0.999777502397401,1254.17442210363
"a_raw[40]",1.00859222625556,1.012615,0.806990902586429,-0.67380125,2.55775575,1.0062562293406,1174.21120427015
"a_raw[41]",0.954050147722222,0.9648155,0.756624372843374,-0.512262325,2.439241,1.00147108325938,1409.74875814378
"a_raw[42]",0.0662928620777778,0.08363065,0.80237534432652,-1.4677305,1.551939,1.00256798244463,1268.60100190051
"a_raw[43]",0.00299116026,0.004769645,0.73360186742836,-1.484158,1.39560325,1.0035597544856,931.674458166441
"a_raw[44]",-1.24944114246667,-1.231725,0.656729283420872,-2.61661,-0.0573820550000003,1.00274905911237,846.531813787512
"a_raw[45]",-0.195872244563333,-0.1926545,0.67548253865201,-1.5321335,1.13668375,1.00838523949357,746.23123266173
"a_raw[46]",-0.361246036466667,-0.3688725,0.769398784051729,-1.86808075,1.23056875,0.998677252149196,1426.50220615956
"a_raw[47]",-0.297548588377778,-0.3110215,0.973998488543628,-2.21562325,1.51238325,1.0057656985598,1166.66095194234
"a_raw[48]",-0.0190572187111111,-0.01055255,0.954185144379667,-1.9003395,1.85191825,1.00052395863447,2054.7947267444
"a_raw[49]",-0.0681284068011111,-0.0538423,1.08343120081113,-2.2842875,2.04893525,1.0017647690354,2658.81825849539
"a_raw[50]",0.0275164806,0.07367285,0.978114486995585,-1.99834675,1.96822275,0.999947920765493,2658.81825849539
"sigma",0.158330693333333,0.152025,0.0408055072610976,0.09477702,0.26055555,1.00939879644871,298.112662753048
"rho",0.000196496401111111,0.000190036,6.1264898132876e-05,9.58712975e-05,0.00033430545,1.00147584471307,811.400012968039
"a[1]",-4.63042073333333,-4.667965,1.10355206011631,-6.7557955,-2.40158975,1.00056443986314,834.445928388551
"a[2]",-4.68569565555556,-4.700735,0.800226139731641,-6.3023755,-3.08819125,1.00305752285319,797.826696075004
"a[3]",-4.74569026666667,-4.756045,0.535737923003071,-5.8031345,-3.65852125,1.00604027384713,799.44223328305
"a[4]",-4.80560477777778,-4.814905,0.316594943774251,-5.4209045,-4.18938575,1.00486149317116,966.094761042234
"a[5]",-4.86196592222222,-4.851885,0.149077652941684,-5.16708875,-4.584622,1.00044359453353,999.333433048452
"a[6]",-4.90851751111111,-4.909395,0.078809169058715,-5.0621635,-4.75949375,1.00223835992618,1175.40230514744
"a[7]",-4.87770484444444,-4.874965,0.0748913302668708,-5.023679,-4.73279825,1.00145615362996,1094.9022407128
"a[8]",-4.78895552222222,-4.787035,0.0848403588495231,-4.96394075,-4.627223,0.999792037952061,1122.60092041245
"a[9]",-4.65292748888889,-4.653295,0.131263740968826,-4.91798675,-4.40423575,1.00233905171845,1204.01300056848
"a[10]",-4.4740682,-4.47291,0.180419059462813,-4.83485075,-4.1375035,1.00194241147987,1511.17387227435
"a[11]",-4.28823066666667,-4.286525,0.197741058628218,-4.67492825,-3.91146725,1.00514958189092,1416.98524807275
"a[12]",-4.13083252222222,-4.13259,0.163418665726622,-4.43660425,-3.7957955,1.00218664765332,1151.61853597693
"a[13]",-4.04986038888889,-4.050345,0.100287327073184,-4.23332625,-3.85186825,1.00224184411352,817.868812678578
"a[14]",-4.10136351111111,-4.101615,0.0693834254225368,-4.2325525,-3.97505025,0.997948956267851,1005.64760743263
"a[15]",-4.29289675555556,-4.291305,0.0623792012352494,-4.4139855,-4.17163825,0.998087874457752,1028.30407791559
"a[16]",-4.43400122222222,-4.43159,0.0828022170328597,-4.607055,-4.27456875,0.999119243466968,1089.75531639301
"a[17]",-4.47996334444444,-4.4794,0.137641984567649,-4.7483715,-4.22280025,0.998220461116697,1287.46280134638
"a[18]",-4.46883433333333,-4.47659,0.177054547186828,-4.81420725,-4.115288,1.00243390015713,1279.07993632983
"a[19]",-4.43695727777778,-4.445955,0.161810575419904,-4.74364075,-4.1069005,1.0017007732742,1326.41088052397
"a[20]",-4.41785374444444,-4.42127,0.108200854440983,-4.6071925,-4.20263925,1.00263609488922,1037.9501142242
"a[21]",-4.44193437777778,-4.44059,0.0691913848755156,-4.5829935,-4.301164,1.00021602984573,1241.77668922943
"a[22]",-4.44583854444444,-4.443815,0.0679299414080658,-4.58648625,-4.3180455,1.00081747202721,1308.76723823969
"a[23]",-4.35332026666667,-4.352635,0.0730054602506051,-4.49931325,-4.217237,1.0038543500517,1142.76192803223
"a[24]",-4.12305631111111,-4.12276,0.087593746761999,-4.29873875,-3.9548275,1.00387448219982,1138.78530524342
"a[25]",-3.79335687777778,-3.79149,0.131229841828555,-4.05929525,-3.5595475,1.00152769950321,1058.5459446418
"a[26]",-3.45235018888889,-3.45318,0.166038938152239,-3.772499,-3.1404025,1.0025600978938,990.932981038619
"a[27]",-3.16657845555556,-3.164955,0.16692375305739,-3.47661025,-2.8309345,1.0023617654903,878.29041482358
"a[28]",-2.99136191111111,-2.990855,0.12304984757723,-3.2110335,-2.74893175,1.00605764074918,726.215552604733
"a[29]",-3.01219108888889,-3.01152,0.0553472558736166,-3.1166975,-2.903645,1.00315723758827,882.642949474342
"a[30]",-3.18141592222222,-3.181055,0.0492724176783006,-3.284712,-3.0898265,1.00175257826129,818.103883063369
"a[31]",-3.24248744444444,-3.243005,0.047414070975804,-3.33424375,-3.1478905,0.999732027331075,995.75446667277
"a[32]",-3.27105842222222,-3.271445,0.0680151314624376,-3.407875,-3.14018225,1.00103927202579,1118.25113699488
"a[33]",-3.24574787777778,-3.24367,0.126284174490064,-3.49275675,-3.004566,0.999957048832428,1138.65158960062
"a[34]",-3.2209916,-3.226525,0.143928685649251,-3.49202475,-2.923662,1.00003666112801,965.081793266202
"a[35]",-3.2391524,-3.238365,0.107378316346341,-3.43427625,-3.01922,0.998545532635941,876.982832409218
"a[36]",-3.34030402222222,-3.340135,0.0591955828689077,-3.455194,-3.22133225,0.999563629684165,868.686851315849
"a[37]",-3.51366104444444,-3.51117,0.05044717722428,-3.62006675,-3.41827975,1.00155088779813,893.988245697857
"a[38]",-3.62327065555556,-3.61975,0.0557450638019139,-3.72912075,-3.512194,1.00185027654712,1275.92169424271
"a[39]",-3.64154197777778,-3.63927,0.0629723065329306,-3.768685,-3.52408675,1.00436516268125,1034.35170204135
"a[40]",-3.50897673333333,-3.505965,0.0738999381570603,-3.6624325,-3.36502975,1.00102576324369,1244.40267221844
"a[41]",-3.23051782222222,-3.232365,0.071552430706997,-3.36263375,-3.0894035,0.999621285530961,1256.88331751878
"a[42]",-2.94800595555556,-2.94723,0.0445326886135139,-3.0387295,-2.8612245,1.00098914671957,1025.20525040942
"a[43]",-2.65796715555556,-2.65858,0.0418912726424255,-2.738217,-2.5723735,0.999185836978687,753.995783919059
"a[44]",-2.56249324444444,-2.56233,0.0414476042012381,-2.64297475,-2.485175,1.00121999646381,937.118057470968
"a[45]",-2.49156525555556,-2.4898,0.048397187103301,-2.591378,-2.3983465,0.999642115882161,1278.55147876161
"a[46]",-2.47494505555556,-2.475515,0.0674362306405114,-2.60808875,-2.34372425,0.999944296798269,1054.52593979353
"a[47]",-2.50866377777778,-2.515575,0.191117764279802,-2.859548,-2.1339835,1.00847030179517,1199.28046473153
"a[48]",-2.54645504444444,-2.541435,0.390486042445456,-3.35320125,-1.80671025,1.00485596394524,1293.16626360708
"a[49]",-2.59504757555556,-2.60615,0.62275874530553,-3.82105475,-1.38926625,1.0020710306621,1286.49981680514
"a[50]",-2.641235779,-2.60253,0.89165714438178,-4.441091,-0.836409150000001,1.0008505675032,1381.368152338
"Y_hat[1]",-4.86033125555556,-4.85162,0.150760438998979,-5.168697,-4.5906615,1.00118172092876,986.610593498582
"Y_hat[2]",-4.87043082222222,-4.86265,0.12646072765017,-5.131214,-4.64468775,1.00027784595636,996.923510406954
"Y_hat[3]",-4.87957375555556,-4.874535,0.105838927442014,-5.0943405,-4.6922305,1.00111732402724,1004.97922882018
"Y_hat[4]",-4.88720371111111,-4.883015,0.0894348137665911,-5.07937925,-4.7292625,1.00411146676596,982.808077747919
"Y_hat[5]",-4.89276368888889,-4.888455,0.0775484684418617,-5.0579365,-4.75199825,1.00493519502909,985.447323251446
"Y_hat[6]",-4.89569707777778,-4.89456,0.0697032953165897,-5.03803525,-4.76506875,1.00345232546736,1004.97585552743
"Y_hat[7]",-4.89558531111111,-4.895705,0.0647595091536431,-5.02292375,-4.775409,1.00199315758039,1011.79408757195
"Y_hat[8]",-4.89248578888889,-4.892,0.062018202655892,-5.0154915,-4.7738195,1.00348070849818,942.102859141445
"Y_hat[9]",-4.88655817777778,-4.8838,0.0610284451467655,-5.00629225,-4.769054,1.00578435080962,950.925456943823
"Y_hat[10]",-4.8779629,-4.87603,0.0611295593269329,-4.99819425,-4.7586155,1.0023123471016,949.166276670345
"Y_hat[11]",-4.8668595,-4.86431,0.0614999437954743,-4.98458975,-4.749097,1.00154360052867,960.700774359701
"Y_hat[12]",-4.8533924,-4.852185,0.0618484930141041,-4.971887,-4.733927,1.00108085942065,959.176132069907
"Y_hat[13]",-4.83765882222222,-4.83665,0.0630110007447236,-4.96123275,-4.71690775,1.00051853089112,971.626973678035
"Y_hat[14]",-4.8197455,-4.817475,0.0657661001953126,-4.9512985,-4.69499975,1.00004911025308,984.546139691404
"Y_hat[15]",-4.79974124444444,-4.79734,0.070200579123248,-4.94782825,-4.670672,0.999833685059511,1011.49305752361
"Y_hat[16]",-4.77773347777778,-4.774835,0.0758972210850011,-4.93213825,-4.635062,0.999384079482095,1042.92166209402
"Y_hat[17]",-4.7537968,-4.75218,0.0827087319488267,-4.923299,-4.59669275,0.999158900347213,1074.64619122874
"Y_hat[18]",-4.72797364444444,-4.7298,0.0909990233702206,-4.91427575,-4.55825775,0.999816594517552,1108.45623572785
"Y_hat[19]",-4.70030062222222,-4.698295,0.100729041472918,-4.90511975,-4.509218,0.999364328869218,1140.7815060194
"Y_hat[20]",-4.67081416666667,-4.668345,0.111314873414304,-4.8993145,-4.456873,0.999559658227535,1184.63118729412
"Y_hat[21]",-4.63955125555556,-4.63818,0.121936367802017,-4.88290125,-4.41112525,0.999643237007066,1231.6240737152
"Y_hat[22]",-4.60662167777778,-4.604745,0.132136660098166,-4.866887,-4.35508925,0.999463532395555,1290.10650459211
"Y_hat[23]",-4.07119038888889,-4.072535,0.0881269211434036,-4.2370125,-3.89667625,1.00101644329902,843.799133090117
"Y_hat[24]",-4.07305252222222,-4.07115,0.0786646261174385,-4.226182,-3.9222065,1.00133725899021,790.477861517986
"Y_hat[25]",-4.08040522222222,-4.07789,0.070560297134888,-4.222059,-3.94629425,1.0013498941494,780.880700309011
"Y_hat[26]",-4.09331048888889,-4.090425,0.064129712994434,-4.22141175,-3.9720365,1.00033288316511,810.373782512667
"Y_hat[27]",-4.11183092222222,-4.10963,0.0591475636957235,-4.23020575,-4.00232925,0.999372071674095,863.31857662176
"Y_hat[28]",-4.13600514444444,-4.133815,0.0548577882023416,-4.24364175,-4.03778725,0.998309743924756,946.096389491585
"Y_hat[29]",-4.1651551,-4.16349,0.0510564528783964,-4.269497,-4.06716375,0.997646497388167,1012.56393658515
"Y_hat[30]",-4.19775887777778,-4.196815,0.0485936514088895,-4.2984025,-4.106656,0.997739814702558,1055.93097650895
"Y_hat[31]",-4.23224735555556,-4.22978,0.0481376194665314,-4.3321855,-4.14028425,0.997355512622758,1105.68712033942
"Y_hat[32]",-4.26705187777778,-4.267825,0.0494522719568885,-4.3689775,-4.17085325,0.997334593506897,1048.99895196861
"Y_hat[33]",-4.30062592222222,-4.300915,0.0516686365747049,-4.40277725,-4.20127375,0.997641137456977,982.161019654446
"Y_hat[34]",-4.33199056666667,-4.330915,0.0545933615147531,-4.43695225,-4.22649975,0.998708185859697,952.087100203986
"Y_hat[35]",-4.36074983333333,-4.360835,0.058742999661276,-4.470862,-4.2446275,0.998926492519778,962.484402854627
"Y_hat[36]",-4.38653551111111,-4.38605,0.0642847614483087,-4.51241275,-4.26201325,0.998523918901211,1011.01807193908
"Y_hat[37]",-4.40897922222222,-4.40578,0.0709547266790879,-4.55134375,-4.27027375,0.998668663485721,1075.07442661625
"Y_hat[38]",-4.42773021111111,-4.424385,0.0785234654049284,-4.588818,-4.2709305,0.9985126188358,1165.87501115734
"Y_hat[39]",-4.44277952222222,-4.438405,0.0872815911814789,-4.61653475,-4.27592625,0.998249155990673,1238.98075804328
"Y_hat[40]",-4.45442964444444,-4.450555,0.0974133123637621,-4.6442775,-4.2707255,0.998798211861964,1290.71754801447
"Y_hat[41]",-4.46299394444444,-4.461155,0.10844898995544,-4.6716435,-4.26118275,0.998204287568482,1316.70765409959
"Y_hat[42]",-4.47211846666667,-4.471395,0.129515593589974,-4.7119295,-4.2337575,1.0001703470288,1321.15309593326
"Y_hat[43]",-4.42585635555556,-4.427135,0.0902603074282825,-4.59002525,-4.24513375,1.00139487024449,948.956687213732
"Y_hat[44]",-4.42811098888889,-4.42781,0.0802031885752786,-4.57710575,-4.27015375,1.00213881185207,920.170498701351
"Y_hat[45]",-4.43122308888889,-4.429325,0.0713499584036092,-4.57464,-4.284587,1.00053796481519,948.60784037477
"Y_hat[46]",-4.43467104444444,-4.434115,0.0644325791357162,-4.56627375,-4.303075,1.00245471187168,1124.36690701904
"Y_hat[47]",-4.4379324,-4.4358,0.0595438900705534,-4.5594665,-4.3171515,1.00391092138324,1123.39343202821
"Y_hat[48]",-4.4404768,-4.439105,0.0561209051917132,-4.55368725,-4.3234075,1.00006183650524,1093.14465436608
"Y_hat[49]",-4.44170784444444,-4.44077,0.0540033710542782,-4.5495935,-4.32903075,1.00075065946188,1057.62061038751
"Y_hat[50]",-4.44099724444444,-4.441555,0.0533438180536911,-4.54511875,-4.334258,1.00056427572399,1054.85712481116
"Y_hat[51]",-4.43771715555556,-4.43732,0.0538650127418934,-4.53873175,-4.33514425,1.00047382570163,1114.9737400668
"Y_hat[52]",-4.43123925555556,-4.43209,0.0547737024318068,-4.53988925,-4.326686,0.999913711536099,1198.72663437728
"Y_hat[53]",-4.42096234444444,-4.42171,0.0553259620796327,-4.53386225,-4.314572,1.00008472636076,1241.12089531811
"Y_hat[54]",-4.40647022222222,-4.407845,0.0558163216782535,-4.5187475,-4.29762725,0.998993601582545,1212.89372447353
"Y_hat[55]",-4.38742225555556,-4.387705,0.0568112239212234,-4.499681,-4.277798,0.999471982243801,1172.20894927472
"Y_hat[56]",-4.36347765555556,-4.361925,0.0583625869210494,-4.47779075,-4.24658075,0.998311381142336,1138.9533083127
"Y_hat[57]",-4.33429604444444,-4.332955,0.060017937002943,-4.4519325,-4.214217,0.998740668584325,1100.72425357044
"Y_hat[58]",-4.2996111,-4.29652,0.0614411206125482,-4.42401475,-4.17878475,1.00019005236382,1077.91640304492
"Y_hat[59]",-4.25958462222222,-4.256685,0.0633121710150074,-4.38614125,-4.1356885,0.999002026744161,1063.94061589012
"Y_hat[60]",-4.21453192222222,-4.2131,0.0664069483459808,-4.34280125,-4.08859025,0.999809155272,1065.78794057421
"Y_hat[61]",-4.16476878888889,-4.1644,0.0708745784628042,-4.30101675,-4.030893,1.00118995142513,1086.35499735413
"Y_hat[62]",-4.1106106,-4.109745,0.0763497345060883,-4.25932275,-3.9659875,1.00252809934483,1137.12053412332
"Y_hat[63]",-4.05242725555556,-4.05366,0.0826105490286402,-4.21322575,-3.89750475,1.00226696054211,1157.81731731715
"Y_hat[64]",-3.99086132222222,-3.98828,0.0901313907601743,-4.164362,-3.82578225,1.00193655453219,1143.58880840363
"Y_hat[65]",-3.9266379,-3.92531,0.0990635170727785,-4.11343775,-3.7536115,1.00180452340154,1116.18275764583
"Y_hat[66]",-3.8604837,-3.860485,0.108859943605947,-4.06830025,-3.65916325,1.00139239749609,1077.66664499264
"Y_hat[67]",-3.79312387777778,-3.790465,0.118552462826514,-4.0285755,-3.57076575,1.00181941891238,1038.27728731549
"Y_hat[68]",-3.0231265,-3.022995,0.0565934240832946,-3.13659475,-2.916065,1.00896716080571,753.045844325415
"Y_hat[69]",-3.04028697777778,-3.038795,0.0465400039075497,-3.136572,-2.949143,1.00777367009148,802.171078555347
"Y_hat[70]",-3.06297631111111,-3.063285,0.0386063677272427,-3.1442605,-2.986151,1.00465065891137,863.80142104121
"Y_hat[71]",-3.0892445,-3.088985,0.0335791316736212,-3.15329975,-3.02031425,0.999926059004569,916.967093004128
"Y_hat[72]",-3.11697775555556,-3.115975,0.0319896781995125,-3.17855775,-3.05535,0.998153969668832,897.519272305734
"Y_hat[73]",-3.14406277777778,-3.14461,0.032769028437778,-3.208219,-3.0807,0.998448663671473,848.561106868352
"Y_hat[74]",-3.1683903,-3.169075,0.0337410982949272,-3.23390425,-3.10227025,1.0009124569749,821.488615125296
"Y_hat[75]",-3.1886596,-3.190385,0.0336918887340768,-3.2525145,-3.1202075,1.0026343436448,827.656709462823
"Y_hat[76]",-3.20527762222222,-3.206265,0.0333625336495075,-3.2660025,-3.136765,1.00460286936804,880.317443645667
"Y_hat[77]",-3.21886687777778,-3.21943,0.0336569191124979,-3.280882,-3.14584675,1.00020757624247,893.850729868816
"Y_hat[78]",-3.2300513,-3.22982,0.0347296855832412,-3.29791075,-3.1576845,1.00082388924199,924.76296175491
"Y_hat[79]",-3.23945125555556,-3.240685,0.0361317051816539,-3.3099535,-3.16421025,1.00201271743526,966.129083155308
"Y_hat[80]",-3.24742604444444,-3.2492,0.038038441745287,-3.32076225,-3.170653,1.00327811657161,1006.53380658364
"Y_hat[81]",-3.25385123333333,-3.25642,0.0415839294027496,-3.340312,-3.1725035,1.00349615366364,1034.18779891763
"Y_hat[82]",-3.25855147777778,-3.261235,0.0472933340379073,-3.3555025,-3.169658,1.00307519530087,1067.85328848351
"Y_hat[83]",-3.26135001111111,-3.26247,0.054771894619007,-3.37624375,-3.154292,1.00254255643072,1082.7575144663
"Y_hat[84]",-3.26207447777778,-3.26263,0.0633833262292786,-3.3903365,-3.13813575,1.00257053975318,1101.19690451998
"Y_hat[85]",-3.26077617777778,-3.25982,0.0730023485218971,-3.40873575,-3.1232595,1.00335609063126,1133.15582322293
"Y_hat[86]",-3.25380633333333,-3.25461,0.0946264292033784,-3.4398685,-3.0716945,1.00190290839075,1099.60405900796
"Y_hat[87]",-3.31440303333333,-3.31502,0.0613761691135905,-3.432048,-3.1926155,0.998147732951425,825.311446371722
"Y_hat[88]",-3.33916795555556,-3.338005,0.0535209312379413,-3.4442275,-3.22964575,0.99857939001121,778.83381818676
"Y_hat[89]",-3.36689828888889,-3.36736,0.046920034372802,-3.45899675,-3.2710075,0.998439258863125,745.050489242093
"Y_hat[90]",-3.3969803,-3.396745,0.0415471740942244,-3.4761655,-3.31466525,0.99921345991619,716.177728564592
"Y_hat[91]",-3.4283142,-3.428735,0.0380511790027223,-3.50122925,-3.35494925,1.00025863107111,642.413422734942
"Y_hat[92]",-3.45977964444444,-3.45957,0.0367485281520463,-3.53063725,-3.39101725,1.00142054864761,618.151669685259
"Y_hat[93]",-3.49025625555556,-3.48943,0.036903327903103,-3.563189,-3.423473,1.00177064844317,739.559471412235
"Y_hat[94]",-3.51865064444444,-3.519325,0.0372045207436765,-3.59524425,-3.451602,1.00204157725924,878.781522551161
"Y_hat[95]",-3.54432976666667,-3.544755,0.03743979211547,-3.62222725,-3.47470325,1.0041626510808,1025.08957942318
"Y_hat[96]",-3.56705371111111,-3.567625,0.0382941307840799,-3.64529125,-3.49246575,1.00672895317408,1148.05143345986
"Y_hat[97]",-3.5865949,-3.58555,0.0398910773641351,-3.66800675,-3.5096625,1.00386059912812,1215.98095522559
"Y_hat[98]",-3.60272653333333,-3.601795,0.041554716898734,-3.6850205,-3.52598975,1.00206540671234,1202.54507251844
"Y_hat[99]",-3.61521081111111,-3.61516,0.0424602778567289,-3.6967035,-3.537715,1.00538896112085,1125.82998031463
"Y_hat[100]",-3.62366785555556,-3.62373,0.0430140477682276,-3.70573575,-3.541389,1.00391205729622,1071.77658859064
"Y_hat[101]",-3.6276101,-3.626945,0.0442591606536968,-3.711686,-3.54106875,1.00350143860119,1014.26515237592
"Y_hat[102]",-3.62654678888889,-3.62435,0.0464643690825337,-3.71532725,-3.537386,1.00338848479977,1000.31690353876
"Y_hat[103]",-3.61998835555556,-3.617675,0.0489739660445147,-3.7155535,-3.52486325,1.00316119527959,1019.7075734929
"Y_hat[104]",-3.60746945555556,-3.604655,0.0509216161459523,-3.7106185,-3.5123855,1.00239424006334,1072.38083688955
"Y_hat[105]",-3.58882782222222,-3.58689,0.0525517899997891,-3.698974,-3.48981675,1.00197088437668,1049.19743599452
"Y_hat[106]",-3.56410138888889,-3.56264,0.0545958430310114,-3.67992475,-3.460204,0.99982932511294,1084.2705518259
"Y_hat[107]",-3.53332973333333,-3.530835,0.0571328470880941,-3.64828725,-3.423092,1.00112545647925,1130.41014509224
"Y_hat[108]",-3.4965545,-3.49373,0.0594871464460769,-3.61814375,-3.383004,1.00117719221333,1174.43155029334
"Y_hat[109]",-3.45388246666667,-3.45068,0.0607398125189076,-3.57571725,-3.34018175,0.999890965405571,1207.30769181392
"Y_hat[110]",-3.40609042222222,-3.40356,0.0608939416176947,-3.5283235,-3.289411,1.00037221777602,1209.99993696439
"Y_hat[111]",-3.13007912222222,-3.130815,0.0461035599619393,-3.21453825,-3.04105375,0.999747723445965,1140.04728663514
"Y_hat[112]",-3.07298238888889,-3.074225,0.0402954406643705,-3.14615075,-2.994022,0.999938488534732,1079.01047322092
"Y_hat[113]",-3.01564134444444,-3.01631,0.0358727709050507,-3.08543575,-2.94598075,1.0003765156885,1016.8353391304
"Y_hat[114]",-2.95802727777778,-2.95859,0.0329966444350285,-3.024604,-2.89207575,1.00069250047054,983.622035589644
"Y_hat[115]",-2.90025928888889,-2.900115,0.0307172934401812,-2.96103,-2.84109125,1.00052962483128,986.32243479043
"Y_hat[116]",-2.84352643333333,-2.84325,0.0288505844322295,-2.9017155,-2.78933425,0.999803360492153,1003.43884339389
"Y_hat[117]",-2.78949152222222,-2.789315,0.0279802545667908,-2.8472845,-2.737197,0.999306503189015,994.606941692759
"Y_hat[118]",-2.73981971111111,-2.740035,0.0281330206850272,-2.7978675,-2.68766175,0.999034652984761,963.364642607614
"Y_hat[119]",-2.69617603333333,-2.695575,0.0283899489244371,-2.754845,-2.64063175,0.999345269499488,929.573003805457
"Y_hat[120]",-2.65990742222222,-2.659395,0.0277523731043848,-2.717088,-2.60658375,0.999698332164171,963.306213802265
"Y_hat[121]",-2.63037824444444,-2.629725,0.0268197667260022,-2.68626,-2.57946875,1.00021202336759,1045.58841969634
"Y_hat[122]",-2.60618902222222,-2.60579,0.0267378257419243,-2.65951725,-2.556748,1.00086070815272,1079.65266555044
"Y_hat[123]",-2.58593965555556,-2.58496,0.0277575811887826,-2.63674225,-2.53335475,1.00135936541451,1070.61766833868
"Y_hat[124]",-2.5682287,-2.56746,0.029040777015712,-2.62161125,-2.51312675,1.0015451555716,1017.35446472646
"Y_hat[125]",-2.55185737777778,-2.55154,0.0297473444737284,-2.6088905,-2.49716225,1.00104717403082,991.807624502369
"Y_hat[126]",-2.53670875555556,-2.536725,0.0304081110638573,-2.596364,-2.47901725,1.00094196753726,972.370796940992
"Y_hat[127]",-2.52302821111111,-2.523735,0.0316972356272119,-2.58709175,-2.46364025,1.00100851809227,1060.2760336933
"Y_hat[128]",-2.51106024444444,-2.511385,0.0334822686749909,-2.5786125,-2.44902125,1.00131916784189,1136.00294261218
"Y_hat[129]",-2.5010506,-2.499825,0.03508847879322,-2.5714625,-2.435038,1.00153578663099,1046.67688450815
"Y_hat[130]",-2.4932042,-2.49179,0.0363941208065455,-2.56687625,-2.425505,1.00201204706262,986.258802868932
"Y_hat[131]",-2.48754241111111,-2.486535,0.0388888357903656,-2.5624025,-2.41090525,1.00216242634358,915.418524824921
"Y_hat[132]",-2.48403192222222,-2.48435,0.044251862282093,-2.567532,-2.394947,1.00157957397773,872.853997099107
"Y_hat[133]",-2.4826403,-2.482245,0.0533164968305442,-2.58396775,-2.3742375,1.00063524938538,924.20898989312
"Y_hat[134]",-2.48333476666667,-2.483565,0.0663369244085825,-2.605474,-2.34494975,0.999451141255053,1003.91498157723
"effective_n",5624.88155555556,5261.16,1944.29135118168,2990.28025,10429.955,1.0025062946707,811.39761235017
"P[1]",0.00777317578888889,0.007755085,0.00115136493731533,0.00565978,0.0100442275,1.00097876410055,986.503150932834
"P[2]",0.00767065022222222,0.007670685,0.000950337447420491,0.0058746645,0.00952098275,1.00016952046044,996.941679088349
"P[3]",0.0075838356,0.007580725,0.000785833209751227,0.006093986,0.00908293075,1.00126800581149,1005.00287988033
"P[4]",0.00751503738888889,0.007517225,0.000658893683603607,0.00618527525,0.0087556115,1.00447478693724,982.80634692507
"P[5]",0.00746656053333333,0.007476745,0.000569274969089803,0.00631849075,0.00856052275,1.00558277608079,985.45978068677
"P[6]",0.00744072645555556,0.007431565,0.000511621600036173,0.00644467325,0.00845028225,1.00391626503375,1005.00074591229
"P[7]",0.00743917655555556,0.007423135,0.000476533044210352,0.0065421685,0.00836408325,1.00221343443843,1011.78319966223
"P[8]",0.0074608511,0.007450465,0.000458438199026188,0.00659064175,0.00837730275,1.00361433741474,942.242289552936
"P[9]",0.00750443255555556,0.007511335,0.000454005510592316,0.0066511825,0.0084169685,1.00587378239986,950.921068402218
"P[10]",0.00756876654444444,0.00756948,0.00045856725529533,0.00670485625,0.00850454425,1.00231400201452,949.105814420114
"P[11]",0.00765278871111111,0.00765806,0.000466201372559209,0.00679608925,0.0085851675,1.00154376907044,960.638749843205
"P[12]",0.00775589405555556,0.00775074,0.000474797764289025,0.006882372,0.008715282,1.0010817101994,959.257915176506
"P[13]",0.00787846738888889,0.00787115,0.000490984848491968,0.0069555845,0.00886352725,1.00052011809262,971.599614007761
"P[14]",0.00802109663333333,0.0080223,0.000521356093985285,0.00702451575,0.009058077,1.0000507101349,984.513247817549
"P[15]",0.00818422643333333,0.008184135,0.000567478241229192,0.00704877225,0.00927904825,0.999832083835821,1011.53378482582
"P[16]",0.00836818186666667,0.008368845,0.00062707061522052,0.00715945675,0.00961221175,0.999383549195008,1042.88324349805
"P[17]",0.00857364433333333,0.008558945,0.000700173576399602,0.007222552,0.00998443875,0.999158920242608,1074.66279896906
"P[18]",0.00880208926666667,0.00875094,0.00079141481000225,0.00728751925,0.0103716275,1.00008499613138,1108.44879384838
"P[19]",0.00905502312222222,0.00902857,0.00090229808526192,0.00735407475,0.010887245,0.999364612595088,1140.75410008067
"P[20]",0.00933362255555556,0.009300505,0.00102918465502501,0.00739661375,0.0114656225,0.999559162776903,1184.65979531941
"P[21]",0.00963871663333333,0.009582575,0.00116527594718122,0.0075180495,0.0119958575,0.99964340659305,1231.65834887357
"P[22]",0.00997061441111111,0.009905175,0.00130617413392043,0.00763847525,0.0126784975,0.999463179813762,1290.07322523448
"P[23]",0.0168330821111111,0.0167489,0.00146705293059974,0.0142448725,0.0199050225,1.00101559925382,843.84044798547
"P[24]",0.0167896244444444,0.0167717,0.00130322629103821,0.0143976775,0.0194131075,1.00133668987957,790.461692961156
"P[25]",0.0166590602222222,0.01666085,0.0011573202390252,0.01445637,0.0189597625,1.00135020648905,780.866273881114
"P[26]",0.0164421846666667,0.01645675,0.00103644573153898,0.0144655125,0.0184868575,1.00033347925225,810.325711571751
"P[27]",0.0161406363333333,0.01614885,0.000937514293800948,0.01434075,0.0179451775,0.999359371286734,863.267641774491
"P[28]",0.0157575492222222,0.015769,0.000848558915169299,0.0141521425,0.01733081,0.998353914956363,946.214461784884
"P[29]",0.0153088702222222,0.01531495,0.000767581940147685,0.0137958175,0.0168374675,0.997646263018495,1012.55180609737
"P[30]",0.0148233718888889,0.0148205,0.000708552594564795,0.0134079825,0.0161960875,0.99761623630604,1055.81474669542
"P[31]",0.0143277831111111,0.01434675,0.000680048589642733,0.0129684,0.01566892,0.997325962934019,1105.70985485664
"P[32]",0.0138453523333333,0.01381865,0.000676315183946671,0.0125058325,0.0152043775,0.997334149606066,1048.98132093702
"P[33]",0.0133957994444444,0.0133748,0.000684073445365153,0.012095235,0.0147555025,0.997641272228552,982.173007484848
"P[34]",0.0129894824444444,0.0129847,0.000700600794839172,0.0116936,0.0143932075,0.99866614680817,952.137102870419
"P[35]",0.0126287381111111,0.0126067,0.000732341199650891,0.01130808,0.0141383625,0.998840626869242,962.51779957215
"P[36]",0.0123152488333333,0.01229665,0.00078099581643606,0.01085291,0.013898,0.998524233494937,1011.0127647187
"P[37]",0.0120504435444444,0.0120594,0.00084324182555669,0.010442795,0.013785315,0.998639672245143,1075.070152777
"P[38]",0.0118356804,0.01183975,0.000916589934853901,0.010062625,0.0137763275,0.998513324959736,1165.8723744196
"P[39]",0.0116691045111111,0.01167685,0.00100454040829558,0.00979021275,0.013708625,0.998249218934541,1239.01045413796
"P[40]",0.0115458808777778,0.01153745,0.00110924739154049,0.00952492375,0.0137791175,0.998735839196735,1290.71212475275
"P[41]",0.0114610405222222,0.01141715,0.00122577738766355,0.00927012,0.013909445,0.998203008618766,1316.65786586007
"P[42]",0.0113854715222222,0.01130215,0.00145474158869199,0.0089073845,0.014290575,0.999829714517793,1321.06731939668
"P[43]",0.0118691379444444,0.0118076,0.0010651504862676,0.0100505525,0.014131215,1.00124868972336,949.261996282297
"P[44]",0.0118328548222222,0.01179975,0.000940488488178035,0.010179895,0.0137869475,1.0018913134371,920.179492530236
"P[45]",0.0117888579333333,0.0117821,0.000831822183793847,0.0102048,0.0135919575,1.00035907681922,948.413735029079
"P[46]",0.0117434375777778,0.0117264,0.000747724203005419,0.010289605,0.0133463775,1.00230151316629,1124.39155846906
"P[47]",0.0117022372222222,0.0117069,0.000688650316768194,0.010359225,0.01316224,1.00372229194375,1123.54117538147
"P[48]",0.0116706241555556,0.01166875,0.000647440596517186,0.0104186125,0.01308125,1.00006285934071,1093.12615174401
"P[49]",0.0116551203333333,0.01164955,0.00062201165569744,0.0104609175,0.013008855,1.00075142232915,1057.58639471189
"P[50]",0.0116629017,0.01164055,0.000614326362205519,0.0105073125,0.0129418775,1.00069279649404,1054.74352252395
"P[51]",0.0117010765555556,0.01168935,0.000621775098337042,0.010573915,0.0129305575,1.00057461200881,1114.73161572657
"P[52]",0.0117767771555556,0.0117499,0.000635980504998259,0.010561815,0.01303898,0.999914211830861,1198.73069645179
"P[53]",0.0118973232666667,0.0118711,0.000648932827771321,0.010625015,0.013195795,0.999971760617564,1241.09775097738
"P[54]",0.0120692132333333,0.0120348,0.000664283033401807,0.010785085,0.013418235,0.998994194263516,1212.93338852149
"P[55]",0.0122991146111111,0.01227665,0.000689012850023585,0.0109904325,0.013683335,0.999380319150756,1172.20461076834
"P[56]",0.0125944836666667,0.01259315,0.000724576812220384,0.011230935,0.014111075,0.998311197382261,1139.08340615819
"P[57]",0.0129637905555556,0.01295855,0.000766691546115594,0.0115216775,0.0145684675,0.99868467001274,1100.71117643254
"P[58]",0.0134162846666667,0.01343295,0.00081230710992363,0.01184407,0.015086005,1.00013106346106,1077.88767489193
"P[59]",0.0139580796666667,0.01397125,0.000871191743068138,0.0122955525,0.01573989,0.9990026636404,1063.99108609066
"P[60]",0.0145947011111111,0.01458455,0.000955583570226752,0.012833265,0.0164864875,0.999809537015238,1065.72251099821
"P[61]",0.0153323671111111,0.01530125,0.00107054598117258,0.013373475,0.0174486075,1.00156749001309,1086.3580473814
"P[62]",0.016177928,0.016147,0.0012143117272235,0.0139349075,0.0185968775,1.00314057378368,1137.16688376239
"P[63]",0.0171384233333333,0.0170625,0.00138754702927643,0.014582775,0.0198888425,1.00302282862793,1157.81802594586
"P[64]",0.0182178212222222,0.01819435,0.00160405564059868,0.015301815,0.021336175,1.0019373128517,1143.5613289998
"P[65]",0.0194178676666667,0.0193541,0.0018745107085808,0.0160884075,0.0228964975,1.00180583536615,1116.1612573003
"P[66]",0.0207377412222222,0.02062345,0.00219629111103876,0.0168187325,0.02510749,1.00139263741585,1077.73074977912
"P[67]",0.0221730125555556,0.02208615,0.0025543180554845,0.0174883975,0.02736431,1.00169874422818,1038.31260913399
"P[68]",0.0464561556666667,0.0463978,0.00250642336855251,0.041622805,0.051365215,1.00923335232383,753.07629563043
"P[69]",0.0456814767777778,0.0457038,0.00202801027146912,0.0416236775,0.04977704,1.00781826507569,802.086447653086
"P[70]",0.0446894634444444,0.0446474,0.00164792221696849,0.0413181,0.04805543,1.00458804871867,863.791337857406
"P[71]",0.0435745152222222,0.043564,0.00139949468906387,0.0409613675,0.046516635,0.999893331473618,916.956566657839
"P[72]",0.0424313376666667,0.04245315,0.00129920044118573,0.0399806775,0.0449871525,0.998133814588728,897.633823343412
"P[73]",0.0413453406666667,0.041304,0.00129729052009912,0.0388575925,0.04391045,0.998433943373425,848.650023377278
"P[74]",0.0403929704444444,0.04034625,0.00130631773458302,0.037909465,0.0430136525,1.00080068174577,821.458728412825
"P[75]",0.0396145626666667,0.0395292,0.00128165436208634,0.037236695,0.04228131,1.00249389886129,827.588162200228
"P[76]",0.0389868097777778,0.0389307,0.00125153963454387,0.0367560625,0.0416159425,1.0044919468116,880.390306057656
"P[77]",0.0384812056666667,0.038441,0.00124803527028017,0.036232935,0.0412551675,1.00018267557076,893.890191786211
"P[78]",0.038070775,0.0380588,0.00127524247495544,0.0356429625,0.040789485,1.00082577377385,924.800637641053
"P[79]",0.037729718,0.03766305,0.00131579369517526,0.0352313325,0.040534975,1.00201088668561,966.12075257808
"P[80]",0.0374436226666667,0.03735555,0.00137511300069901,0.034865855,0.0402851075,1.00327239983288,1006.60453364384
"P[81]",0.0372174022222222,0.03709695,0.00149305807199776,0.0342139825,0.040213685,1.00349685047662,1034.15254767586
"P[82]",0.0370576968888889,0.03692535,0.00168812261668934,0.0337154625,0.04032367,1.00307695134351,1067.88024191823
"P[83]",0.0369704714444444,0.03688135,0.00194733902435317,0.03304634,0.0409225675,1.00254354934603,1082.84409839329
"P[84]",0.0369613614444444,0.03687575,0.00225048753166021,0.0325988425,0.0415614125,1.00272061227238,1101.21736171482
"P[85]",0.0370291466666667,0.03697575,0.00259640483058664,0.0320235925,0.04215803,1.00393588610714,1133.16094116544
"P[86]",0.0373386767777778,0.03716145,0.00340566157025095,0.0310723875,0.04429008,1.00244480440147,1099.59273976214
"P[87]",0.0351397633333333,0.03505955,0.00209039510149274,0.03130875,0.03944458,0.9981245165847,825.74706105704
"P[88]",0.0342958533333333,0.0342901,0.00177862724406378,0.030941575,0.0380653125,0.998576328328021,778.99891555534
"P[89]",0.033379279,0.0333313,0.00151760751659663,0.0305016325,0.036579395,0.998442294809526,744.707005025343
"P[90]",0.0324152596666667,0.03239735,0.00130481356143576,0.0299980175,0.035071505,0.999214025363132,716.19396998526
"P[91]",0.0314428187777778,0.03140935,0.00115841521873235,0.0292772325,0.0337335375,1.00025682879218,642.350753574912
"P[92]",0.0304972371111111,0.03048465,0.0010841114164881,0.02845304,0.03257736,1.00142191438498,618.162817152279
"P[93]",0.0296090777777778,0.02961455,0.00105657097284681,0.027566855,0.0315698575,1.00177016143266,739.241552153076
"P[94]",0.0288043695555556,0.0287674,0.00103702817981188,0.026720395,0.03072104,1.00210850461764,878.946447961676
"P[95]",0.0280948942222222,0.0280653,0.00101970132661233,0.0260275375,0.0300406875,1.00432970509913,1025.25698957114
"P[96]",0.0274818706666667,0.0274481,0.0010224623109288,0.0254491925,0.02952735,1.00685225488538,1147.65669361731
"P[97]",0.0269659771111111,0.02697365,0.0010471374023328,0.024891825,0.0290384275,1.00394320966971,1215.95797933011
"P[98]",0.0265476038888889,0.02655045,0.0010753080131652,0.02448225,0.028581635,1.00194735843768,1202.37743164051
"P[99]",0.0262278113333333,0.0262074,0.00108614948337113,0.024204815,0.0282579825,1.00530316186708,1125.92028371469
"P[100]",0.0260132522222222,0.0259894,0.00109107545713123,0.0239923325,0.0281573225,1.0038853332148,1071.6379863206
"P[101]",0.0259148502222222,0.02590825,0.00111732139958819,0.02385343,0.028166075,1.0034282578488,1014.25597927717
"P[102]",0.0259440732222222,0.02597385,0.00117286986603483,0.02376872,0.0282670075,1.00338628263662,1000.27248720171
"P[103]",0.0261131848888889,0.0261432,0.0012431074145233,0.0237635675,0.0286131125,1.00316163468995,1019.64812405541
"P[104]",0.0264357916666667,0.02647675,0.00130797016507778,0.0238782475,0.0289618525,1.00239486162522,1072.3993950749
"P[105]",0.026921879,0.0269385,0.00137434501067942,0.0241511525,0.02960339,1.00183664283074,1049.13749835954
"P[106]",0.0275800014444444,0.02758155,0.00146170835285936,0.0246042775,0.03046616,0.999829455127956,1084.2163233446
"P[107]",0.0284209725555556,0.0284475,0.00157406160406253,0.0253750075,0.03158145,1.00103756551092,1130.44910549575
"P[108]",0.0294578272222222,0.0294912,0.00169559497412145,0.0261312725,0.03283092,1.00098403167874,1174.4305877297
"P[109]",0.0307045813333333,0.0307486,0.00180146098005945,0.0272329625,0.0342181575,0.999860213190535,1207.34892486896
"P[110]",0.0321594274444444,0.0321845,0.00188929298142094,0.028517005,0.0359361025,1.00041548320789,1210.05943775176
"P[111]",0.0419225121111111,0.0418539,0.00185493615252443,0.038622395,0.045605315,0.999744986665917,1139.91795945406
"P[112]",0.0442668515555556,0.0441832,0.00170713603823638,0.0412431375,0.047696765,0.999937963571316,1079.0001891756
"P[113]",0.0467501985555556,0.0466945,0.00160003659193006,0.043711955,0.0499270275,1.00038109636996,1016.8824702087
"P[114]",0.0493814807777778,0.04933195,0.00154964205389239,0.0463267325,0.0525466925,1.0006931492437,983.619609624582
"P[115]",0.0521616048888889,0.05214785,0.00151898176534368,0.049217735,0.0551435625,1.00053163477544,986.304175765129
"P[116]",0.0550361444444444,0.05503135,0.00150050265278496,0.05206874,0.057903135,0.99980303224582,1003.50586319975
"P[117]",0.0579135383333333,0.05790435,0.00152662232041002,0.0548218825,0.06081375,0.999281795716205,994.621594992839
"P[118]",0.0606839668888889,0.0606517,0.00160387272582956,0.057439545,0.0637054,0.999035880065957,963.424258893173
"P[119]",0.0632202022222222,0.06323515,0.00168158992022939,0.0598137025,0.0665688525,0.999343217144058,929.812536878097
"P[120]",0.0654014153333333,0.0654124,0.00169571714298681,0.06197238,0.068715725,0.999698436745369,963.217240968261
"P[121]",0.0672282177777778,0.06724955,0.00168010396874762,0.06378911,0.070471525,1.00021290113909,1045.43143499696
"P[122]",0.0687608542222222,0.0687665,0.00170992624640886,0.06540475,0.07197433,1.00085938976921,1079.72503048883
"P[123]",0.0700703628888889,0.07011275,0.00180656216142508,0.06681083,0.073552695,1.00135795458628,1070.75902472496
"P[124]",0.0712352434444444,0.0712622,0.00191930209568357,0.067760415,0.07494296,1.00154313031645,1017.42674607193
"P[125]",0.0723271501111111,0.0723231,0.00199410774500741,0.06856839,0.07605749,1.00104307449863,991.973929003603
"P[126]",0.0733512561111111,0.07332345,0.00206535550002573,0.0693728875,0.0773420025,1.00094159487207,972.308265288971
"P[127]",0.074288876,0.0742107,0.00217828170683937,0.069973905,0.0784469375,1.00100912198234,1060.05372097443
"P[128]",0.0751194781111111,0.0750638,0.00232451001492747,0.070527635,0.079510175,1.00144864319965,1136.11882208795
"P[129]",0.0758210985555555,0.0758705,0.00245754480177108,0.0709976325,0.0805396925,1.00153470805438,1046.66982772705
"P[130]",0.0763754828888889,0.07643575,0.00256776427386043,0.071300985,0.08124812,1.00201484202648,986.289543554807
"P[131]",0.0767814506666667,0.07680765,0.00275884762964402,0.07159763,0.08234496,1.00216043977097,915.514375358018
"P[132]",0.0770440393333333,0.07696285,0.00315037675350401,0.0712576525,0.08355873,1.00157985192292,872.806775885486
"P[133]",0.077169651,0.07711255,0.00380322363438384,0.0701774575,0.08515835,1.0006379661561,924.28107858079
"P[134]",0.0771670856666667,0.07701845,0.00473509345471191,0.068786925,0.08746781,0.999451441882864,1003.9006679269
"alpha[1]",43.8401745555556,40.95215,17.0243047733306,20.34944,87.8119425,1.00347268643311,708.662247940808
"alpha[2]",43.2200506666667,40.2938,16.2200358378927,20.9299,85.4294825,1.00178370419509,715.060125203865
"alpha[3]",42.6890646666667,39.84185,15.578453180718,21.0821725,82.538885,1.00197881217759,730.917554117765
"alpha[4]",42.2627853333333,39.4538,15.0866949564994,21.3869675,80.023065,1.00296768325453,749.675378224263
"alpha[5]",41.9568086666667,39.24465,14.7337335948117,21.2754675,79.522125,1.0037632672872,778.201540827736
"alpha[6]",41.7868907777778,39.14065,14.5094631283658,21.2525225,78.270475,1.00381446610592,798.694795472232
"alpha[7]",41.7639758888889,39.2618,14.4033531338105,21.2984,78.1612025,1.0038583993842,816.107690725998
"alpha[8]",41.8801561111111,39.34465,14.3966262567378,21.5477775,79.0280575,1.00383276841267,830.005581549788
"alpha[9]",42.1254108888889,39.65075,14.4730337547369,21.6254675,79.6080275,1.00436420308568,839.163501743809
"alpha[10]",42.4907038888889,39.9098,14.6168448196524,21.725595,79.6300775,1.00349211185678,846.62171988121
"alpha[11]",42.9674297777778,40.35815,14.8112964591048,22.24874,79.757695,1.00298067924334,847.794905887586
"alpha[12]",43.5501262222222,40.7884,15.0459113755141,22.9361975,80.0111475,1.00364494779851,852.127425409177
"alpha[13]",44.240793,41.50005,15.3265585114413,23.4323575,81.4255175,1.00484088801101,854.3370277728
"alpha[14]",45.0429137777778,42.41285,15.6606799409704,23.7691675,84.3157375,1.00460369851379,854.330516500498
"alpha[15]",45.9591383333333,43.34855,16.0507937387377,23.9952975,85.5432475,1.00442322465495,850.660568923111
"alpha[16]",46.9914427777778,44.14785,16.4951282636122,24.58093,87.0106675,1.00493049073372,855.189339097541
"alpha[17]",48.1439237777778,45.3008,16.9965684917353,25.39929,89.251255,1.00506270878368,851.567903256494
"alpha[18]",49.4254813333333,46.4763,17.5703520276232,26.03046,92.31672,1.00510050611862,854.192409240585
"alpha[19]",50.8453673333333,47.69905,18.2302365213115,26.81747,94.250145,1.00493982174424,855.738756207958
"alpha[20]",52.4111781111111,49.26715,18.9819008053937,27.2495675,99.5962375,1.00340914455044,856.504782735817
"alpha[21]",54.1287814444444,50.5383,19.8230639593849,27.718005,105.887625,1.00257099977277,863.667987061016
"alpha[22]",56.0010297777778,52.3309,20.7513891079297,28.275805,107.754575,1.00347441995713,862.701961759171
"alpha[23]",95.0001883333333,88.5892,35.084824460053,47.577925,185.2192,1.00107579270905,750.017349288958
"alpha[24]",94.7304156666667,88.8198,34.6113179757436,47.4016525,183.2267,1.00075465179436,749.085659026593
"alpha[25]",93.9645378888889,87.9098,34.0104870046459,47.2392125,180.452575,1.0011500576913,747.029119410795
"alpha[26]",92.7047146666667,86.6433,33.2737520455615,46.9607275,177.6767,1.00144360899651,752.64170472742
"alpha[27]",90.9581174444444,85.15235,32.3824559354854,46.340385,173.562425,1.00201909199522,767.649343655035
"alpha[28]",88.7408442222222,83.11025,31.3165740641983,45.76433,167.62655,1.00141680446546,790.10763537887
"alpha[29]",86.145596,80.5079,30.1101757236382,44.997095,162.00005,1.00096382694038,806.955144094776
"alpha[30]",83.3414037777778,77.801,28.852113172496,43.45445,155.80645,1.00033045960482,826.685889453075
"alpha[31]",80.4849494444444,75.6672,27.6188903805599,42.037385,150.031225,1.00096779687072,852.939151418853
"alpha[32]",77.7121304444444,73.5144,26.4661410834761,40.4557675,144.0233,1.00125121509584,866.6546276406
"alpha[33]",75.1376725555556,70.8568,25.4341741237299,39.2519225,138.0584,1.00186715963708,880.721829699223
"alpha[34]",72.8197022222222,68.8382,24.5413427150666,37.918905,133.28055,1.00302203038937,882.164699670342
"alpha[35]",70.7678816666667,66.871,23.7882781020108,37.093045,130.6284,1.00355574784314,878.531398445216
"alpha[36]",68.9884238888889,65.3419,23.1711129182688,35.946315,129.762175,1.0026618915973,881.785881121385
"alpha[37]",67.4862948888889,64.1886,22.6799951971482,35.0194725,128.319325,1.00328966161329,877.344729682334
"alpha[38]",66.2662942222222,63.01265,22.3044575576755,34.116455,126.849275,1.00316019784332,884.790081085639
"alpha[39]",65.3172502222222,61.9423,22.0445494229943,33.1056075,125.003775,1.00216946850554,896.644147091032
"alpha[40]",64.6130821111111,61.1668,21.9030981854685,32.310895,123.24415,1.00122890727551,895.694980457335
"alpha[41]",64.1270413333333,60.86055,21.8725041998288,32.4000675,121.22,1.00106475063528,897.245897049572
"alpha[42]",63.697039,60.5165,22.0649845845503,31.529725,121.9454,1.00091256315578,895.709262991026
"alpha[43]",66.7504598888889,62.69155,23.678558928893,34.602615,124.83055,1.00198263652195,770.028989664562
"alpha[44]",66.5495257777778,62.88365,23.4776792420592,34.9016125,123.40125,1.0017864628817,776.206191703106
"alpha[45]",66.2980275555555,62.5773,23.2589473692528,34.444035,122.984,1.00227337550604,787.015999207529
"alpha[46]",66.0329772222222,62.50675,23.0502942301375,34.3895075,122.71005,1.00309956071382,800.060300887997
"alpha[47]",65.7875142222222,62.1998,22.8658430482418,34.08552,121.408775,1.00434390313782,812.663250313745
"alpha[48]",65.5930777777778,61.7292,22.7108668780248,34.02712,121.5464,1.00437439845681,817.743921296277
"alpha[49]",65.4873093333333,61.388,22.594933080513,34.0613225,121.447475,1.00361291335956,822.469054607412
"alpha[50]",65.5114926666667,61.49145,22.5331476306948,34.3538575,122.09925,1.00342220884902,819.847979018709
"alpha[51]",65.706597,61.8919,22.5384455759161,34.630555,122.409975,1.00332898996634,817.091543223285
"alpha[52]",66.1137456666667,62.2464,22.6198043142958,34.658135,123.43365,1.00260065449461,814.664507606334
"alpha[53]",66.7750993333333,62.70325,22.7876199933268,34.94358,125.553725,1.00210479458829,820.850481348979
"alpha[54]",67.7279955555556,63.79125,23.0646181222902,35.3175825,127.065975,1.00152499466359,827.438030062839
"alpha[55]",69.0107144444444,64.79905,23.4780335241574,36.1194225,129.525325,1.00172420139455,836.038827283723
"alpha[56]",70.6660554444444,66.08125,24.0512869131534,37.0734425,131.6334,1.00146506967729,841.38926845957
"alpha[57]",72.7428443333333,68.1843,24.8050102825574,37.989255,136.5674,1.0016755431178,838.420189426458
"alpha[58]",75.294407,70.5933,25.7629136917805,39.2625925,142.112075,1.00182129054784,829.761806430233
"alpha[59]",78.3560027777778,73.4845,26.9495355190618,40.9577175,148.661975,1.001745767886,816.977464539283
"alpha[60]",81.9595704444444,76.94375,28.3905983452327,42.795025,155.39135,1.00225205822311,800.669728921344
"alpha[61]",86.1414234444444,80.80355,30.1095198234636,44.652525,166.1863,1.00273593912297,784.882431816345
"alpha[62]",90.9419271111111,85.13545,32.1285005688241,46.8265125,177.2678,1.00252668915098,772.72250650642
"alpha[63]",96.403345,90.1241,34.4820322686014,49.9325225,186.46445,1.00316344358982,759.904102296665
"alpha[64]",102.551165,95.66965,37.2299085497837,52.1485075,200.3156,1.00275390400469,748.367346841341
"alpha[65]",109.397929333333,102.2815,40.4214565631422,55.5727975,214.822825,1.00265801481953,738.112473379316
"alpha[66]",116.940513555556,109.1785,44.0615727830818,58.65847,232.78615,1.00307855765102,731.667644337829
"alpha[67]",125.153681555556,116.8385,48.0943075909841,61.844085,250.0177,1.00378206182643,722.718552829619
"alpha[68]",262.341323111111,245.3205,95.7431996024629,133.49045,507.551525,1.00014751585057,761.448529138169
"alpha[69]",257.611297111111,241.631,92.269639420996,132.24645,490.18575,1.00053555075303,785.86816067838
"alpha[70]",251.680653888889,236.7755,88.6109403445492,130.6984,475.170975,1.00146647629996,800.783997893235
"alpha[71]",245.100077444444,230.1605,85.0121402631879,127.1078,457.587925,1.00266894619094,815.625064389617
"alpha[72]",238.417936888889,224.2895,81.6986857309473,125.0373,440.4916,1.00358241046204,828.68877789335
"alpha[73]",232.126199777778,218.4225,78.8457268083613,123.04065,427.34675,1.00328483285634,833.145098477806
"alpha[74]",226.663864,213.109,76.591719369283,120.89095,415.969525,1.00393920359288,840.59720242932
"alpha[75]",222.256003444444,208.892,74.9825238823746,118.8125,404.5787,1.00336299527953,837.009392430158
"alpha[76]",218.750099222222,206.1335,73.899499041718,116.6643,400.112175,1.00320361317889,826.404018625672
"alpha[77]",215.963878222222,203.431,73.2115611388122,114.6891,397.3291,1.00242689138669,815.121120686492
"alpha[78]",213.724980888889,200.221,72.7767559920996,113.591,393.433075,1.00192007313008,808.019766272007
"alpha[79]",211.868470777778,198.3155,72.4455078926047,112.5261,392.280325,1.00222283673313,800.87365290271
"alpha[80]",210.302607555556,196.4945,72.1433025756394,111.7856,389.6194,1.00333578506256,796.347260297387
"alpha[81]",209.060312777778,194.8365,71.9262108717354,111.1537,387.66635,1.00458220657129,797.241324234321
"alpha[82]",208.185905444444,193.438,71.8568138800371,110.815325,386.10695,1.00569910220679,790.465812771373
"alpha[83]",207.719667888889,193.7015,71.979882856887,109.9216,386.614625,1.00570177849667,786.062208408216
"alpha[84]",207.700032888889,192.9305,72.3314110901567,109.299625,389.130375,1.00437428534078,778.369031873656
"alpha[85]",208.125373,194.375,72.9564192132726,108.26375,391.4249,1.00258825002967,764.330179202313
"alpha[86]",210.000901555556,196.271,75.1135530929052,106.74645,397.447,1.00261803399105,737.52805230677
"alpha[87]",197.921783444444,183.0205,70.5322739811158,101.7609,377.3166,1.00269117740402,762.506212366269
"alpha[88]",193.093820333333,179.1945,68.2257099551225,100.949425,368.980575,1.00268538159609,771.751399480754
"alpha[89]",187.861889777778,173.9445,65.8955756142594,99.120065,357.48465,1.0024890969445,782.214589893052
"alpha[90]",182.370549555556,169.5875,63.5863182442652,96.4042925,343.246775,1.00255906136925,786.882099086968
"alpha[91]",176.841277777778,164.5805,61.3745569865304,92.8212825,329.218225,1.00271084440506,791.591287233727
"alpha[92]",171.473890666667,159.7465,59.3182870697662,90.093675,319.080825,1.00352306308896,795.681828485555
"alpha[93]",166.441039888889,154.3925,57.4494326014693,87.432125,310.1248,1.00435521179923,801.328039024945
"alpha[94]",161.889472,150.5905,55.7859137650642,85.17723,301.07,1.00460961550748,807.463438010801
"alpha[95]",157.883972333333,147.21,54.3420136183868,82.5067625,295.4943,1.00453062439238,815.145226495177
"alpha[96]",154.428437555556,144.4075,53.1290700557798,80.532175,290.3365,1.00453082420528,824.194909307517
"alpha[97]",151.523910888889,141.946,52.146524336701,79.36557,286.985175,1.00346662981159,832.852798071496
"alpha[98]",149.169828,140.1975,51.3764784973375,78.699175,282.718375,1.00372357734227,837.339416084755
"alpha[99]",147.369503888889,138.6225,50.7963795362282,78.43928,278.718625,1.00356244185008,840.245017800041
"alpha[100]",146.159551111111,137.2195,50.41887457043,78.054975,274.089375,1.00334074264017,849.953000022701
"alpha[101]",145.601939222222,137.06,50.281044720592,77.719195,272.4798,1.0027355418763,855.904590386037
"alpha[102]",145.761776666667,136.7695,50.4090042041548,78.272425,271.131075,1.00254232369662,855.772261497867
"alpha[103]",146.708585444444,137.79,50.8130322644018,78.7865125,269.990925,1.00336457740948,865.107569407897
"alpha[104]",148.519432666667,139.8695,51.4988087294226,79.999425,272.6073,1.00322396427246,875.638609499582
"alpha[105]",151.250817666667,142.7655,52.4915453941813,81.3511625,277.697575,1.00296036021485,876.416902585662
"alpha[106]",154.951206222222,145.9525,53.8308801017135,83.1061975,283.522425,1.00257178212275,874.479316679034
"alpha[107]",159.681890333333,150.5125,55.5500589652395,86.1040375,294.761275,1.00260932780545,873.221072190357
"alpha[108]",165.516873777778,155.641,57.6695395591536,88.6931025,308.335425,1.00282233109148,858.022182662775
"alpha[109]",172.535643666667,161.995,60.200924006498,92.1970975,323.80435,1.00338986571889,852.69314149066
"alpha[110]",180.726865888889,169.5235,63.1318091454224,96.9207025,340.909,1.00414429124612,847.869860368193
"alpha[111]",235.592134333333,221.9,81.587673625997,127.14405,444.55465,1.00153278337249,848.718900858801
"alpha[112]",248.751450444444,233.565,85.7916898326206,134.56115,468.4623,1.00224264596365,853.510210263742
"alpha[113]",262.710559777778,246.9285,90.3768711253766,142.623975,494.44465,1.00240872032303,854.663374296353
"alpha[114]",277.537008444444,260.704,95.4482208764112,149.4551,523.177525,1.00269372066349,850.369570138682
"alpha[115]",293.252825555556,275.8785,101.066720836398,156.93875,554.148525,1.00307202600777,838.862086321888
"alpha[116]",309.544064444444,291.0455,107.092991174841,163.955325,583.996225,1.00304077789869,822.493432315209
"alpha[117]",325.871785555556,305.8905,113.261684093289,173.17415,609.423475,1.00276953891781,805.471323436749
"alpha[118]",341.587758888889,320.3495,119.22905021417,180.999325,637.72125,1.00181589498205,792.612018143705
"alpha[119]",355.939553333333,333.353,124.563665403159,187.722175,666.3765,1.00151474127723,773.665539547214
"alpha[120]",368.212917777778,344.3155,128.847974196477,194.033675,687.7267,1.00147885342894,780.64984934941
"alpha[121]",378.418375555556,353.924,132.123511041268,200.095025,702.6788,1.00131676720694,789.087485070081
"alpha[122]",386.922632222222,362.1695,134.652730994178,204.837225,714.685925,1.0015461119088,798.571295493453
"alpha[123]",394.156842222222,368.1155,136.711141626181,208.495425,723.03885,1.00091646752029,809.847394011135
"alpha[124]",400.596087777778,373.76,138.565059322163,211.11945,734.22545,1.00054206158638,821.217001563359
"alpha[125]",406.67244,378.974,140.444501464281,214.648875,747.177725,1.00068511234613,825.703194437566
"alpha[126]",412.413615555556,385.572,142.374755074375,218.527075,761.3406,1.00165102027833,825.719008233915
"alpha[127]",417.70203,391.477,144.299140024071,222.4167,778.13475,1.00207017147145,821.919453949324
"alpha[128]",422.408753333333,397.5225,146.128107974192,224.294725,786.20105,1.00288344258786,814.338706392132
"alpha[129]",426.396121111111,401.6895,147.746492835227,225.24325,793.3068,1.0032710696894,807.83345190562
"alpha[130]",429.549044444444,404.7455,149.072951546621,225.392975,805.5587,1.00319122569117,807.459560773451
"alpha[131]",431.8581,404.522,150.164340740022,226.106675,816.4052,1.00283455399156,806.606474998618
"alpha[132]",433.351694444444,405.322,151.130882695803,226.724425,821.28215,1.00278133373014,805.163670263171
"alpha[133]",434.06653,404.6115,152.096352040373,225.089175,827.99045,1.00382569572683,806.960818528406
"alpha[134]",434.053226666667,402.4775,153.217729563071,223.01455,845.609624999999,1.00336686065492,821.343741616107
"beta[1]",5581.04181111111,5217.91,1928.68637475393,2968.1675,10342.23,1.00243377986321,812.161557483669
"beta[2]",5581.66166666667,5218.805,1929.04483000781,2967.84,10344.875,1.00241297237027,812.394909395787
"beta[3]",5582.19264444444,5219.725,1929.37913731664,2967.5245,10347.0825,1.00243134277234,812.326761522635
"beta[4]",5582.61856666667,5221.13,1929.67080816534,2967.24075,10348.905,1.00240622418676,811.826831027434
"beta[5]",5582.92495555556,5222.255,1929.90640791562,2966.98975,10350.5525,1.00243930629811,811.612830454532
"beta[6]",5583.09516666667,5222.84,1930.06525289089,2966.7605,10352.125,1.00248932923296,811.642545978228
"beta[7]",5583.11797777778,5222.86,1930.13463461296,2966.53875,10353.675,1.00245056001827,811.355061383113
"beta[8]",5583.00157777778,5222.755,1930.12394437375,2966.333,10355.145,1.00244795351564,811.289024474824
"beta[9]",5582.75595555556,5222.55,1930.04462382074,2966.167,10356.235,1.00243240594345,811.431323866637
"beta[10]",5582.39133333333,5222.295,1929.90843629354,2966.05975,10356.9825,1.00246629006741,812.111036966166
"beta[11]",5581.91445555556,5222.015,1929.72231772397,2965.996,10357.14,1.00245715711768,811.964471412544
"beta[12]",5581.3318,5221.71,1929.49431354322,2966.0165,10356.5925,1.00246427456654,812.001478928857
"beta[13]",5580.64065555556,5220.665,1929.22763659874,2966.0875,10355.3975,1.00248165618981,811.32517085008
"beta[14]",5579.83891111111,5219.525,1928.92399256881,2966.18525,10353.54,1.00241648755539,811.272076723952
"beta[15]",5578.92284444444,5218.315,1928.58105915153,2966.2855,10351.115,1.00237494961322,811.00572902964
"beta[16]",5577.89058888889,5217.095,1928.20135681556,2966.3435,10348.0175,1.00245281506954,810.866510915378
"beta[17]",5576.73782222222,5216.15,1927.78400442865,2966.345,10344.39,1.00245320925687,810.568608586132
"beta[18]",5575.45627777778,5215.485,1927.32560970846,2966.26575,10340.195,1.00241724977525,810.118114872111
"beta[19]",5574.03594444444,5214.705,1926.81907620673,2966.091,10335.4425,1.0024192012589,810.058407347402
"beta[20]",5572.4707,5213.605,1926.26090559528,2965.81175,10330.395,1.00254295256428,810.183497693968
"beta[21]",5570.75317777778,5211.525,1925.64175907664,2965.3885,10324.9725,1.00255987943123,810.441008968659
"beta[22]",5568.88046666667,5209.26,1924.9576572798,2964.82225,10319.3425,1.00254709222135,810.595479685002
"beta[23]",5529.88145555556,5169.245,1910.34542351992,2943.6545,10241.8375,1.00247465257276,812.231677716719
"beta[24]",5530.15142222222,5170.865,1910.57810600484,2943.2845,10244.255,1.00260051153532,812.024928741546
"beta[25]",5530.91714444444,5171.97,1910.9907328197,2943.13275,10247.6675,1.00262910195023,812.25719963978
"beta[26]",5532.17665555556,5173.565,1911.58811547399,2943.18625,10252.1375,1.00263625361507,812.582630573698
"beta[27]",5533.924,5175.68,1912.38389063852,2943.43375,10257.68,1.00264837725516,812.491885495555
"beta[28]",5536.14058888889,5178.335,1913.36923287206,2943.77075,10264.3,1.002622831053,811.643301417884
"beta[29]",5538.73608888889,5181.445,1914.51175429687,2944.28575,10270.5375,1.00263029981743,811.209222817761
"beta[30]",5541.54046666667,5184.685,1915.72793787234,2944.9345,10276.045,1.0026339627105,810.951850733757
"beta[31]",5544.39661111111,5187.955,1916.94482468648,2945.67075,10281.405,1.00262497463088,810.912881469656
"beta[32]",5547.16956666667,5191.09,1918.10131312682,2946.44875,10286.5275,1.00264066866943,810.416844164665
"beta[33]",5549.74395555556,5193.915,1919.14509181463,2947.228,10291.355,1.00263377112241,810.454229955739
"beta[34]",5552.06193333333,5196.38,1920.0601744093,2947.9675,10295.75,1.00264733964161,810.311728635292
"beta[35]",5554.11376666667,5198.14,1920.85517116666,2948.651,10299.66,1.00265815815384,810.746195771384
"beta[36]",5555.89324444444,5199.63,1921.53958206364,2949.237,10303.1375,1.00267300251403,810.521977002073
"beta[37]",5557.39531111111,5200.69,1922.12422052968,2949.69975,10306.0925,1.00267055714267,810.802890099168
"beta[38]",5558.61524444444,5201.57,1922.61933888852,2950.03875,10308.525,1.00267758265563,810.426293219768
"beta[39]",5559.5643,5202.37,1923.0318597299,2950.202,10310.4775,1.00270199385045,810.52027363467
"beta[40]",5560.26877777778,5203.1,1923.36983909399,2950.2205,10312.155,1.0026825779339,810.5272581033
"beta[41]",5560.75448888889,5203.75,1923.63557924254,2950.09425,10313.5475,1.00267639602036,810.423921421362
"beta[42]",5561.18451111111,5204.795,1923.97662307247,2949.39025,10316.1575,1.00270722147107,810.908500491457
"beta[43]",5558.13116666667,5198.895,1921.46084639246,2950.4645,10312.625,1.00253209493294,812.135988210501
"beta[44]",5558.33233333333,5198.925,1921.46566153084,2951.43525,10311.79,1.00252604070187,811.474561920956
"beta[45]",5558.58367777778,5199.17,1921.5316895807,2952.3995,10310.965,1.00249970452984,811.160835617602
"beta[46]",5558.8487,5199.56,1921.63621826538,2953.30575,10310.25,1.00248659761737,811.171463732584
"beta[47]",5559.09401111111,5200.025,1921.75438716386,2954.093,10309.6925,1.00251320190395,811.303843395702
"beta[48]",5559.28883333333,5200.055,1921.86926168691,2954.71975,10309.3875,1.00245988301253,811.377566483482
"beta[49]",5559.3944,5199.41,1921.96333554072,2955.166,10309.235,1.00246069537087,811.570734869419
"beta[50]",5559.37006666667,5198.655,1922.01929507445,2955.416,10309.23,1.00244748704329,811.539450155064
"beta[51]",5559.17501111111,5197.91,1922.02322836891,2955.46975,10309.1725,1.00242391854196,811.404408109577
"beta[52]",5558.76828888889,5197.12,1921.96009457402,2955.3115,10309.015,1.00241358544268,811.564430230159
"beta[53]",5558.10688888889,5196.225,1921.80669224307,2954.92075,10308.5525,1.00246580776546,811.577881218308
"beta[54]",5557.15402222222,5195.205,1921.54837323762,2954.30375,10307.6375,1.00246327534676,811.178823002384
"beta[55]",5555.87112222222,5194.055,1921.16282158026,2953.45625,10305.97,1.00245657545886,810.902652651055
"beta[56]",5554.21568888889,5192.77,1920.62663577256,2952.36875,10303.3075,1.00242668947624,811.127261213168
"beta[57]",5552.13893333333,5191.335,1919.91420697845,2951.038,10299.3975,1.00243214590769,811.169908973956
"beta[58]",5549.58754444444,5189.785,1918.99689825016,2949.4455,10293.85,1.00233797101469,811.350613971766
"beta[59]",5546.52603333333,5188.415,1917.86092528574,2947.55225,10286.56,1.00236909842094,811.321371880743
"beta[60]",5542.92221111111,5186.74,1916.49454913843,2945.3695,10277.5325,1.00234728066588,811.600656426595
"beta[61]",5538.74035555556,5184.015,1914.88590478151,2942.88975,10266.7725,1.00234632934887,812.645839353239
"beta[62]",5533.93982222222,5179.55,1913.01742600909,2940.096,10254.2325,1.0023318552171,812.956488079935
"beta[63]",5528.47836666667,5173.78,1910.87044618252,2936.98175,10239.865,1.00237636065311,813.954306092329
"beta[64]",5522.33021111111,5166.72,1908.41825931959,2933.57,10223.665,1.00234774967585,814.107369379691
"beta[65]",5515.4838,5158.49,1905.65085712936,2929.8885,10205.5175,1.00231892016633,814.342646926418
"beta[66]",5507.94114444444,5149.4,1902.55619320214,2925.944,10185.2025,1.00225688842578,814.588628922963
"beta[67]",5499.72843333333,5140.91,1899.14854201365,2921.7545,10162.9,1.00207059336466,814.826713768484
"beta[68]",5362.54038888889,5014.905,1849.6739190103,2854.25975,9944.17775,1.0025119018689,815.009991507782
"beta[69]",5367.27045555556,5018.65,1852.78204796018,2856.58825,9960.92025,1.00258084788642,813.175092853227
"beta[70]",5373.2014,5025.965,1856.200419861,2858.74975,9977.21425,1.00260025004765,812.906904674129
"beta[71]",5379.78166666667,5033.12,1859.66470252759,2861.102,9992.604,1.00260950748759,811.477211965936
"beta[72]",5386.46371111111,5039.375,1862.92956297667,2863.47475,10004.807,1.00251776249808,810.669780692948
"beta[73]",5392.75558888889,5043.615,1865.78513508046,2865.7025,10014.41625,1.00239198914988,810.409805573928
"beta[74]",5398.21802222222,5048.715,1868.04535308281,2867.65125,10021.28025,1.00226973651583,809.99275165204
"beta[75]",5402.62593333333,5052.88,1869.64329541725,2869.28775,10025.31775,1.00229138069198,810.42784546235
"beta[76]",5406.13147777778,5055.535,1870.71592784647,2871.3705,10027.3515,1.00231889538527,810.43837862331
"beta[77]",5408.91744444444,5057.515,1871.41303879409,2873.3885,10028.3185,1.00237846421739,810.441828989259
"beta[78]",5411.15682222222,5059.995,1871.87900165902,2875.37575,10029.0125,1.00241750370889,811.229824262586
"beta[79]",5413.01355555556,5062.11,1872.24285161504,2877.3615,10030.40375,1.00242025650181,810.936665368074
"beta[80]",5414.57932222222,5063.405,1872.58371891573,2879.31925,10032.7485,1.00240756989672,811.493694908317
"beta[81]",5415.82171111111,5063.77,1872.88199366139,2881.11575,10035.667,1.00240969548267,812.412934102259
"beta[82]",5416.69598888889,5063.385,1873.10366505495,2882.61875,10038.4315,1.00233784185611,812.842472543572
"beta[83]",5417.16181111111,5062.02,1873.21966309048,2883.70975,10040.486,1.00226373769106,813.585852424497
"beta[84]",5417.18155555556,5060.45,1873.19996363454,2884.25075,10041.2505,1.00218706106014,813.864413872508
"beta[85]",5416.75636666667,5059.63,1873.02092070366,2884.227,10040.50625,1.00211843602135,815.30101253315
"beta[86]",5414.88057777778,5056.32,1872.1563035039,2883.097,10036.5705,1.00193971057474,816.671356507012
"beta[87]",5426.96013333333,5073.55,1874.85817488901,2889.12375,10059.09325,1.00240008165995,812.796903331572
"beta[88]",5431.78815555556,5079.37,1876.89298901188,2890.68075,10070.065,1.0024390295684,812.663991653185
"beta[89]",5437.01972222222,5085.695,1879.02072909718,2892.26875,10082.2425,1.00244924265999,812.012015042234
"beta[90]",5442.51091111111,5093.49,1881.18101227116,2893.89775,10095.0975,1.00255290873866,811.092390491168
"beta[91]",5448.04033333333,5100.305,1883.30334947177,2895.64725,10106.4025,1.00254672157515,811.349784199789
"beta[92]",5453.40795555556,5105.92,1885.32072583641,2897.552,10116.6025,1.00252116838217,810.983891332381
"beta[93]",5458.44054444444,5110.745,1887.17887492834,2899.67725,10126.2425,1.0025577137559,811.076262918135
"beta[94]",5462.99227777778,5113.385,1888.83465941635,2902.04725,10134.875,1.00253391934149,810.793146235696
"beta[95]",5466.9976,5115.9,1890.26945358167,2904.583,10142.4425,1.00252518965537,810.628634163302
"beta[96]",5470.45312222222,5118.285,1891.48898180185,2907.08875,10148.7825,1.00247546695138,811.118134416848
"beta[97]",5473.35775555556,5120.47,1892.4965115154,2909.39025,10153.9325,1.00246676086459,811.044798697218
"beta[98]",5475.71173333333,5121.885,1893.29709909974,2911.3375,10157.735,1.00241672155021,811.126330843142
"beta[99]",5477.51174444444,5122.63,1893.89343519558,2912.79525,10160.1275,1.00240369123482,811.122607896955
"beta[100]",5478.72194444444,5123.15,1894.28136906165,2913.713,10161.11,1.00242645707972,811.083577768734
"beta[101]",5479.27997777778,5124.305,1894.44290805693,2914.06975,10160.63,1.00234900756288,811.232451885228
"beta[102]",5479.11991111111,5125.05,1894.35956432591,2913.854,10158.645,1.00232517997342,811.44973582367
"beta[103]",5478.1732,5124.315,1894.01408936338,2913.03475,10155.0975,1.00236689186669,811.251773863159
"beta[104]",5476.36245555556,5122.09,1893.38008545525,2911.56575,10149.8975,1.00225917233136,811.003334649016
"beta[105]",5473.63083333333,5119.62,1892.43770909712,2909.44275,10142.84,1.00229032048137,811.280698960066
"beta[106]",5469.9305,5116.99,1891.16752837031,2906.6525,10133.8825,1.00228321356799,811.160564976337
"beta[107]",5465.1995,5113.16,1889.53823010047,2903.207,10122.6725,1.00238003647906,810.777369284295
"beta[108]",5459.36524444444,5108.17,1887.51872359572,2899.3155,10108.9625,1.00240129706133,810.812573189595
"beta[109]",5452.34572222222,5102.17,1885.06569477779,2895.38475,10092.41,1.00242592581834,810.759786342747
"beta[110]",5444.15504444444,5095.05,1882.19539679747,2890.39675,10073.305,1.0024089353983,811.193886557672
"beta[111]",5389.28954444444,5039.575,1863.51414147238,2857.2745,9964.89975,1.00251630519931,811.10720040903
"beta[112]",5376.13048888889,5025.245,1859.15072437232,2850.78525,9944.3685,1.00242611698972,810.505961789197
"beta[113]",5362.17122222222,5010.48,1854.45117212957,2844.2785,9923.38425,1.00241333021864,811.391432023921
"beta[114]",5347.34478888889,4995.67,1849.31241690472,2837.58075,9901.06975,1.00238325092082,810.960351208662
"beta[115]",5331.6287,4981.315,1843.64428292202,2830.59675,9876.582,1.00238869802592,810.652902298416
"beta[116]",5315.33787777778,4965.99,1837.58173143732,2823.4165,9850.207,1.00240589697606,810.787387083634
"beta[117]",5299.00987777778,4950.005,1831.40103228386,2816.23875,9822.869,1.00232553967315,812.130873116383
"beta[118]",5283.29385555556,4935.315,1825.45192597881,2809.2795,9795.73075,1.00227657151168,812.679492847733
"beta[119]",5268.94196666667,4924.62,1820.13846230175,2802.78575,9770.1605,1.00243201690619,813.321372773036
"beta[120]",5256.66861111111,4915.965,1815.84800192327,2796.99925,9747.5595,1.00250339006548,813.313164423163
"beta[121]",5246.46336666667,4908.805,1812.554562146,2791.9215,9728.27175,1.002567559049,813.434448510056
"beta[122]",5237.95903333333,4901.525,1810.03365296257,2787.47575,9712.125,1.002690336307,812.256098519512
"beta[123]",5230.72502222222,4895.295,1808.0197649515,2783.541,9698.86875,1.00264612651758,811.811675457348
"beta[124]",5224.2855,4885.705,1806.22214922221,2779.98525,9688.207,1.00254025734916,810.768405837572
"beta[125]",5218.20912222222,4877.69,1804.3840359017,2776.707,9679.8655,1.00255036037586,810.813482463987
"beta[126]",5212.46821111111,4873.57,1802.49584737769,2773.734,9673.81675,1.0025239035642,810.521401115406
"beta[127]",5207.18001111111,4872.135,1800.63396452913,2771.1255,9670.12325,1.00250115760704,810.263466586137
"beta[128]",5202.47284444444,4869.99,1798.88408919112,2768.965,9668.7855,1.00242226055355,810.201021951735
"beta[129]",5198.48553333333,4864.615,1797.33470897039,2767.3275,9663.0725,1.00233355590401,810.099683809083
"beta[130]",5195.33282222222,4858.645,1796.05918487189,2766.246,9658.65375,1.00233504025253,807.728758958843
"beta[131]",5193.02361111111,4854.395,1795.07425781939,2765.63625,9647.8865,1.00207906088615,808.714640515871
"beta[132]",5191.52977777778,4855.74,1794.37802142845,2765.32775,9635.21225,1.00211885431768,808.474988280316
"beta[133]",5190.81517777778,4858.205,1793.97028635823,2765.04475,9619.44325,1.00219047014253,807.62470930219
"beta[134]",5190.82837777778,4861.18,1793.84195642359,2764.71175,9599.1205,1.00210562133611,807.546522839243
