t,mean,lower,upper,variable,prior
1,0.005676924259269977,-0.04035366723927247,0.0502802892991967,rt,"Uniform(0, 0.2) (default)"
2,0.005716190648288546,-0.03535570701552899,0.044439110583705185,rt,"Uniform(0, 0.2) (default)"
3,0.005305522828486016,-0.03146678949068599,0.03793619159343783,rt,"Uniform(0, 0.2) (default)"
4,0.00507457282994286,-0.027736920566058948,0.03771692816563446,rt,"Uniform(0, 0.2) (default)"
5,0.005515861289363245,-0.024259659246513257,0.03362598114512839,rt,"Uniform(0, 0.2) (default)"
6,0.005986585211673282,-0.021109225926245805,0.03186858059601812,rt,"Uniform(0, 0.2) (default)"
7,0.007991553507477489,-0.019344313570125324,0.031635042117507034,rt,"Uniform(0, 0.2) (default)"
8,0.011031924767713345,-0.013183605148602867,0.03465508780647744,rt,"Uniform(0, 0.2) (default)"
9,0.014382904450921438,-0.008629352004034713,0.03826504950003565,rt,"Uniform(0, 0.2) (default)"
10,0.018273080718727838,-0.003416752245714926,0.04128958019734279,rt,"Uniform(0, 0.2) (default)"
11,0.020826148491491475,0.0005741248225519073,0.04410768678343594,rt,"Uniform(0, 0.2) (default)"
12,0.02336963788089657,0.002536326401562327,0.04773986325544912,rt,"Uniform(0, 0.2) (default)"
13,0.024478300206846687,0.0031169005559778433,0.04799246888177205,rt,"Uniform(0, 0.2) (default)"
14,0.024653917986935777,0.0038056413745930114,0.04982806471122289,rt,"Uniform(0, 0.2) (default)"
15,0.024410615764567347,0.004648903012247978,0.04681240071434723,rt,"Uniform(0, 0.2) (default)"
16,0.02384200656612649,0.0030279313132798996,0.04585151392020855,rt,"Uniform(0, 0.2) (default)"
17,0.02251254286029638,0.002568070540919728,0.044076911877523675,rt,"Uniform(0, 0.2) (default)"
18,0.0194102144742539,-0.00044951632697912136,0.04094866497596012,rt,"Uniform(0, 0.2) (default)"
19,0.015009225264588248,-0.005523640184038191,0.035726021853542456,rt,"Uniform(0, 0.2) (default)"
20,0.011186938218367066,-0.011846937171370257,0.0328877627755931,rt,"Uniform(0, 0.2) (default)"
21,0.007510131378142236,-0.014467189027138595,0.02752645299556663,rt,"Uniform(0, 0.2) (default)"
22,0.005881384195844709,-0.016642603021043298,0.026724072779101913,rt,"Uniform(0, 0.2) (default)"
23,0.005690960113598621,-0.01913423274777338,0.02685785672928369,rt,"Uniform(0, 0.2) (default)"
24,0.006212519853005369,-0.01396837880261567,0.02701169032806347,rt,"Uniform(0, 0.2) (default)"
25,0.006680393572092548,-0.01606067568490001,0.02743130430648224,rt,"Uniform(0, 0.2) (default)"
26,0.007253601698608024,-0.015334052477213079,0.028415074105392856,rt,"Uniform(0, 0.2) (default)"
27,0.007485815416300873,-0.01377118756088979,0.028675902081629172,rt,"Uniform(0, 0.2) (default)"
28,0.007904511263977594,-0.013130527336461376,0.029782883744507823,rt,"Uniform(0, 0.2) (default)"
29,0.007977301939814385,-0.012499129601354209,0.03107763972232989,rt,"Uniform(0, 0.2) (default)"
30,0.007280878805474042,-0.012584564764121575,0.030386960173355376,rt,"Uniform(0, 0.2) (default)"
31,0.005159657456261473,-0.014764880982435585,0.027761633887902266,rt,"Uniform(0, 0.2) (default)"
32,0.0013147014651038948,-0.018806584290331392,0.02349464485401912,rt,"Uniform(0, 0.2) (default)"
33,-0.0018245297451400212,-0.022669102055494994,0.020712648022086513,rt,"Uniform(0, 0.2) (default)"
34,-0.006580807399204154,-0.02770732107537984,0.017297448178866675,rt,"Uniform(0, 0.2) (default)"
35,-0.012261634874339665,-0.03525104594770369,0.009312750971377341,rt,"Uniform(0, 0.2) (default)"
36,-0.017844096411334765,-0.03994562440691336,0.0018852410060165078,rt,"Uniform(0, 0.2) (default)"
37,-0.022960419799895417,-0.04571420465773534,-0.001875209265139028,rt,"Uniform(0, 0.2) (default)"
38,-0.027748527143391308,-0.04940001405367595,-0.0066266985753263286,rt,"Uniform(0, 0.2) (default)"
39,-0.033081961608268436,-0.056970316372083565,-0.012213731857990781,rt,"Uniform(0, 0.2) (default)"
40,-0.037885190548814715,-0.06317131753636152,-0.01689800675000404,rt,"Uniform(0, 0.2) (default)"
41,-0.041147249210443645,-0.06556080722626456,-0.021189613818517774,rt,"Uniform(0, 0.2) (default)"
42,-0.04312779526129116,-0.06971584175374854,-0.022430761003101537,rt,"Uniform(0, 0.2) (default)"
43,-0.044500087485606674,-0.06805838921216077,-0.022970723866010616,rt,"Uniform(0, 0.2) (default)"
44,-0.04410233229748291,-0.06841660771135225,-0.024206913168089372,rt,"Uniform(0, 0.2) (default)"
45,-0.04224092132964586,-0.06690574878580138,-0.02034149828623136,rt,"Uniform(0, 0.2) (default)"
46,-0.040713265457288345,-0.06425780888177698,-0.017897117866535646,rt,"Uniform(0, 0.2) (default)"
47,-0.0384781294020592,-0.061173474573704874,-0.016156330111142855,rt,"Uniform(0, 0.2) (default)"
48,-0.034922674191406225,-0.05697763899254041,-0.01151920237448796,rt,"Uniform(0, 0.2) (default)"
49,-0.03055751210181778,-0.051823396290350245,-0.005434047268460493,rt,"Uniform(0, 0.2) (default)"
50,-0.02744829498936957,-0.04812319068004964,-0.002961367440635518,rt,"Uniform(0, 0.2) (default)"
51,-0.025087240046169128,-0.04626499787293823,-0.00045273893634673393,rt,"Uniform(0, 0.2) (default)"
52,-0.023941898692131335,-0.045405504961646484,0.0010378180852377503,rt,"Uniform(0, 0.2) (default)"
53,-0.023712901042840653,-0.04625581038825134,-0.00036620883955956003,rt,"Uniform(0, 0.2) (default)"
54,-0.023471330615593006,-0.04500614289801652,-0.0007053346830126039,rt,"Uniform(0, 0.2) (default)"
55,-0.022536510696146955,-0.04418018953636939,0.0009612960693237737,rt,"Uniform(0, 0.2) (default)"
56,-0.021472164135552224,-0.04510067549747999,0.002541768041697045,rt,"Uniform(0, 0.2) (default)"
57,-0.02032163874706969,-0.044622524349139985,0.004315796205995727,rt,"Uniform(0, 0.2) (default)"
58,-0.01915351661336827,-0.042504068575581325,0.005408041784573173,rt,"Uniform(0, 0.2) (default)"
59,-0.017839087616176648,-0.040974753008472004,0.005434472018154994,rt,"Uniform(0, 0.2) (default)"
60,-0.016434632365226222,-0.039882042914548915,0.006432675546746638,rt,"Uniform(0, 0.2) (default)"
61,-0.01525063403829067,-0.03981718780689514,0.008471334269578143,rt,"Uniform(0, 0.2) (default)"
62,-0.015103966226718498,-0.03992000574671714,0.00825835370134391,rt,"Uniform(0, 0.2) (default)"
63,-0.013198529546571167,-0.03694977980978434,0.010021427484218174,rt,"Uniform(0, 0.2) (default)"
64,-0.011299245189809681,-0.0347753877583813,0.012660334959553661,rt,"Uniform(0, 0.2) (default)"
65,-0.009437368840359743,-0.034181774127359316,0.014801120798981141,rt,"Uniform(0, 0.2) (default)"
66,-0.007568015001528781,-0.030731673545978715,0.015477847693670069,rt,"Uniform(0, 0.2) (default)"
67,-0.005976220846619835,-0.030002657298481762,0.016574176221248224,rt,"Uniform(0, 0.2) (default)"
68,-0.004440011551602559,-0.02867368159870185,0.018951109376939217,rt,"Uniform(0, 0.2) (default)"
69,-0.002316151550244876,-0.026214562017937697,0.021152977788012787,rt,"Uniform(0, 0.2) (default)"
70,7.766272853459829e-5,-0.02282387596637067,0.023578195518696516,rt,"Uniform(0, 0.2) (default)"
71,0.0026583105445232547,-0.021814434404886236,0.026069729947408398,rt,"Uniform(0, 0.2) (default)"
72,0.005872751339585471,-0.018138753133208563,0.0296192540890947,rt,"Uniform(0, 0.2) (default)"
73,0.008501413309481563,-0.014597325814628529,0.03312800898688595,rt,"Uniform(0, 0.2) (default)"
74,0.010267790968222088,-0.0131844437930042,0.0333673024302483,rt,"Uniform(0, 0.2) (default)"
75,0.011467590789655858,-0.012173578816357965,0.03526971486167656,rt,"Uniform(0, 0.2) (default)"
76,0.013101561061445145,-0.011032253154396697,0.037678329085726193,rt,"Uniform(0, 0.2) (default)"
77,0.014876778519035861,-0.00992232486895963,0.03714559751873761,rt,"Uniform(0, 0.2) (default)"
78,0.016873854626357824,-0.007549248780820986,0.039599700801527644,rt,"Uniform(0, 0.2) (default)"
79,0.019328844154469713,-0.004080819035318855,0.043237568348180745,rt,"Uniform(0, 0.2) (default)"
80,0.022121845206120833,-0.0015442475451643658,0.04557477367313472,rt,"Uniform(0, 0.2) (default)"
81,0.024531027838529243,0.0002611023211824573,0.047746065709501254,rt,"Uniform(0, 0.2) (default)"
82,0.026778521512352826,0.004044276917922035,0.049353957604737334,rt,"Uniform(0, 0.2) (default)"
83,0.028487938547026623,0.005168169888372541,0.051344278483253625,rt,"Uniform(0, 0.2) (default)"
84,0.030153629661521627,0.0064112762462159014,0.05299473246377217,rt,"Uniform(0, 0.2) (default)"
85,0.03237200798784533,0.009045580997560403,0.055326049109848736,rt,"Uniform(0, 0.2) (default)"
86,0.03527101807323755,0.012485952378918884,0.057669312229906004,rt,"Uniform(0, 0.2) (default)"
87,0.03809813372451238,0.01534978415443368,0.0607336274087102,rt,"Uniform(0, 0.2) (default)"
88,0.04061165475802236,0.017937474316926865,0.06380342490557653,rt,"Uniform(0, 0.2) (default)"
89,0.04320110788505974,0.02114300722093287,0.0659201611568629,rt,"Uniform(0, 0.2) (default)"
90,0.04521110388632345,0.02313672140519791,0.06792250269186106,rt,"Uniform(0, 0.2) (default)"
91,0.04704414085426044,0.025311067552932047,0.0706267877592963,rt,"Uniform(0, 0.2) (default)"
92,0.048048658047264596,0.025818841137784727,0.07138349233468226,rt,"Uniform(0, 0.2) (default)"
93,0.04853861750971954,0.026431200442640246,0.07143411905750048,rt,"Uniform(0, 0.2) (default)"
94,0.048696661629956624,0.026209689612104216,0.07200458665479335,rt,"Uniform(0, 0.2) (default)"
95,0.04873566472480951,0.02561850161968014,0.07212633414630344,rt,"Uniform(0, 0.2) (default)"
96,0.04896653526905988,0.024527105626198243,0.07352733843631547,rt,"Uniform(0, 0.2) (default)"
97,0.048863773167253356,0.02230934505469337,0.07525138938448363,rt,"Uniform(0, 0.2) (default)"
98,0.04921098533082813,0.020091688576511037,0.078700625162283,rt,"Uniform(0, 0.2) (default)"
99,0.04908792829403238,0.016003909331435102,0.08237647572872005,rt,"Uniform(0, 0.2) (default)"
100,0.04833305284527514,0.010162808014660466,0.0862578940274209,rt,"Uniform(0, 0.2) (default)"
1,0.010455048233082038,0.008952330592344125,0.012100446690525924,Pt,"Uniform(0, 0.2) (default)"
2,0.010512519561744156,0.009226549927633818,0.011900350007500277,Pt,"Uniform(0, 0.2) (default)"
3,0.010559725965862408,0.009407950697584572,0.011730297773171547,Pt,"Uniform(0, 0.2) (default)"
4,0.010609933347745116,0.009601587288732644,0.011717185663488644,Pt,"Uniform(0, 0.2) (default)"
5,0.010665398102865264,0.009744836611792498,0.011628291853134822,Pt,"Uniform(0, 0.2) (default)"
6,0.010730340817449351,0.00986398919918697,0.011633226240055507,Pt,"Uniform(0, 0.2) (default)"
7,0.010818039439154816,0.009909154752282262,0.011729404839486503,Pt,"Uniform(0, 0.2) (default)"
8,0.010939229160409656,0.010050037957196658,0.011847950906775994,Pt,"Uniform(0, 0.2) (default)"
9,0.01109700092451481,0.010162608254924245,0.011991841644997865,Pt,"Uniform(0, 0.2) (default)"
10,0.011300579039338687,0.010389579716476955,0.01223378026005316,Pt,"Uniform(0, 0.2) (default)"
11,0.011545608481449067,0.010632851397599766,0.012511620043952693,Pt,"Uniform(0, 0.2) (default)"
12,0.011809650874069993,0.010938227159876288,0.012760638158239837,Pt,"Uniform(0, 0.2) (default)"
13,0.012103164188520811,0.011241241009355165,0.013038032842974268,Pt,"Uniform(0, 0.2) (default)"
14,0.012404603298441775,0.011526586783193418,0.013364733286216762,Pt,"Uniform(0, 0.2) (default)"
15,0.012714030501157063,0.011820255124044126,0.013689543530635749,Pt,"Uniform(0, 0.2) (default)"
16,0.013021618482265851,0.012090663659767685,0.014041916870351057,Pt,"Uniform(0, 0.2) (default)"
17,0.013320596418712348,0.012351651265910065,0.014339190074501853,Pt,"Uniform(0, 0.2) (default)"
18,0.013584721938565544,0.0125809100403986,0.014611241916161791,Pt,"Uniform(0, 0.2) (default)"
19,0.013789619820882271,0.012811908135695728,0.014802515717163395,Pt,"Uniform(0, 0.2) (default)"
20,0.013944292770591091,0.012966131822130314,0.014956376626247147,Pt,"Uniform(0, 0.2) (default)"
21,0.014052482860843058,0.013043483245398692,0.015093385501227774,Pt,"Uniform(0, 0.2) (default)"
22,0.014134733529729288,0.01314013481583681,0.015149814189279106,Pt,"Uniform(0, 0.2) (default)"
23,0.01421309701595404,0.013172682103949113,0.015272159739314103,Pt,"Uniform(0, 0.2) (default)"
24,0.01429766225696143,0.013316255798794816,0.015335837175926308,Pt,"Uniform(0, 0.2) (default)"
25,0.014391674176542925,0.013357238717168422,0.015487048596662212,Pt,"Uniform(0, 0.2) (default)"
26,0.014495309211178423,0.013469786854569937,0.015624335912603067,Pt,"Uniform(0, 0.2) (default)"
27,0.014602105100073136,0.01354105212909196,0.015765522364455914,Pt,"Uniform(0, 0.2) (default)"
28,0.014715466197111626,0.013655639849167907,0.015868402579638535,Pt,"Uniform(0, 0.2) (default)"
29,0.014829427584166683,0.01376211127766304,0.015970088943769764,Pt,"Uniform(0, 0.2) (default)"
30,0.014936147807878178,0.01388179904680511,0.01608773217554576,Pt,"Uniform(0, 0.2) (default)"
31,0.0150082085207624,0.013954664606139089,0.016137048118962168,Pt,"Uniform(0, 0.2) (default)"
32,0.015021204213017872,0.013939834266381481,0.016170690327959248,Pt,"Uniform(0, 0.2) (default)"
33,0.014985420192514785,0.01389174240179672,0.016142237895797006,Pt,"Uniform(0, 0.2) (default)"
34,0.014884398023425557,0.013818227457399261,0.0160158234152334,Pt,"Uniform(0, 0.2) (default)"
35,0.014704398114006872,0.013656561714848536,0.01586639722695603,Pt,"Uniform(0, 0.2) (default)"
36,0.014447533808530831,0.013363413373468733,0.015552893863128692,Pt,"Uniform(0, 0.2) (default)"
37,0.014122253100584717,0.013092765478544946,0.015227068898359425,Pt,"Uniform(0, 0.2) (default)"
38,0.013735899584508843,0.01266247670910234,0.014826222557659927,Pt,"Uniform(0, 0.2) (default)"
39,0.013285923240304337,0.012215533029272098,0.014361306198066599,Pt,"Uniform(0, 0.2) (default)"
40,0.012797851548696686,0.011796342916799313,0.013864381872143318,Pt,"Uniform(0, 0.2) (default)"
41,0.01227993440821686,0.011325254511382969,0.013278223952745652,Pt,"Uniform(0, 0.2) (default)"
42,0.011762223220756601,0.010856532409204315,0.01266606012894948,Pt,"Uniform(0, 0.2) (default)"
43,0.011249082096209508,0.010342859172822506,0.012129303218017922,Pt,"Uniform(0, 0.2) (default)"
44,0.01076714465681629,0.0098429344142564,0.011628436686927528,Pt,"Uniform(0, 0.2) (default)"
45,0.01032703495097735,0.009438697277960123,0.011196128049442283,Pt,"Uniform(0, 0.2) (default)"
46,0.009913625896708944,0.009026712941645752,0.01078664339915004,Pt,"Uniform(0, 0.2) (default)"
47,0.009542927350786446,0.008686758905662806,0.01042102828799821,Pt,"Uniform(0, 0.2) (default)"
48,0.00921538448517088,0.008393228343619368,0.010057751276866679,Pt,"Uniform(0, 0.2) (default)"
49,0.008933239501239741,0.008121500049385553,0.009735494516379867,Pt,"Uniform(0, 0.2) (default)"
50,0.00869251104299221,0.007882034245263129,0.009473116318847018,Pt,"Uniform(0, 0.2) (default)"
51,0.008475997114021309,0.007731347052338723,0.009210218799207344,Pt,"Uniform(0, 0.2) (default)"
52,0.008275758733741007,0.00756319759328052,0.008995181421924266,Pt,"Uniform(0, 0.2) (default)"
53,0.008081536182616712,0.007357129155355363,0.008817011203367397,Pt,"Uniform(0, 0.2) (default)"
54,0.007893672415454259,0.007180272696103111,0.00860095364559347,Pt,"Uniform(0, 0.2) (default)"
55,0.007718105677382741,0.0070028110426443215,0.008425826958840123,Pt,"Uniform(0, 0.2) (default)"
56,0.0075554231301146295,0.006857717541670331,0.008262323238739648,Pt,"Uniform(0, 0.2) (default)"
57,0.007404208540774092,0.006714502589067549,0.008096283005832768,Pt,"Uniform(0, 0.2) (default)"
58,0.0072640840657415655,0.006563363070290624,0.007964371317603023,Pt,"Uniform(0, 0.2) (default)"
59,0.007136130348926497,0.006459678217848968,0.007829660145662134,Pt,"Uniform(0, 0.2) (default)"
60,0.007019798483459828,0.006344167820559497,0.0077053392170183714,Pt,"Uniform(0, 0.2) (default)"
61,0.006913724418285458,0.006261405814316345,0.007626521687385601,Pt,"Uniform(0, 0.2) (default)"
62,0.006810634401442143,0.0061542376123828475,0.007488023468790443,Pt,"Uniform(0, 0.2) (default)"
63,0.006721602128012832,0.006071633379976547,0.0074032571384839,Pt,"Uniform(0, 0.2) (default)"
64,0.006645471105808888,0.006010220589652343,0.007305475012101113,Pt,"Uniform(0, 0.2) (default)"
65,0.0065830974521059364,0.005942231133762697,0.007245475365958749,Pt,"Uniform(0, 0.2) (default)"
66,0.0065331004798275215,0.005900911814524372,0.007164764254955178,Pt,"Uniform(0, 0.2) (default)"
67,0.006494012692929759,0.005895440977394191,0.007134504482934455,Pt,"Uniform(0, 0.2) (default)"
68,0.006465278089956144,0.005861117004056672,0.007100979804885783,Pt,"Uniform(0, 0.2) (default)"
69,0.0064501243581440585,0.005833268332167214,0.00707961765554702,Pt,"Uniform(0, 0.2) (default)"
70,0.006449649861642611,0.0058298708950402945,0.007081339644209711,Pt,"Uniform(0, 0.2) (default)"
71,0.006466420536600525,0.005851647568061832,0.007101882022611895,Pt,"Uniform(0, 0.2) (default)"
72,0.006504544392843239,0.005891624037765936,0.007132250006752966,Pt,"Uniform(0, 0.2) (default)"
73,0.006560212549686834,0.0059573079057769545,0.007211733559457794,Pt,"Uniform(0, 0.2) (default)"
74,0.006628511666880186,0.006011807105260849,0.007280696447663907,Pt,"Uniform(0, 0.2) (default)"
75,0.0067058962976394715,0.006086516100434441,0.007349902579233088,Pt,"Uniform(0, 0.2) (default)"
76,0.0067952338874872325,0.006180159550055181,0.00744021928393658,Pt,"Uniform(0, 0.2) (default)"
77,0.006897651214634785,0.006259013847330157,0.0075496147744389674,Pt,"Uniform(0, 0.2) (default)"
78,0.00701583626301863,0.006339122744390468,0.007687690313331257,Pt,"Uniform(0, 0.2) (default)"
79,0.007152611315937061,0.006477592823928295,0.007829703107414578,Pt,"Uniform(0, 0.2) (default)"
80,0.007312442072458632,0.006623572611086079,0.008019388495207508,Pt,"Uniform(0, 0.2) (default)"
81,0.00749375038795931,0.006793997682581643,0.008216982441582695,Pt,"Uniform(0, 0.2) (default)"
82,0.007696358437542237,0.0070078000277194975,0.008432361655954278,Pt,"Uniform(0, 0.2) (default)"
83,0.00791765816725111,0.007221576351251344,0.008683279177582989,Pt,"Uniform(0, 0.2) (default)"
84,0.008159079538080961,0.00744387316443369,0.008920547579218799,Pt,"Uniform(0, 0.2) (default)"
85,0.008426611221596979,0.007707972101208536,0.009201634199286574,Pt,"Uniform(0, 0.2) (default)"
86,0.008727996627274508,0.007987454145507202,0.009510372078570126,Pt,"Uniform(0, 0.2) (default)"
87,0.009065876517458434,0.008305604585054294,0.009883084351212972,Pt,"Uniform(0, 0.2) (default)"
88,0.009440890167914598,0.008638499696295321,0.010289196611530526,Pt,"Uniform(0, 0.2) (default)"
89,0.009856735945486054,0.009036710738727007,0.010706195252357432,Pt,"Uniform(0, 0.2) (default)"
90,0.01031223016438435,0.009465566962613612,0.011189744043830125,Pt,"Uniform(0, 0.2) (default)"
91,0.010808516220199363,0.009929585048420233,0.01172879043720585,Pt,"Uniform(0, 0.2) (default)"
92,0.011340262760942651,0.01042164388070598,0.012314348450441463,Pt,"Uniform(0, 0.2) (default)"
93,0.011904031307012524,0.0109611185940227,0.012907123749694325,Pt,"Uniform(0, 0.2) (default)"
94,0.012498347666369364,0.011517880000842463,0.013521324436793932,Pt,"Uniform(0, 0.2) (default)"
95,0.013123090870581505,0.012111284414907327,0.014180741881327265,Pt,"Uniform(0, 0.2) (default)"
96,0.013782233980810252,0.012721999334751979,0.014894281812552831,Pt,"Uniform(0, 0.2) (default)"
97,0.014473995945428714,0.013313648335713227,0.01568162007350059,Pt,"Uniform(0, 0.2) (default)"
98,0.015207603810924205,0.013885310227904544,0.016612564989459216,Pt,"Uniform(0, 0.2) (default)"
99,0.015979642034866563,0.014371251214907834,0.01769250826904835,Pt,"Uniform(0, 0.2) (default)"
100,0.01678320900213037,0.014751942402876809,0.018986661920920488,Pt,"Uniform(0, 0.2) (default)"
1,52.2713,37.0,69.0,nPos,"Uniform(0, 0.2) (default)"
2,52.59765,38.0,69.0,nPos,"Uniform(0, 0.2) (default)"
3,52.795325,38.0,69.0,nPos,"Uniform(0, 0.2) (default)"
4,53.02234,38.0,69.0,nPos,"Uniform(0, 0.2) (default)"
5,53.32015,39.0,69.0,nPos,"Uniform(0, 0.2) (default)"
6,53.653715,39.0,69.0,nPos,"Uniform(0, 0.2) (default)"
7,54.099465,40.0,70.0,nPos,"Uniform(0, 0.2) (default)"
8,54.68555,40.0,70.0,nPos,"Uniform(0, 0.2) (default)"
9,55.48557,41.0,71.0,nPos,"Uniform(0, 0.2) (default)"
10,56.490115,42.0,72.0,nPos,"Uniform(0, 0.2) (default)"
11,57.719195,43.0,74.0,nPos,"Uniform(0, 0.2) (default)"
12,59.07168,44.0,75.0,nPos,"Uniform(0, 0.2) (default)"
13,60.494455,45.0,77.0,nPos,"Uniform(0, 0.2) (default)"
14,62.02382,47.0,79.0,nPos,"Uniform(0, 0.2) (default)"
15,63.533275,48.0,80.0,nPos,"Uniform(0, 0.2) (default)"
16,65.109165,49.0,82.0,nPos,"Uniform(0, 0.2) (default)"
17,66.58985,51.0,84.0,nPos,"Uniform(0, 0.2) (default)"
18,67.949035,52.0,85.0,nPos,"Uniform(0, 0.2) (default)"
19,68.97066,53.0,86.0,nPos,"Uniform(0, 0.2) (default)"
20,69.703045,53.0,87.0,nPos,"Uniform(0, 0.2) (default)"
21,70.273595,54.0,88.0,nPos,"Uniform(0, 0.2) (default)"
22,70.690625,54.0,88.0,nPos,"Uniform(0, 0.2) (default)"
23,71.07487,54.0,89.0,nPos,"Uniform(0, 0.2) (default)"
24,71.49289,55.0,89.0,nPos,"Uniform(0, 0.2) (default)"
25,71.98192,55.0,90.0,nPos,"Uniform(0, 0.2) (default)"
26,72.49557,56.0,90.0,nPos,"Uniform(0, 0.2) (default)"
27,73.005745,56.0,91.0,nPos,"Uniform(0, 0.2) (default)"
28,73.581185,57.0,92.0,nPos,"Uniform(0, 0.2) (default)"
29,74.11872,57.0,92.0,nPos,"Uniform(0, 0.2) (default)"
30,74.65782,58.0,93.0,nPos,"Uniform(0, 0.2) (default)"
31,75.04047,58.0,93.0,nPos,"Uniform(0, 0.2) (default)"
32,75.11754,58.0,93.0,nPos,"Uniform(0, 0.2) (default)"
33,74.939985,58.0,93.0,nPos,"Uniform(0, 0.2) (default)"
34,74.406805,57.0,93.0,nPos,"Uniform(0, 0.2) (default)"
35,73.494345,57.0,92.0,nPos,"Uniform(0, 0.2) (default)"
36,72.22796,55.0,90.0,nPos,"Uniform(0, 0.2) (default)"
37,70.62192,54.0,88.0,nPos,"Uniform(0, 0.2) (default)"
38,68.686705,52.0,86.0,nPos,"Uniform(0, 0.2) (default)"
39,66.426345,50.0,84.0,nPos,"Uniform(0, 0.2) (default)"
40,63.96882,48.0,81.0,nPos,"Uniform(0, 0.2) (default)"
41,61.403575,46.0,78.0,nPos,"Uniform(0, 0.2) (default)"
42,58.79959,44.0,75.0,nPos,"Uniform(0, 0.2) (default)"
43,56.26338,41.0,72.0,nPos,"Uniform(0, 0.2) (default)"
44,53.84619,39.0,69.0,nPos,"Uniform(0, 0.2) (default)"
45,51.651745,38.0,67.0,nPos,"Uniform(0, 0.2) (default)"
46,49.558365,36.0,64.0,nPos,"Uniform(0, 0.2) (default)"
47,47.72356,34.0,62.0,nPos,"Uniform(0, 0.2) (default)"
48,46.08423,33.0,61.0,nPos,"Uniform(0, 0.2) (default)"
49,44.690735,32.0,59.0,nPos,"Uniform(0, 0.2) (default)"
50,43.451435,31.0,57.0,nPos,"Uniform(0, 0.2) (default)"
51,42.37608,30.0,56.0,nPos,"Uniform(0, 0.2) (default)"
52,41.382865,29.0,55.0,nPos,"Uniform(0, 0.2) (default)"
53,40.38851,28.0,54.0,nPos,"Uniform(0, 0.2) (default)"
54,39.468055,27.0,53.0,nPos,"Uniform(0, 0.2) (default)"
55,38.587855,27.0,52.0,nPos,"Uniform(0, 0.2) (default)"
56,37.75751,26.0,51.0,nPos,"Uniform(0, 0.2) (default)"
57,37.02727,25.0,50.0,nPos,"Uniform(0, 0.2) (default)"
58,36.327545,25.0,49.0,nPos,"Uniform(0, 0.2) (default)"
59,35.65729,24.0,48.0,nPos,"Uniform(0, 0.2) (default)"
60,35.099025,24.0,48.0,nPos,"Uniform(0, 0.2) (default)"
61,34.57994,23.0,47.0,nPos,"Uniform(0, 0.2) (default)"
62,34.041535,23.0,46.0,nPos,"Uniform(0, 0.2) (default)"
63,33.61212,22.0,46.0,nPos,"Uniform(0, 0.2) (default)"
64,33.21685,22.0,45.0,nPos,"Uniform(0, 0.2) (default)"
65,32.912435,22.0,45.0,nPos,"Uniform(0, 0.2) (default)"
66,32.68086,22.0,45.0,nPos,"Uniform(0, 0.2) (default)"
67,32.46865,21.0,45.0,nPos,"Uniform(0, 0.2) (default)"
68,32.31184,21.0,44.0,nPos,"Uniform(0, 0.2) (default)"
69,32.23927,21.0,44.0,nPos,"Uniform(0, 0.2) (default)"
70,32.23137,21.0,44.0,nPos,"Uniform(0, 0.2) (default)"
71,32.32126,21.0,44.0,nPos,"Uniform(0, 0.2) (default)"
72,32.525745,22.0,45.0,nPos,"Uniform(0, 0.2) (default)"
73,32.81182,22.0,45.0,nPos,"Uniform(0, 0.2) (default)"
74,33.149125,22.0,45.0,nPos,"Uniform(0, 0.2) (default)"
75,33.516045,22.0,46.0,nPos,"Uniform(0, 0.2) (default)"
76,33.98068,23.0,46.0,nPos,"Uniform(0, 0.2) (default)"
77,34.512245,23.0,47.0,nPos,"Uniform(0, 0.2) (default)"
78,35.07494,24.0,48.0,nPos,"Uniform(0, 0.2) (default)"
79,35.758645,24.0,48.0,nPos,"Uniform(0, 0.2) (default)"
80,36.556655,25.0,49.0,nPos,"Uniform(0, 0.2) (default)"
81,37.454965,26.0,50.0,nPos,"Uniform(0, 0.2) (default)"
82,38.48428,26.0,52.0,nPos,"Uniform(0, 0.2) (default)"
83,39.581965,27.0,53.0,nPos,"Uniform(0, 0.2) (default)"
84,40.782805,28.0,54.0,nPos,"Uniform(0, 0.2) (default)"
85,42.147455,30.0,56.0,nPos,"Uniform(0, 0.2) (default)"
86,43.633835,31.0,58.0,nPos,"Uniform(0, 0.2) (default)"
87,45.3285,32.0,60.0,nPos,"Uniform(0, 0.2) (default)"
88,47.212015,34.0,62.0,nPos,"Uniform(0, 0.2) (default)"
89,49.29586,36.0,64.0,nPos,"Uniform(0, 0.2) (default)"
90,51.549945,37.0,67.0,nPos,"Uniform(0, 0.2) (default)"
91,54.03423,40.0,70.0,nPos,"Uniform(0, 0.2) (default)"
92,56.71285,42.0,73.0,nPos,"Uniform(0, 0.2) (default)"
93,59.510335,44.0,76.0,nPos,"Uniform(0, 0.2) (default)"
94,62.4777,47.0,79.0,nPos,"Uniform(0, 0.2) (default)"
95,65.59931,50.0,83.0,nPos,"Uniform(0, 0.2) (default)"
96,68.910765,52.0,87.0,nPos,"Uniform(0, 0.2) (default)"
97,72.39693,55.0,90.0,nPos,"Uniform(0, 0.2) (default)"
98,76.067875,58.0,95.0,nPos,"Uniform(0, 0.2) (default)"
99,79.860805,61.0,100.0,nPos,"Uniform(0, 0.2) (default)"
100,83.95034,64.0,106.0,nPos,"Uniform(0, 0.2) (default)"
1,0.01045426,0.0074,0.0138,Obs positivity,"Uniform(0, 0.2) (default)"
2,0.010519530000000001,0.0076,0.0138,Obs positivity,"Uniform(0, 0.2) (default)"
3,0.010559065,0.0076,0.0138,Obs positivity,"Uniform(0, 0.2) (default)"
4,0.010604468,0.0076,0.0138,Obs positivity,"Uniform(0, 0.2) (default)"
5,0.01066403,0.0078,0.0138,Obs positivity,"Uniform(0, 0.2) (default)"
6,0.010730743,0.0078,0.0138,Obs positivity,"Uniform(0, 0.2) (default)"
7,0.010819893,0.008,0.014,Obs positivity,"Uniform(0, 0.2) (default)"
8,0.01093711,0.008,0.014,Obs positivity,"Uniform(0, 0.2) (default)"
9,0.011097114,0.0082,0.0142,Obs positivity,"Uniform(0, 0.2) (default)"
10,0.011298023,0.0084,0.0144,Obs positivity,"Uniform(0, 0.2) (default)"
11,0.011543839,0.0086,0.0148,Obs positivity,"Uniform(0, 0.2) (default)"
12,0.011814336,0.0088,0.015,Obs positivity,"Uniform(0, 0.2) (default)"
13,0.012098891,0.009,0.0154,Obs positivity,"Uniform(0, 0.2) (default)"
14,0.012404764,0.0094,0.0158,Obs positivity,"Uniform(0, 0.2) (default)"
15,0.012706655,0.0096,0.016,Obs positivity,"Uniform(0, 0.2) (default)"
16,0.013021833,0.0098,0.0164,Obs positivity,"Uniform(0, 0.2) (default)"
17,0.01331797,0.0102,0.0168,Obs positivity,"Uniform(0, 0.2) (default)"
18,0.013589806999999999,0.0104,0.017,Obs positivity,"Uniform(0, 0.2) (default)"
19,0.013794131999999999,0.0106,0.0172,Obs positivity,"Uniform(0, 0.2) (default)"
20,0.013940609000000001,0.0106,0.0174,Obs positivity,"Uniform(0, 0.2) (default)"
21,0.014054719,0.0108,0.0176,Obs positivity,"Uniform(0, 0.2) (default)"
22,0.014138125,0.0108,0.0176,Obs positivity,"Uniform(0, 0.2) (default)"
23,0.014214974,0.0108,0.0178,Obs positivity,"Uniform(0, 0.2) (default)"
24,0.014298578000000001,0.011,0.0178,Obs positivity,"Uniform(0, 0.2) (default)"
25,0.014396384,0.011,0.018,Obs positivity,"Uniform(0, 0.2) (default)"
26,0.014499114,0.0112,0.018,Obs positivity,"Uniform(0, 0.2) (default)"
27,0.014601149,0.0112,0.0182,Obs positivity,"Uniform(0, 0.2) (default)"
28,0.014716237000000002,0.0114,0.0184,Obs positivity,"Uniform(0, 0.2) (default)"
29,0.014823744,0.0114,0.0184,Obs positivity,"Uniform(0, 0.2) (default)"
30,0.014931564,0.0116,0.0186,Obs positivity,"Uniform(0, 0.2) (default)"
31,0.015008094,0.0116,0.0186,Obs positivity,"Uniform(0, 0.2) (default)"
32,0.015023508000000001,0.0116,0.0186,Obs positivity,"Uniform(0, 0.2) (default)"
33,0.014987997,0.0116,0.0186,Obs positivity,"Uniform(0, 0.2) (default)"
34,0.014881361000000001,0.0114,0.0186,Obs positivity,"Uniform(0, 0.2) (default)"
35,0.014698869,0.0114,0.0184,Obs positivity,"Uniform(0, 0.2) (default)"
36,0.014445591999999998,0.011,0.018,Obs positivity,"Uniform(0, 0.2) (default)"
37,0.014124384,0.0108,0.0176,Obs positivity,"Uniform(0, 0.2) (default)"
38,0.013737341,0.0104,0.0172,Obs positivity,"Uniform(0, 0.2) (default)"
39,0.013285268999999999,0.01,0.0168,Obs positivity,"Uniform(0, 0.2) (default)"
40,0.012793764000000001,0.0096,0.0162,Obs positivity,"Uniform(0, 0.2) (default)"
41,0.012280715,0.0092,0.0156,Obs positivity,"Uniform(0, 0.2) (default)"
42,0.011759918000000001,0.0088,0.015,Obs positivity,"Uniform(0, 0.2) (default)"
43,0.011252676,0.0082,0.0144,Obs positivity,"Uniform(0, 0.2) (default)"
44,0.010769238,0.0078,0.0138,Obs positivity,"Uniform(0, 0.2) (default)"
45,0.010330348999999999,0.0076,0.0134,Obs positivity,"Uniform(0, 0.2) (default)"
46,0.009911673000000001,0.0072,0.0128,Obs positivity,"Uniform(0, 0.2) (default)"
47,0.009544712,0.0068,0.0124,Obs positivity,"Uniform(0, 0.2) (default)"
48,0.009216845999999999,0.0066,0.0122,Obs positivity,"Uniform(0, 0.2) (default)"
49,0.008938146999999999,0.0064,0.0118,Obs positivity,"Uniform(0, 0.2) (default)"
50,0.008690287,0.0062,0.0114,Obs positivity,"Uniform(0, 0.2) (default)"
51,0.008475216,0.006,0.0112,Obs positivity,"Uniform(0, 0.2) (default)"
52,0.008276573,0.0058,0.011,Obs positivity,"Uniform(0, 0.2) (default)"
53,0.008077701999999999,0.0056,0.0108,Obs positivity,"Uniform(0, 0.2) (default)"
54,0.007893611,0.0054,0.0106,Obs positivity,"Uniform(0, 0.2) (default)"
55,0.0077175709999999995,0.0054,0.0104,Obs positivity,"Uniform(0, 0.2) (default)"
56,0.007551502000000001,0.0052,0.0102,Obs positivity,"Uniform(0, 0.2) (default)"
57,0.0074054540000000006,0.005,0.01,Obs positivity,"Uniform(0, 0.2) (default)"
58,0.007265509,0.005,0.0098,Obs positivity,"Uniform(0, 0.2) (default)"
59,0.007131458,0.0048,0.0096,Obs positivity,"Uniform(0, 0.2) (default)"
60,0.007019805,0.0048,0.0096,Obs positivity,"Uniform(0, 0.2) (default)"
61,0.0069159880000000005,0.0046,0.0094,Obs positivity,"Uniform(0, 0.2) (default)"
62,0.006808307,0.0046,0.0092,Obs positivity,"Uniform(0, 0.2) (default)"
63,0.006722423999999999,0.0044,0.0092,Obs positivity,"Uniform(0, 0.2) (default)"
64,0.00664337,0.0044,0.009,Obs positivity,"Uniform(0, 0.2) (default)"
65,0.006582487000000001,0.0044,0.009,Obs positivity,"Uniform(0, 0.2) (default)"
66,0.006536172000000001,0.0044,0.009,Obs positivity,"Uniform(0, 0.2) (default)"
67,0.00649373,0.0042,0.009,Obs positivity,"Uniform(0, 0.2) (default)"
68,0.006462368,0.0042,0.0088,Obs positivity,"Uniform(0, 0.2) (default)"
69,0.006447853999999999,0.0042,0.0088,Obs positivity,"Uniform(0, 0.2) (default)"
70,0.006446273999999999,0.0042,0.0088,Obs positivity,"Uniform(0, 0.2) (default)"
71,0.006464252,0.0042,0.0088,Obs positivity,"Uniform(0, 0.2) (default)"
72,0.006505149,0.0044,0.009,Obs positivity,"Uniform(0, 0.2) (default)"
73,0.006562363999999999,0.0044,0.009,Obs positivity,"Uniform(0, 0.2) (default)"
74,0.006629825,0.0044,0.009,Obs positivity,"Uniform(0, 0.2) (default)"
75,0.006703209,0.0044,0.0092,Obs positivity,"Uniform(0, 0.2) (default)"
76,0.0067961359999999995,0.0046,0.0092,Obs positivity,"Uniform(0, 0.2) (default)"
77,0.006902449,0.0046,0.0094,Obs positivity,"Uniform(0, 0.2) (default)"
78,0.007014988,0.0048,0.0096,Obs positivity,"Uniform(0, 0.2) (default)"
79,0.007151729,0.0048,0.0096,Obs positivity,"Uniform(0, 0.2) (default)"
80,0.007311331,0.005,0.0098,Obs positivity,"Uniform(0, 0.2) (default)"
81,0.0074909930000000005,0.0052,0.01,Obs positivity,"Uniform(0, 0.2) (default)"
82,0.007696855999999999,0.0052,0.0104,Obs positivity,"Uniform(0, 0.2) (default)"
83,0.007916392999999999,0.0054,0.0106,Obs positivity,"Uniform(0, 0.2) (default)"
84,0.008156561000000001,0.0056,0.0108,Obs positivity,"Uniform(0, 0.2) (default)"
85,0.008429491,0.006,0.0112,Obs positivity,"Uniform(0, 0.2) (default)"
86,0.008726767,0.0062,0.0116,Obs positivity,"Uniform(0, 0.2) (default)"
87,0.0090657,0.0064,0.012,Obs positivity,"Uniform(0, 0.2) (default)"
88,0.009442403,0.0068,0.0124,Obs positivity,"Uniform(0, 0.2) (default)"
89,0.009859172,0.0072,0.0128,Obs positivity,"Uniform(0, 0.2) (default)"
90,0.010309989,0.0074,0.0134,Obs positivity,"Uniform(0, 0.2) (default)"
91,0.010806846,0.008,0.014,Obs positivity,"Uniform(0, 0.2) (default)"
92,0.011342570000000001,0.0084,0.0146,Obs positivity,"Uniform(0, 0.2) (default)"
93,0.011902066999999999,0.0088,0.0152,Obs positivity,"Uniform(0, 0.2) (default)"
94,0.01249554,0.0094,0.0158,Obs positivity,"Uniform(0, 0.2) (default)"
95,0.013119862000000001,0.01,0.0166,Obs positivity,"Uniform(0, 0.2) (default)"
96,0.013782153,0.0104,0.0174,Obs positivity,"Uniform(0, 0.2) (default)"
97,0.014479386,0.011,0.018,Obs positivity,"Uniform(0, 0.2) (default)"
98,0.015213575,0.0116,0.019,Obs positivity,"Uniform(0, 0.2) (default)"
99,0.015972161,0.0122,0.02,Obs positivity,"Uniform(0, 0.2) (default)"
100,0.016790068,0.0128,0.0212,Obs positivity,"Uniform(0, 0.2) (default)"
1,0.005342900192578185,-0.037169058419492085,0.0458290640515386,rt,"Uniform(0, 1.0) (wider)"
2,0.0063051971879990966,-0.031856112053038066,0.04224782032801232,rt,"Uniform(0, 1.0) (wider)"
3,0.0057903606496778615,-0.026967090501257972,0.03937496124941613,rt,"Uniform(0, 1.0) (wider)"
4,0.005575048887458974,-0.02604802925730118,0.03570080674110006,rt,"Uniform(0, 1.0) (wider)"
5,0.0054558455810122105,-0.0206918637764184,0.03251755674051704,rt,"Uniform(0, 1.0) (wider)"
6,0.006453055712905709,-0.019145902239211518,0.03245421714347268,rt,"Uniform(0, 1.0) (wider)"
7,0.00829373067376747,-0.015722780651395686,0.033112411667068596,rt,"Uniform(0, 1.0) (wider)"
8,0.011306669950229806,-0.011992220110395585,0.03616043397324032,rt,"Uniform(0, 1.0) (wider)"
9,0.014227422225222035,-0.0063697486445489105,0.03778316136589317,rt,"Uniform(0, 1.0) (wider)"
10,0.01793590299735444,-0.0028722456175491774,0.040101823987854675,rt,"Uniform(0, 1.0) (wider)"
11,0.0202561934641571,-0.0017428310821601175,0.042002579758623856,rt,"Uniform(0, 1.0) (wider)"
12,0.02273908798775112,0.0023482841159598302,0.0468865333470371,rt,"Uniform(0, 1.0) (wider)"
13,0.024059135856459902,0.003900990513595113,0.04808291930079513,rt,"Uniform(0, 1.0) (wider)"
14,0.02449488149466858,0.005329415828151612,0.04869100623123757,rt,"Uniform(0, 1.0) (wider)"
15,0.02406202449888011,0.004443056731874353,0.045808945150509144,rt,"Uniform(0, 1.0) (wider)"
16,0.023393703288877615,0.004073249298623821,0.046439501614630965,rt,"Uniform(0, 1.0) (wider)"
17,0.022167829308763567,0.0018056147653163707,0.044546883592436186,rt,"Uniform(0, 1.0) (wider)"
18,0.018795204808057304,-0.0018510241177515825,0.04111588512800759,rt,"Uniform(0, 1.0) (wider)"
19,0.014660243936273153,-0.005710442345211203,0.033994388494189086,rt,"Uniform(0, 1.0) (wider)"
20,0.011541779405954126,-0.009206011970740934,0.030481268654705573,rt,"Uniform(0, 1.0) (wider)"
21,0.007986571819174873,-0.016255519407435037,0.026255111283267664,rt,"Uniform(0, 1.0) (wider)"
22,0.006180265707238486,-0.016449707583737413,0.02459808331737554,rt,"Uniform(0, 1.0) (wider)"
23,0.005929320680191567,-0.016354404380945004,0.02497784253641923,rt,"Uniform(0, 1.0) (wider)"
24,0.005909122189332794,-0.016456764991906653,0.025110053808002863,rt,"Uniform(0, 1.0) (wider)"
25,0.006862740406859115,-0.013004272403670534,0.025572697466191598,rt,"Uniform(0, 1.0) (wider)"
26,0.007577687962654785,-0.01230025332022253,0.030029409820699477,rt,"Uniform(0, 1.0) (wider)"
27,0.007183930249979087,-0.014671422793340244,0.02787643611667518,rt,"Uniform(0, 1.0) (wider)"
28,0.007927045831186431,-0.013043045589193818,0.03128421120486624,rt,"Uniform(0, 1.0) (wider)"
29,0.007776860746259592,-0.011899803474244328,0.03016751463517196,rt,"Uniform(0, 1.0) (wider)"
30,0.006765452003099307,-0.013406247898930974,0.029534041224090264,rt,"Uniform(0, 1.0) (wider)"
31,0.004422482823232564,-0.01580176051931513,0.026119254154552143,rt,"Uniform(0, 1.0) (wider)"
32,0.0010063008066966742,-0.019012930874551644,0.023879746694650948,rt,"Uniform(0, 1.0) (wider)"
33,-0.0031399754057232485,-0.022659731696653345,0.019214963220284893,rt,"Uniform(0, 1.0) (wider)"
34,-0.007696859584671063,-0.028731412897253873,0.01417464485254733,rt,"Uniform(0, 1.0) (wider)"
35,-0.012884927347755754,-0.03359765100183025,0.008734045220466289,rt,"Uniform(0, 1.0) (wider)"
36,-0.018861615948036644,-0.03943401219534602,0.0017364736235496035,rt,"Uniform(0, 1.0) (wider)"
37,-0.02330165570743074,-0.04443554651805255,-0.0020121519860751176,rt,"Uniform(0, 1.0) (wider)"
38,-0.027748260962215856,-0.04828691862924286,-0.006224992963801098,rt,"Uniform(0, 1.0) (wider)"
39,-0.03244380971891111,-0.05463758916898825,-0.012612800555381703,rt,"Uniform(0, 1.0) (wider)"
40,-0.036900545705002306,-0.06001810332417797,-0.016185545320979135,rt,"Uniform(0, 1.0) (wider)"
41,-0.040029611066676414,-0.06455613633465898,-0.020643647365087416,rt,"Uniform(0, 1.0) (wider)"
42,-0.042375170816500767,-0.06574840546165263,-0.02244871179502344,rt,"Uniform(0, 1.0) (wider)"
43,-0.043693753366586895,-0.06621691806014728,-0.023462448273834206,rt,"Uniform(0, 1.0) (wider)"
44,-0.04360056693407156,-0.0668258407718183,-0.02247432601859715,rt,"Uniform(0, 1.0) (wider)"
45,-0.042359383333560874,-0.06523543132507094,-0.021690477080576486,rt,"Uniform(0, 1.0) (wider)"
46,-0.040289077115666025,-0.06171682235378459,-0.019402286122279754,rt,"Uniform(0, 1.0) (wider)"
47,-0.03801545034055249,-0.05972180627785497,-0.017343629260981316,rt,"Uniform(0, 1.0) (wider)"
48,-0.03486891014691637,-0.055941619871903416,-0.01395396065183684,rt,"Uniform(0, 1.0) (wider)"
49,-0.0309845037237118,-0.05254088034513146,-0.008098014962764553,rt,"Uniform(0, 1.0) (wider)"
50,-0.027742971588040226,-0.048153369072098495,-0.0031967762592585765,rt,"Uniform(0, 1.0) (wider)"
51,-0.025545402255827798,-0.047762064578983764,-0.0021689788216619444,rt,"Uniform(0, 1.0) (wider)"
52,-0.024504401219538622,-0.04489019971994454,-0.0010232301836570895,rt,"Uniform(0, 1.0) (wider)"
53,-0.024142344218744526,-0.045219528968401916,-0.0016280752443139186,rt,"Uniform(0, 1.0) (wider)"
54,-0.023776684828875322,-0.04437999082780151,-0.0007582750456949748,rt,"Uniform(0, 1.0) (wider)"
55,-0.022912499938449436,-0.04298762147772846,-0.0005347972143573115,rt,"Uniform(0, 1.0) (wider)"
56,-0.02179802985843621,-0.04330712153800656,-0.00023473147442209467,rt,"Uniform(0, 1.0) (wider)"
57,-0.02049451627243421,-0.042678622760561065,0.0016839965524732326,rt,"Uniform(0, 1.0) (wider)"
58,-0.019611680807331475,-0.04195612772042584,0.0015393533557350354,rt,"Uniform(0, 1.0) (wider)"
59,-0.01791250889041858,-0.039771380093108114,0.004407900901275665,rt,"Uniform(0, 1.0) (wider)"
60,-0.01625793401453708,-0.038676297299266055,0.005244316624990504,rt,"Uniform(0, 1.0) (wider)"
61,-0.01507480886133797,-0.03704094724455303,0.008145141851732707,rt,"Uniform(0, 1.0) (wider)"
62,-0.014296203019444387,-0.03562740229086201,0.006763562824105711,rt,"Uniform(0, 1.0) (wider)"
63,-0.013304830792563699,-0.03486285287123791,0.008936966391316808,rt,"Uniform(0, 1.0) (wider)"
64,-0.011382635254720639,-0.03454746050252512,0.011070882901965798,rt,"Uniform(0, 1.0) (wider)"
65,-0.00996694163199898,-0.03305605688551004,0.012182934917040915,rt,"Uniform(0, 1.0) (wider)"
66,-0.0075721361654932946,-0.0301266746767897,0.014729520515526078,rt,"Uniform(0, 1.0) (wider)"
67,-0.005724970854234117,-0.02851790545466776,0.01693704014208894,rt,"Uniform(0, 1.0) (wider)"
68,-0.003991766619706521,-0.026565242654112562,0.01854532500024968,rt,"Uniform(0, 1.0) (wider)"
69,-0.0021152707324039277,-0.024595800620870894,0.02018824354111188,rt,"Uniform(0, 1.0) (wider)"
70,-0.00016796132435240594,-0.02242552802366323,0.021461156752984472,rt,"Uniform(0, 1.0) (wider)"
71,0.0023091492887303503,-0.02069887124392824,0.024788337573472492,rt,"Uniform(0, 1.0) (wider)"
72,0.0055398426857252705,-0.015754997813646848,0.027950916947318463,rt,"Uniform(0, 1.0) (wider)"
73,0.008650840498936491,-0.012725377164955535,0.03047078496696449,rt,"Uniform(0, 1.0) (wider)"
74,0.010527096087647724,-0.011216930270904533,0.03278105777374027,rt,"Uniform(0, 1.0) (wider)"
75,0.011963805301828731,-0.010486367560639144,0.03336941303731057,rt,"Uniform(0, 1.0) (wider)"
76,0.013295156130329595,-0.008875364704008508,0.03516808603987906,rt,"Uniform(0, 1.0) (wider)"
77,0.015084248554823702,-0.00693974503752149,0.036760519836221965,rt,"Uniform(0, 1.0) (wider)"
78,0.01712430873858419,-0.007386706786017355,0.039323098731034484,rt,"Uniform(0, 1.0) (wider)"
79,0.01963158519787097,-0.0029993666973719448,0.04190001696290526,rt,"Uniform(0, 1.0) (wider)"
80,0.02182349249854542,-0.0007582597313548888,0.04391360449607283,rt,"Uniform(0, 1.0) (wider)"
81,0.02407821741062318,0.001192747226602166,0.04611799029843803,rt,"Uniform(0, 1.0) (wider)"
82,0.026294581163779904,0.00402652197443894,0.04830491738354477,rt,"Uniform(0, 1.0) (wider)"
83,0.028201214723029486,0.006109507949515577,0.050194469211702605,rt,"Uniform(0, 1.0) (wider)"
84,0.030179213813254255,0.007285005617322137,0.051427321816173835,rt,"Uniform(0, 1.0) (wider)"
85,0.03210850318573442,0.009332506576289576,0.05316979577273435,rt,"Uniform(0, 1.0) (wider)"
86,0.03501175258109807,0.013119242432620349,0.0560658416313832,rt,"Uniform(0, 1.0) (wider)"
87,0.03782228610827608,0.0158453325866611,0.05948039588772673,rt,"Uniform(0, 1.0) (wider)"
88,0.04075064754626588,0.019554384821334904,0.06222704101984059,rt,"Uniform(0, 1.0) (wider)"
89,0.04313859608993579,0.022019431097435708,0.06470919580514348,rt,"Uniform(0, 1.0) (wider)"
90,0.04513254319524723,0.02392119606979502,0.06688661217973246,rt,"Uniform(0, 1.0) (wider)"
91,0.04706583745706472,0.02581479926872537,0.0692121901813402,rt,"Uniform(0, 1.0) (wider)"
92,0.04809360142320268,0.0271323979919219,0.07030588279724004,rt,"Uniform(0, 1.0) (wider)"
93,0.04843311051740102,0.027571055288140894,0.07024047886455577,rt,"Uniform(0, 1.0) (wider)"
94,0.048564793571862754,0.026519171461071765,0.07036679758024116,rt,"Uniform(0, 1.0) (wider)"
95,0.04875324249393265,0.026218099171421174,0.07126676898611409,rt,"Uniform(0, 1.0) (wider)"
96,0.04907045980328343,0.02558003063457036,0.07289922310521835,rt,"Uniform(0, 1.0) (wider)"
97,0.0491073368978658,0.023740202670319354,0.07452363691568482,rt,"Uniform(0, 1.0) (wider)"
98,0.049429123809557295,0.021011246845858773,0.07808952711060746,rt,"Uniform(0, 1.0) (wider)"
99,0.04926460122930859,0.017326983269591912,0.08158867494006021,rt,"Uniform(0, 1.0) (wider)"
100,0.04863039891658598,0.011956555596454622,0.08499877499031812,rt,"Uniform(0, 1.0) (wider)"
1,0.010483587526761262,0.008908368890071036,0.012071285938850438,Pt,"Uniform(0, 1.0) (wider)"
2,0.01053744912244667,0.009134500950632049,0.011831522689830775,Pt,"Uniform(0, 1.0) (wider)"
3,0.010591582722304316,0.009363097329931212,0.011699059464305144,Pt,"Uniform(0, 1.0) (wider)"
4,0.010647761278385773,0.009534297762917086,0.011655125134507924,Pt,"Uniform(0, 1.0) (wider)"
5,0.010702612421184476,0.009681965634620647,0.011661699417081438,Pt,"Uniform(0, 1.0) (wider)"
6,0.010768606163384839,0.009770976565638932,0.011705254390995823,Pt,"Uniform(0, 1.0) (wider)"
7,0.010858802561923495,0.00989501498858775,0.011757686813396994,Pt,"Uniform(0, 1.0) (wider)"
8,0.010981525822087697,0.010079338024119297,0.01189874110322118,Pt,"Uniform(0, 1.0) (wider)"
9,0.011138646156962678,0.01020829298329764,0.012095740945213308,Pt,"Uniform(0, 1.0) (wider)"
10,0.01133940927330832,0.010381283661772123,0.012260262836725587,Pt,"Uniform(0, 1.0) (wider)"
11,0.011572796007359356,0.010610267267242911,0.01252099737302941,Pt,"Uniform(0, 1.0) (wider)"
12,0.011846703170890276,0.010890071792068119,0.012863160489218395,Pt,"Uniform(0, 1.0) (wider)"
13,0.012140282317574554,0.011185253142771846,0.013160479465912934,Pt,"Uniform(0, 1.0) (wider)"
14,0.012442835009290748,0.011531050379221825,0.01342129228111059,Pt,"Uniform(0, 1.0) (wider)"
15,0.012749021812186468,0.01179550070043712,0.013757762224791586,Pt,"Uniform(0, 1.0) (wider)"
16,0.01305129718454257,0.012072828388201541,0.014088165722149963,Pt,"Uniform(0, 1.0) (wider)"
17,0.013343706804799986,0.012390405264923712,0.014381347123276622,Pt,"Uniform(0, 1.0) (wider)"
18,0.013593762146964193,0.012595149701667032,0.01470046776983376,Pt,"Uniform(0, 1.0) (wider)"
19,0.013792349999896827,0.012791236391526963,0.014906689369485296,Pt,"Uniform(0, 1.0) (wider)"
20,0.01394888947640005,0.012945964886335355,0.015032493459707332,Pt,"Uniform(0, 1.0) (wider)"
21,0.014058964006363415,0.013049117122322606,0.015111534263202425,Pt,"Uniform(0, 1.0) (wider)"
22,0.014142826558263455,0.013131199929034077,0.01516292146184309,Pt,"Uniform(0, 1.0) (wider)"
23,0.014224345277641237,0.013169488144975601,0.01521827457106774,Pt,"Uniform(0, 1.0) (wider)"
24,0.014304819790873405,0.01330965941542824,0.015308731081365589,Pt,"Uniform(0, 1.0) (wider)"
25,0.014404221377929608,0.013412594164079233,0.015415311906890815,Pt,"Uniform(0, 1.0) (wider)"
26,0.01451441053440867,0.013523114856844652,0.01555152663962698,Pt,"Uniform(0, 1.0) (wider)"
27,0.014619055309875811,0.013653370215902677,0.015649450749360125,Pt,"Uniform(0, 1.0) (wider)"
28,0.014732759091067337,0.013748133454566264,0.0157498979498711,Pt,"Uniform(0, 1.0) (wider)"
29,0.01485077811920952,0.013830115433644386,0.01593207029697757,Pt,"Uniform(0, 1.0) (wider)"
30,0.014954779264869655,0.013954429145600753,0.016030444982985868,Pt,"Uniform(0, 1.0) (wider)"
31,0.015019544794784019,0.014006115270019407,0.016098244269851493,Pt,"Uniform(0, 1.0) (wider)"
32,0.01503877433032254,0.014016875563740096,0.016290586642180343,Pt,"Uniform(0, 1.0) (wider)"
33,0.014995803795285683,0.013917784953224046,0.016196921795772982,Pt,"Uniform(0, 1.0) (wider)"
34,0.014883872396803367,0.013863236275120115,0.016078746416116757,Pt,"Uniform(0, 1.0) (wider)"
35,0.014696798029927531,0.013681604208555385,0.015924237372137225,Pt,"Uniform(0, 1.0) (wider)"
36,0.01442343408536959,0.013406797047141188,0.015576928946730548,Pt,"Uniform(0, 1.0) (wider)"
37,0.014090626508851083,0.013064144513112145,0.015198073792149089,Pt,"Uniform(0, 1.0) (wider)"
38,0.013705757964691997,0.012679128789224782,0.014800676682536557,Pt,"Uniform(0, 1.0) (wider)"
39,0.013266955411737138,0.012295248673163691,0.014376365945568428,Pt,"Uniform(0, 1.0) (wider)"
40,0.012781762305810648,0.011900142823065193,0.013790751534304188,Pt,"Uniform(0, 1.0) (wider)"
41,0.012276416520324154,0.011432845766483521,0.013216170077423083,Pt,"Uniform(0, 1.0) (wider)"
42,0.011761878694503987,0.010900798207186283,0.012646490674999709,Pt,"Uniform(0, 1.0) (wider)"
43,0.011259374859322343,0.010470493218895682,0.012152396314078275,Pt,"Uniform(0, 1.0) (wider)"
44,0.010778969052965708,0.009985155404231472,0.011628158686240463,Pt,"Uniform(0, 1.0) (wider)"
45,0.010328046301817075,0.009558731263643311,0.011148969275316209,Pt,"Uniform(0, 1.0) (wider)"
46,0.009924294989709542,0.009157220553047211,0.010739435923344198,Pt,"Uniform(0, 1.0) (wider)"
47,0.009551848597974873,0.0087704070899952,0.010344504293540646,Pt,"Uniform(0, 1.0) (wider)"
48,0.009226588680092414,0.008444770542591185,0.010009179930533116,Pt,"Uniform(0, 1.0) (wider)"
49,0.00894758122182653,0.00818887052922875,0.009674758694683792,Pt,"Uniform(0, 1.0) (wider)"
50,0.008701676866507066,0.00799082510605624,0.009427648057335923,Pt,"Uniform(0, 1.0) (wider)"
51,0.008482868256851146,0.007783514692637099,0.009227238325994386,Pt,"Uniform(0, 1.0) (wider)"
52,0.008278280147660534,0.007583674978236784,0.009003841680489583,Pt,"Uniform(0, 1.0) (wider)"
53,0.008082395338232011,0.007380317522323419,0.008802418204215267,Pt,"Uniform(0, 1.0) (wider)"
54,0.007893984913378135,0.007196366413044249,0.008630072811627029,Pt,"Uniform(0, 1.0) (wider)"
55,0.007715703791676344,0.0070366645939281885,0.008408573210795765,Pt,"Uniform(0, 1.0) (wider)"
56,0.007549863804784665,0.006886042764840099,0.008251207511909425,Pt,"Uniform(0, 1.0) (wider)"
57,0.007396988831647582,0.0067295168347349735,0.008080440826477462,Pt,"Uniform(0, 1.0) (wider)"
58,0.007254410272468365,0.006599416254313628,0.00792929367293102,Pt,"Uniform(0, 1.0) (wider)"
59,0.00712799135432206,0.0064745700590781545,0.007831976360131564,Pt,"Uniform(0, 1.0) (wider)"
60,0.0070149358063266425,0.006356941174593099,0.007712999877249285,Pt,"Uniform(0, 1.0) (wider)"
61,0.006910735825603979,0.006265146309294827,0.007623096072444039,Pt,"Uniform(0, 1.0) (wider)"
62,0.006812104059858038,0.006139473840357896,0.007523053765842061,Pt,"Uniform(0, 1.0) (wider)"
63,0.006720693981503739,0.006049435774530029,0.0074297141145982055,Pt,"Uniform(0, 1.0) (wider)"
64,0.00664350864770884,0.005988524832435278,0.007354841195950906,Pt,"Uniform(0, 1.0) (wider)"
65,0.006576727558951627,0.005927538508706686,0.00730127330477554,Pt,"Uniform(0, 1.0) (wider)"
66,0.006526094989287558,0.005876043331047521,0.007244505484617588,Pt,"Uniform(0, 1.0) (wider)"
67,0.00648804769776028,0.005856111168214707,0.007168970463904054,Pt,"Uniform(0, 1.0) (wider)"
68,0.006460501609520202,0.005828792425168329,0.007112738581963284,Pt,"Uniform(0, 1.0) (wider)"
69,0.006446238492392884,0.005831299278089517,0.007072851825507667,Pt,"Uniform(0, 1.0) (wider)"
70,0.006445478376146139,0.005848324508121335,0.007083526159884786,Pt,"Uniform(0, 1.0) (wider)"
71,0.006460457367696536,0.005868066456617133,0.007092522815582674,Pt,"Uniform(0, 1.0) (wider)"
72,0.006497074801259959,0.0058881244116900855,0.007130659065888379,Pt,"Uniform(0, 1.0) (wider)"
73,0.006553861884338999,0.005937683555702394,0.007199396846529376,Pt,"Uniform(0, 1.0) (wider)"
74,0.006623849670673214,0.005998757686632129,0.007253625787794908,Pt,"Uniform(0, 1.0) (wider)"
75,0.006703746829744259,0.006093183478943915,0.0073370826316887265,Pt,"Uniform(0, 1.0) (wider)"
76,0.006794132042185836,0.006174302394332823,0.007429419318657896,Pt,"Uniform(0, 1.0) (wider)"
77,0.0068976547972289725,0.006276134921382008,0.007537296105545972,Pt,"Uniform(0, 1.0) (wider)"
78,0.007017019878825525,0.006398845333630884,0.007666658370298676,Pt,"Uniform(0, 1.0) (wider)"
79,0.007156141066854477,0.0065260784898205455,0.007831778561212378,Pt,"Uniform(0, 1.0) (wider)"
80,0.007314721567921194,0.006658543979792655,0.008003944878679968,Pt,"Uniform(0, 1.0) (wider)"
81,0.0074932137396115294,0.006834749830394129,0.008203746433220693,Pt,"Uniform(0, 1.0) (wider)"
82,0.007693531770978862,0.007018473870612509,0.00840348263515577,Pt,"Uniform(0, 1.0) (wider)"
83,0.007913452990244436,0.007199339498377655,0.008638005102466605,Pt,"Uniform(0, 1.0) (wider)"
84,0.008155682869823617,0.007438822602026191,0.00890869960267987,Pt,"Uniform(0, 1.0) (wider)"
85,0.008421647381044011,0.00769363815615474,0.009191633456899623,Pt,"Uniform(0, 1.0) (wider)"
86,0.008721833668445936,0.007978919584430087,0.00949857125871112,Pt,"Uniform(0, 1.0) (wider)"
87,0.009057948647708567,0.008287188685625786,0.00983526180115794,Pt,"Uniform(0, 1.0) (wider)"
88,0.009434623380159504,0.008636463458899454,0.01023182817101694,Pt,"Uniform(0, 1.0) (wider)"
89,0.009850866452791334,0.009032514427099504,0.010689522426017185,Pt,"Uniform(0, 1.0) (wider)"
90,0.010305560411581642,0.009462004405852318,0.011167603573356125,Pt,"Uniform(0, 1.0) (wider)"
91,0.010802015849793074,0.009919944331205799,0.011694945370201326,Pt,"Uniform(0, 1.0) (wider)"
92,0.011334059330233811,0.010428704267847111,0.012259071242029483,Pt,"Uniform(0, 1.0) (wider)"
93,0.011896086030848815,0.01096714789138456,0.012860141569963672,Pt,"Uniform(0, 1.0) (wider)"
94,0.012488203044235284,0.01152987823481558,0.013492530862895329,Pt,"Uniform(0, 1.0) (wider)"
95,0.013112012455120057,0.01211270229499092,0.014159717493234768,Pt,"Uniform(0, 1.0) (wider)"
96,0.013771766045082427,0.012705723126248642,0.014879877235363019,Pt,"Uniform(0, 1.0) (wider)"
97,0.01446578857300925,0.01329765661922288,0.01568747608946492,Pt,"Uniform(0, 1.0) (wider)"
98,0.015201154451062153,0.01386490951085081,0.016609701343658075,Pt,"Uniform(0, 1.0) (wider)"
99,0.015973751710120127,0.014350341576954233,0.017682494612506507,Pt,"Uniform(0, 1.0) (wider)"
100,0.016779723976107195,0.014752773582272498,0.018954563087898637,Pt,"Uniform(0, 1.0) (wider)"
1,52.402405,37.0,69.0,nPos,"Uniform(0, 1.0) (wider)"
2,52.715715,38.0,69.0,nPos,"Uniform(0, 1.0) (wider)"
3,52.95704,38.0,69.0,nPos,"Uniform(0, 1.0) (wider)"
4,53.2329,39.0,69.0,nPos,"Uniform(0, 1.0) (wider)"
5,53.480655,39.0,69.0,nPos,"Uniform(0, 1.0) (wider)"
6,53.857955,39.0,69.0,nPos,"Uniform(0, 1.0) (wider)"
7,54.27906,40.0,70.0,nPos,"Uniform(0, 1.0) (wider)"
8,54.920985,40.0,71.0,nPos,"Uniform(0, 1.0) (wider)"
9,55.69087,41.0,71.0,nPos,"Uniform(0, 1.0) (wider)"
10,56.715815,42.0,73.0,nPos,"Uniform(0, 1.0) (wider)"
11,57.88075,43.0,74.0,nPos,"Uniform(0, 1.0) (wider)"
12,59.24093,44.0,76.0,nPos,"Uniform(0, 1.0) (wider)"
13,60.726965,45.0,77.0,nPos,"Uniform(0, 1.0) (wider)"
14,62.220315,47.0,79.0,nPos,"Uniform(0, 1.0) (wider)"
15,63.731495,48.0,81.0,nPos,"Uniform(0, 1.0) (wider)"
16,65.24436,49.0,82.0,nPos,"Uniform(0, 1.0) (wider)"
17,66.713445,51.0,84.0,nPos,"Uniform(0, 1.0) (wider)"
18,67.939285,52.0,85.0,nPos,"Uniform(0, 1.0) (wider)"
19,68.9668,53.0,87.0,nPos,"Uniform(0, 1.0) (wider)"
20,69.758695,53.0,87.0,nPos,"Uniform(0, 1.0) (wider)"
21,70.264445,54.0,88.0,nPos,"Uniform(0, 1.0) (wider)"
22,70.75595,54.0,88.0,nPos,"Uniform(0, 1.0) (wider)"
23,71.149405,55.0,89.0,nPos,"Uniform(0, 1.0) (wider)"
24,71.49693,55.0,89.0,nPos,"Uniform(0, 1.0) (wider)"
25,72.03214,55.0,90.0,nPos,"Uniform(0, 1.0) (wider)"
26,72.55756,56.0,90.0,nPos,"Uniform(0, 1.0) (wider)"
27,73.083395,56.0,91.0,nPos,"Uniform(0, 1.0) (wider)"
28,73.66272,57.0,92.0,nPos,"Uniform(0, 1.0) (wider)"
29,74.235895,57.0,92.0,nPos,"Uniform(0, 1.0) (wider)"
30,74.749885,58.0,93.0,nPos,"Uniform(0, 1.0) (wider)"
31,75.09805,58.0,93.0,nPos,"Uniform(0, 1.0) (wider)"
32,75.201025,58.0,94.0,nPos,"Uniform(0, 1.0) (wider)"
33,74.971435,58.0,93.0,nPos,"Uniform(0, 1.0) (wider)"
34,74.46281,57.0,93.0,nPos,"Uniform(0, 1.0) (wider)"
35,73.4655,57.0,92.0,nPos,"Uniform(0, 1.0) (wider)"
36,72.13302,55.0,90.0,nPos,"Uniform(0, 1.0) (wider)"
37,70.45688,54.0,88.0,nPos,"Uniform(0, 1.0) (wider)"
38,68.526795,52.0,86.0,nPos,"Uniform(0, 1.0) (wider)"
39,66.353775,50.0,84.0,nPos,"Uniform(0, 1.0) (wider)"
40,63.891575,48.0,81.0,nPos,"Uniform(0, 1.0) (wider)"
41,61.406705,46.0,78.0,nPos,"Uniform(0, 1.0) (wider)"
42,58.818715,44.0,75.0,nPos,"Uniform(0, 1.0) (wider)"
43,56.2715,42.0,72.0,nPos,"Uniform(0, 1.0) (wider)"
44,53.893865,40.0,69.0,nPos,"Uniform(0, 1.0) (wider)"
45,51.652295,38.0,67.0,nPos,"Uniform(0, 1.0) (wider)"
46,49.64216,36.0,64.0,nPos,"Uniform(0, 1.0) (wider)"
47,47.759075,34.0,62.0,nPos,"Uniform(0, 1.0) (wider)"
48,46.13805,33.0,60.0,nPos,"Uniform(0, 1.0) (wider)"
49,44.722955,32.0,59.0,nPos,"Uniform(0, 1.0) (wider)"
50,43.511225,31.0,57.0,nPos,"Uniform(0, 1.0) (wider)"
51,42.40258,30.0,56.0,nPos,"Uniform(0, 1.0) (wider)"
52,41.41065,29.0,55.0,nPos,"Uniform(0, 1.0) (wider)"
53,40.41188,28.0,54.0,nPos,"Uniform(0, 1.0) (wider)"
54,39.476575,27.0,53.0,nPos,"Uniform(0, 1.0) (wider)"
55,38.603495,27.0,52.0,nPos,"Uniform(0, 1.0) (wider)"
56,37.75244,26.0,51.0,nPos,"Uniform(0, 1.0) (wider)"
57,36.982205,25.0,50.0,nPos,"Uniform(0, 1.0) (wider)"
58,36.275865,25.0,49.0,nPos,"Uniform(0, 1.0) (wider)"
59,35.63538,24.0,48.0,nPos,"Uniform(0, 1.0) (wider)"
60,35.067615,24.0,48.0,nPos,"Uniform(0, 1.0) (wider)"
61,34.550035,23.0,47.0,nPos,"Uniform(0, 1.0) (wider)"
62,34.10844,23.0,46.0,nPos,"Uniform(0, 1.0) (wider)"
63,33.59945,22.0,46.0,nPos,"Uniform(0, 1.0) (wider)"
64,33.19861,22.0,45.0,nPos,"Uniform(0, 1.0) (wider)"
65,32.88957,22.0,45.0,nPos,"Uniform(0, 1.0) (wider)"
66,32.62991,22.0,45.0,nPos,"Uniform(0, 1.0) (wider)"
67,32.4267,21.0,45.0,nPos,"Uniform(0, 1.0) (wider)"
68,32.317275,21.0,44.0,nPos,"Uniform(0, 1.0) (wider)"
69,32.22786,21.0,44.0,nPos,"Uniform(0, 1.0) (wider)"
70,32.212615,21.0,44.0,nPos,"Uniform(0, 1.0) (wider)"
71,32.33319,21.0,44.0,nPos,"Uniform(0, 1.0) (wider)"
72,32.46613,21.0,45.0,nPos,"Uniform(0, 1.0) (wider)"
73,32.760345,22.0,45.0,nPos,"Uniform(0, 1.0) (wider)"
74,33.11524,22.0,45.0,nPos,"Uniform(0, 1.0) (wider)"
75,33.52103,22.0,46.0,nPos,"Uniform(0, 1.0) (wider)"
76,34.01098,23.0,46.0,nPos,"Uniform(0, 1.0) (wider)"
77,34.488385,23.0,47.0,nPos,"Uniform(0, 1.0) (wider)"
78,35.113105,24.0,48.0,nPos,"Uniform(0, 1.0) (wider)"
79,35.75483,24.0,48.0,nPos,"Uniform(0, 1.0) (wider)"
80,36.564965,25.0,49.0,nPos,"Uniform(0, 1.0) (wider)"
81,37.4793,26.0,50.0,nPos,"Uniform(0, 1.0) (wider)"
82,38.446135,26.0,52.0,nPos,"Uniform(0, 1.0) (wider)"
83,39.56972,27.0,53.0,nPos,"Uniform(0, 1.0) (wider)"
84,40.772595,28.0,54.0,nPos,"Uniform(0, 1.0) (wider)"
85,42.10682,29.0,56.0,nPos,"Uniform(0, 1.0) (wider)"
86,43.596405,31.0,58.0,nPos,"Uniform(0, 1.0) (wider)"
87,45.305225,32.0,60.0,nPos,"Uniform(0, 1.0) (wider)"
88,47.18172,34.0,62.0,nPos,"Uniform(0, 1.0) (wider)"
89,49.26678,36.0,64.0,nPos,"Uniform(0, 1.0) (wider)"
90,51.55478,37.0,67.0,nPos,"Uniform(0, 1.0) (wider)"
91,54.059985,40.0,70.0,nPos,"Uniform(0, 1.0) (wider)"
92,56.73912,42.0,73.0,nPos,"Uniform(0, 1.0) (wider)"
93,59.47948,44.0,76.0,nPos,"Uniform(0, 1.0) (wider)"
94,62.431725,47.0,79.0,nPos,"Uniform(0, 1.0) (wider)"
95,65.56173,50.0,83.0,nPos,"Uniform(0, 1.0) (wider)"
96,68.847335,52.0,86.0,nPos,"Uniform(0, 1.0) (wider)"
97,72.323825,55.0,91.0,nPos,"Uniform(0, 1.0) (wider)"
98,76.040815,58.0,95.0,nPos,"Uniform(0, 1.0) (wider)"
99,79.824625,61.0,100.0,nPos,"Uniform(0, 1.0) (wider)"
100,83.916875,64.0,105.0,nPos,"Uniform(0, 1.0) (wider)"
1,0.010480481,0.0074,0.0138,Obs positivity,"Uniform(0, 1.0) (wider)"
2,0.010543143000000001,0.0076,0.0138,Obs positivity,"Uniform(0, 1.0) (wider)"
3,0.010591408,0.0076,0.0138,Obs positivity,"Uniform(0, 1.0) (wider)"
4,0.010646580000000001,0.0078,0.0138,Obs positivity,"Uniform(0, 1.0) (wider)"
5,0.010696131,0.0078,0.0138,Obs positivity,"Uniform(0, 1.0) (wider)"
6,0.010771590999999999,0.0078,0.0138,Obs positivity,"Uniform(0, 1.0) (wider)"
7,0.010855812,0.008,0.014,Obs positivity,"Uniform(0, 1.0) (wider)"
8,0.010984197000000001,0.008,0.0142,Obs positivity,"Uniform(0, 1.0) (wider)"
9,0.011138173999999999,0.0082,0.0142,Obs positivity,"Uniform(0, 1.0) (wider)"
10,0.011343163,0.0084,0.0146,Obs positivity,"Uniform(0, 1.0) (wider)"
11,0.01157615,0.0086,0.0148,Obs positivity,"Uniform(0, 1.0) (wider)"
12,0.011848186,0.0088,0.0152,Obs positivity,"Uniform(0, 1.0) (wider)"
13,0.012145392999999999,0.009,0.0154,Obs positivity,"Uniform(0, 1.0) (wider)"
14,0.012444063,0.0094,0.0158,Obs positivity,"Uniform(0, 1.0) (wider)"
15,0.012746299,0.0096,0.0162,Obs positivity,"Uniform(0, 1.0) (wider)"
16,0.013048872,0.0098,0.0164,Obs positivity,"Uniform(0, 1.0) (wider)"
17,0.013342688999999998,0.0102,0.0168,Obs positivity,"Uniform(0, 1.0) (wider)"
18,0.013587857,0.0104,0.017,Obs positivity,"Uniform(0, 1.0) (wider)"
19,0.013793360000000001,0.0106,0.0174,Obs positivity,"Uniform(0, 1.0) (wider)"
20,0.013951739000000001,0.0106,0.0174,Obs positivity,"Uniform(0, 1.0) (wider)"
21,0.014052888999999999,0.0108,0.0176,Obs positivity,"Uniform(0, 1.0) (wider)"
22,0.01415119,0.0108,0.0176,Obs positivity,"Uniform(0, 1.0) (wider)"
23,0.014229881,0.011,0.0178,Obs positivity,"Uniform(0, 1.0) (wider)"
24,0.014299386,0.011,0.0178,Obs positivity,"Uniform(0, 1.0) (wider)"
25,0.014406427999999999,0.011,0.018,Obs positivity,"Uniform(0, 1.0) (wider)"
26,0.014511511999999999,0.0112,0.018,Obs positivity,"Uniform(0, 1.0) (wider)"
27,0.014616678999999999,0.0112,0.0182,Obs positivity,"Uniform(0, 1.0) (wider)"
28,0.014732543999999998,0.0114,0.0184,Obs positivity,"Uniform(0, 1.0) (wider)"
29,0.014847179,0.0114,0.0184,Obs positivity,"Uniform(0, 1.0) (wider)"
30,0.014949977000000001,0.0116,0.0186,Obs positivity,"Uniform(0, 1.0) (wider)"
31,0.015019610000000001,0.0116,0.0186,Obs positivity,"Uniform(0, 1.0) (wider)"
32,0.015040205000000001,0.0116,0.0188,Obs positivity,"Uniform(0, 1.0) (wider)"
33,0.014994287,0.0116,0.0186,Obs positivity,"Uniform(0, 1.0) (wider)"
34,0.014892562000000002,0.0114,0.0186,Obs positivity,"Uniform(0, 1.0) (wider)"
35,0.0146931,0.0114,0.0184,Obs positivity,"Uniform(0, 1.0) (wider)"
36,0.014426604,0.011,0.018,Obs positivity,"Uniform(0, 1.0) (wider)"
37,0.014091376,0.0108,0.0176,Obs positivity,"Uniform(0, 1.0) (wider)"
38,0.013705359000000002,0.0104,0.0172,Obs positivity,"Uniform(0, 1.0) (wider)"
39,0.013270755,0.01,0.0168,Obs positivity,"Uniform(0, 1.0) (wider)"
40,0.012778315,0.0096,0.0162,Obs positivity,"Uniform(0, 1.0) (wider)"
41,0.012281341000000001,0.0092,0.0156,Obs positivity,"Uniform(0, 1.0) (wider)"
42,0.011763743,0.0088,0.015,Obs positivity,"Uniform(0, 1.0) (wider)"
43,0.0112543,0.0084,0.0144,Obs positivity,"Uniform(0, 1.0) (wider)"
44,0.010778773,0.008,0.0138,Obs positivity,"Uniform(0, 1.0) (wider)"
45,0.010330459,0.0076,0.0134,Obs positivity,"Uniform(0, 1.0) (wider)"
46,0.009928432,0.0072,0.0128,Obs positivity,"Uniform(0, 1.0) (wider)"
47,0.009551815,0.0068,0.0124,Obs positivity,"Uniform(0, 1.0) (wider)"
48,0.00922761,0.0066,0.012,Obs positivity,"Uniform(0, 1.0) (wider)"
49,0.008944591,0.0064,0.0118,Obs positivity,"Uniform(0, 1.0) (wider)"
50,0.008702245,0.0062,0.0114,Obs positivity,"Uniform(0, 1.0) (wider)"
51,0.008480516,0.006,0.0112,Obs positivity,"Uniform(0, 1.0) (wider)"
52,0.008282129999999999,0.0058,0.011,Obs positivity,"Uniform(0, 1.0) (wider)"
53,0.008082375999999999,0.0056,0.0108,Obs positivity,"Uniform(0, 1.0) (wider)"
54,0.007895315,0.0054,0.0106,Obs positivity,"Uniform(0, 1.0) (wider)"
55,0.007720699,0.0054,0.0104,Obs positivity,"Uniform(0, 1.0) (wider)"
56,0.007550488,0.0052,0.0102,Obs positivity,"Uniform(0, 1.0) (wider)"
57,0.007396441,0.005,0.01,Obs positivity,"Uniform(0, 1.0) (wider)"
58,0.007255173000000001,0.005,0.0098,Obs positivity,"Uniform(0, 1.0) (wider)"
59,0.0071270759999999996,0.0048,0.0096,Obs positivity,"Uniform(0, 1.0) (wider)"
60,0.007013523000000001,0.0048,0.0096,Obs positivity,"Uniform(0, 1.0) (wider)"
61,0.006910007,0.0046,0.0094,Obs positivity,"Uniform(0, 1.0) (wider)"
62,0.006821688,0.0046,0.0092,Obs positivity,"Uniform(0, 1.0) (wider)"
63,0.006719889999999999,0.0044,0.0092,Obs positivity,"Uniform(0, 1.0) (wider)"
64,0.006639722000000001,0.0044,0.009,Obs positivity,"Uniform(0, 1.0) (wider)"
65,0.006577914,0.0044,0.009,Obs positivity,"Uniform(0, 1.0) (wider)"
66,0.0065259820000000005,0.0044,0.009,Obs positivity,"Uniform(0, 1.0) (wider)"
67,0.006485339999999999,0.0042,0.009,Obs positivity,"Uniform(0, 1.0) (wider)"
68,0.006463455000000001,0.0042,0.0088,Obs positivity,"Uniform(0, 1.0) (wider)"
69,0.006445572,0.0042,0.0088,Obs positivity,"Uniform(0, 1.0) (wider)"
70,0.0064425229999999995,0.0042,0.0088,Obs positivity,"Uniform(0, 1.0) (wider)"
71,0.006466638,0.0042,0.0088,Obs positivity,"Uniform(0, 1.0) (wider)"
72,0.0064932259999999995,0.0042,0.009,Obs positivity,"Uniform(0, 1.0) (wider)"
73,0.006552069,0.0044,0.009,Obs positivity,"Uniform(0, 1.0) (wider)"
74,0.006623048,0.0044,0.009,Obs positivity,"Uniform(0, 1.0) (wider)"
75,0.006704206000000001,0.0044,0.0092,Obs positivity,"Uniform(0, 1.0) (wider)"
76,0.006802196000000001,0.0046,0.0092,Obs positivity,"Uniform(0, 1.0) (wider)"
77,0.0068976770000000005,0.0046,0.0094,Obs positivity,"Uniform(0, 1.0) (wider)"
78,0.007022621,0.0048,0.0096,Obs positivity,"Uniform(0, 1.0) (wider)"
79,0.007150966,0.0048,0.0096,Obs positivity,"Uniform(0, 1.0) (wider)"
80,0.007312993,0.005,0.0098,Obs positivity,"Uniform(0, 1.0) (wider)"
81,0.00749586,0.0052,0.01,Obs positivity,"Uniform(0, 1.0) (wider)"
82,0.007689227,0.0052,0.0104,Obs positivity,"Uniform(0, 1.0) (wider)"
83,0.007913944,0.0054,0.0106,Obs positivity,"Uniform(0, 1.0) (wider)"
84,0.008154519,0.0056,0.0108,Obs positivity,"Uniform(0, 1.0) (wider)"
85,0.008421364,0.0058,0.0112,Obs positivity,"Uniform(0, 1.0) (wider)"
86,0.008719280999999999,0.0062,0.0116,Obs positivity,"Uniform(0, 1.0) (wider)"
87,0.009061045,0.0064,0.012,Obs positivity,"Uniform(0, 1.0) (wider)"
88,0.009436344,0.0068,0.0124,Obs positivity,"Uniform(0, 1.0) (wider)"
89,0.009853355999999999,0.0072,0.0128,Obs positivity,"Uniform(0, 1.0) (wider)"
90,0.010310956,0.0074,0.0134,Obs positivity,"Uniform(0, 1.0) (wider)"
91,0.010811997,0.008,0.014,Obs positivity,"Uniform(0, 1.0) (wider)"
92,0.011347824,0.0084,0.0146,Obs positivity,"Uniform(0, 1.0) (wider)"
93,0.011895896000000001,0.0088,0.0152,Obs positivity,"Uniform(0, 1.0) (wider)"
94,0.012486345,0.0094,0.0158,Obs positivity,"Uniform(0, 1.0) (wider)"
95,0.013112345999999999,0.01,0.0166,Obs positivity,"Uniform(0, 1.0) (wider)"
96,0.013769467,0.0104,0.0172,Obs positivity,"Uniform(0, 1.0) (wider)"
97,0.014464765,0.011,0.0182,Obs positivity,"Uniform(0, 1.0) (wider)"
98,0.015208162999999999,0.0116,0.019,Obs positivity,"Uniform(0, 1.0) (wider)"
99,0.015964924999999998,0.0122,0.02,Obs positivity,"Uniform(0, 1.0) (wider)"
100,0.016783375,0.0128,0.021,Obs positivity,"Uniform(0, 1.0) (wider)"
1,0.006409259444716256,-0.047169111125222596,0.05251216222803379,rt,"HalfCauchy(0, 100) (uninformative)"
2,0.005708370544068409,-0.04171101650886395,0.04598133429891844,rt,"HalfCauchy(0, 100) (uninformative)"
3,0.0057272264971258095,-0.03244415466853579,0.03980417548739698,rt,"HalfCauchy(0, 100) (uninformative)"
4,0.00554000161486358,-0.028896576881345996,0.036136229933307604,rt,"HalfCauchy(0, 100) (uninformative)"
5,0.005459416719002312,-0.02809907048960919,0.034743484781675986,rt,"HalfCauchy(0, 100) (uninformative)"
6,0.00622263523326609,-0.02471629689658978,0.033197731904091525,rt,"HalfCauchy(0, 100) (uninformative)"
7,0.00790952955199873,-0.0198401941272877,0.0315507122504502,rt,"HalfCauchy(0, 100) (uninformative)"
8,0.010914139148147041,-0.015345129142834271,0.03352947561645576,rt,"HalfCauchy(0, 100) (uninformative)"
9,0.014150291193584554,-0.008146314131817465,0.03594190127639353,rt,"HalfCauchy(0, 100) (uninformative)"
10,0.017616088782277863,-0.0051319911377619275,0.041360603214146086,rt,"HalfCauchy(0, 100) (uninformative)"
11,0.02121086733383485,0.0006198659722580855,0.045039725915094614,rt,"HalfCauchy(0, 100) (uninformative)"
12,0.023683352810915045,0.004326510789933252,0.04745917699021688,rt,"HalfCauchy(0, 100) (uninformative)"
13,0.024944188627263185,0.0029908263961191273,0.050150267937460025,rt,"HalfCauchy(0, 100) (uninformative)"
14,0.02470551022711879,0.0032973767119704785,0.05138720182675162,rt,"HalfCauchy(0, 100) (uninformative)"
15,0.024276998356662544,0.003310977385211338,0.049779416694556725,rt,"HalfCauchy(0, 100) (uninformative)"
16,0.023351346062787014,0.0015834403768797745,0.047815095853464676,rt,"HalfCauchy(0, 100) (uninformative)"
17,0.022148407308717796,0.0011424218825458303,0.046958580431448134,rt,"HalfCauchy(0, 100) (uninformative)"
18,0.01936352497087349,-0.0012914975793961135,0.041764173579793853,rt,"HalfCauchy(0, 100) (uninformative)"
19,0.014533393350359788,-0.007381693248368584,0.03798760589301571,rt,"HalfCauchy(0, 100) (uninformative)"
20,0.010668950561924316,-0.01238958164606346,0.031681038369257834,rt,"HalfCauchy(0, 100) (uninformative)"
21,0.0072919973021981195,-0.01628249799795424,0.0277920015518832,rt,"HalfCauchy(0, 100) (uninformative)"
22,0.005779938619848324,-0.018794253569632307,0.026551513660773914,rt,"HalfCauchy(0, 100) (uninformative)"
23,0.005575480083562638,-0.019225868036192115,0.02688662214493929,rt,"HalfCauchy(0, 100) (uninformative)"
24,0.005366094577194044,-0.01933111065300671,0.026886660463262504,rt,"HalfCauchy(0, 100) (uninformative)"
25,0.006418823013090143,-0.017562310868962684,0.027625442262912265,rt,"HalfCauchy(0, 100) (uninformative)"
26,0.007292828226814031,-0.015124060253325512,0.028996449403241812,rt,"HalfCauchy(0, 100) (uninformative)"
27,0.007943068254091403,-0.011588263168872905,0.029552051029745965,rt,"HalfCauchy(0, 100) (uninformative)"
28,0.008271261319847414,-0.0113554522750467,0.029323217665127584,rt,"HalfCauchy(0, 100) (uninformative)"
29,0.008512072930716126,-0.01152338811221179,0.03239492939040019,rt,"HalfCauchy(0, 100) (uninformative)"
30,0.0076588242045935,-0.012809026377143675,0.034484093519447735,rt,"HalfCauchy(0, 100) (uninformative)"
31,0.004793321458020202,-0.015960180894381257,0.030659215445912116,rt,"HalfCauchy(0, 100) (uninformative)"
32,0.0013728919588484336,-0.01925238645771208,0.02513682448401692,rt,"HalfCauchy(0, 100) (uninformative)"
33,-0.00297887762402498,-0.02395884507516602,0.020661223618791157,rt,"HalfCauchy(0, 100) (uninformative)"
34,-0.00719502882299221,-0.027735252200569455,0.015562639676668386,rt,"HalfCauchy(0, 100) (uninformative)"
35,-0.012212819711974016,-0.034334417428271584,0.01082113065571515,rt,"HalfCauchy(0, 100) (uninformative)"
36,-0.018260347456889207,-0.043365594797929355,0.00377685394864586,rt,"HalfCauchy(0, 100) (uninformative)"
37,-0.023237020529737855,-0.04667071208612733,-0.0017556997692060265,rt,"HalfCauchy(0, 100) (uninformative)"
38,-0.027541517982271994,-0.050088336690942495,-0.005698256109826045,rt,"HalfCauchy(0, 100) (uninformative)"
39,-0.0329455501815578,-0.056325324481971716,-0.010068435535922186,rt,"HalfCauchy(0, 100) (uninformative)"
40,-0.03731821332509584,-0.06139344069133257,-0.015845232861759796,rt,"HalfCauchy(0, 100) (uninformative)"
41,-0.04058911885202699,-0.0651500033519581,-0.019521412144306867,rt,"HalfCauchy(0, 100) (uninformative)"
42,-0.04279012966649957,-0.06810374782750972,-0.02150454945825041,rt,"HalfCauchy(0, 100) (uninformative)"
43,-0.044500853283785474,-0.07117943091453409,-0.02323945063510732,rt,"HalfCauchy(0, 100) (uninformative)"
44,-0.04423939899055478,-0.06931937189063124,-0.022193379347036097,rt,"HalfCauchy(0, 100) (uninformative)"
45,-0.042597082237036954,-0.06815920765289789,-0.020939729153031883,rt,"HalfCauchy(0, 100) (uninformative)"
46,-0.040258902680695124,-0.06577026566433405,-0.018923701161827094,rt,"HalfCauchy(0, 100) (uninformative)"
47,-0.037664723952236856,-0.06165431790869961,-0.015098417242771157,rt,"HalfCauchy(0, 100) (uninformative)"
48,-0.03404003757916316,-0.057571680724634915,-0.011237790438840309,rt,"HalfCauchy(0, 100) (uninformative)"
49,-0.030013995856958735,-0.052405403639951165,-0.0020799925488313034,rt,"HalfCauchy(0, 100) (uninformative)"
50,-0.026849620914149126,-0.04954670158723775,-0.0003552520217738348,rt,"HalfCauchy(0, 100) (uninformative)"
51,-0.024636406193093062,-0.04719679609993007,0.001764080533844272,rt,"HalfCauchy(0, 100) (uninformative)"
52,-0.023762706746879053,-0.047515634782957436,0.0017203009616855013,rt,"HalfCauchy(0, 100) (uninformative)"
53,-0.02393175614722893,-0.0468978907184432,0.00290334725370782,rt,"HalfCauchy(0, 100) (uninformative)"
54,-0.02356086856616147,-0.04701931705536367,0.0012481904639759338,rt,"HalfCauchy(0, 100) (uninformative)"
55,-0.022967602394035395,-0.04554566928311643,-0.00011440838508874202,rt,"HalfCauchy(0, 100) (uninformative)"
56,-0.022354379175757253,-0.04612227139946979,0.002052432227095502,rt,"HalfCauchy(0, 100) (uninformative)"
57,-0.020779888194171998,-0.04534553407886681,0.0038774056590882393,rt,"HalfCauchy(0, 100) (uninformative)"
58,-0.019578386736187205,-0.04538274034388312,0.004138265726358996,rt,"HalfCauchy(0, 100) (uninformative)"
59,-0.018242283026249046,-0.04226714183571009,0.005506617703990633,rt,"HalfCauchy(0, 100) (uninformative)"
60,-0.016851157791116702,-0.04147483080457878,0.007344979459242125,rt,"HalfCauchy(0, 100) (uninformative)"
61,-0.015661917544463996,-0.03840670260988187,0.00795617508421912,rt,"HalfCauchy(0, 100) (uninformative)"
62,-0.015165940005898663,-0.03893063788840248,0.007759015266997612,rt,"HalfCauchy(0, 100) (uninformative)"
63,-0.01307336608000814,-0.037948845591325275,0.00978734206552662,rt,"HalfCauchy(0, 100) (uninformative)"
64,-0.011420052482315245,-0.0360548323860752,0.012859078929300728,rt,"HalfCauchy(0, 100) (uninformative)"
65,-0.009709271941472277,-0.0344952051430094,0.014566889522666195,rt,"HalfCauchy(0, 100) (uninformative)"
66,-0.007393487391063407,-0.032180232962082375,0.017276349840779727,rt,"HalfCauchy(0, 100) (uninformative)"
67,-0.005629271388403774,-0.031034574917669797,0.018287258575244207,rt,"HalfCauchy(0, 100) (uninformative)"
68,-0.003998495690936029,-0.028332806563527373,0.021400286218935756,rt,"HalfCauchy(0, 100) (uninformative)"
69,-0.0021721428429023904,-0.02571497865788351,0.021995290791321297,rt,"HalfCauchy(0, 100) (uninformative)"
70,-0.0001915186837035997,-0.025810895350514493,0.024228876167244243,rt,"HalfCauchy(0, 100) (uninformative)"
71,0.002470222269263479,-0.02135522657655687,0.025818685477237632,rt,"HalfCauchy(0, 100) (uninformative)"
72,0.005958611076324112,-0.01729903352552716,0.029454127967047702,rt,"HalfCauchy(0, 100) (uninformative)"
73,0.008695196221855219,-0.015353096437747732,0.03358605816889389,rt,"HalfCauchy(0, 100) (uninformative)"
74,0.0105861880045622,-0.012842458045117522,0.03510893464722094,rt,"HalfCauchy(0, 100) (uninformative)"
75,0.011730192598249192,-0.012195050464302951,0.03492838177498422,rt,"HalfCauchy(0, 100) (uninformative)"
76,0.01326075558881499,-0.010635517119277817,0.03651232081254684,rt,"HalfCauchy(0, 100) (uninformative)"
77,0.014600544184235323,-0.009836523996404188,0.036959562131063946,rt,"HalfCauchy(0, 100) (uninformative)"
78,0.016439432026316782,-0.007778504464999642,0.03980754724610767,rt,"HalfCauchy(0, 100) (uninformative)"
79,0.01924983187019619,-0.004086576107032743,0.042705205997179835,rt,"HalfCauchy(0, 100) (uninformative)"
80,0.022028365110878554,-0.0024232700419388915,0.0455897596437903,rt,"HalfCauchy(0, 100) (uninformative)"
81,0.024470725978735664,0.0013032655811773658,0.04729726541651097,rt,"HalfCauchy(0, 100) (uninformative)"
82,0.026661121317660255,0.0029834739234535527,0.04995035642535083,rt,"HalfCauchy(0, 100) (uninformative)"
83,0.028271362069666097,0.00419146493475581,0.051857687064120944,rt,"HalfCauchy(0, 100) (uninformative)"
84,0.030121936427736737,0.00564022637102162,0.054736592522876854,rt,"HalfCauchy(0, 100) (uninformative)"
85,0.03198742340558574,0.007451067860277622,0.05553699443834774,rt,"HalfCauchy(0, 100) (uninformative)"
86,0.03521749575356613,0.011788532384564766,0.058806267116114246,rt,"HalfCauchy(0, 100) (uninformative)"
87,0.03798721867480655,0.014557390018789446,0.061569103027615056,rt,"HalfCauchy(0, 100) (uninformative)"
88,0.04076444563613165,0.018226051986409957,0.0642373321335453,rt,"HalfCauchy(0, 100) (uninformative)"
89,0.04346122571342551,0.020834794238233534,0.06763817030822722,rt,"HalfCauchy(0, 100) (uninformative)"
90,0.045224221248244,0.022951932486176857,0.06904040726207557,rt,"HalfCauchy(0, 100) (uninformative)"
91,0.04717143159836032,0.025378298656815658,0.07169285914858751,rt,"HalfCauchy(0, 100) (uninformative)"
92,0.048370093371077456,0.026284067696217803,0.07259124762216246,rt,"HalfCauchy(0, 100) (uninformative)"
93,0.04877691000949932,0.0266322665469559,0.07267608113888896,rt,"HalfCauchy(0, 100) (uninformative)"
94,0.048635245966784514,0.02583377699042126,0.07160595792899599,rt,"HalfCauchy(0, 100) (uninformative)"
95,0.048742914699143346,0.025533123861995757,0.07239925179416659,rt,"HalfCauchy(0, 100) (uninformative)"
96,0.049025871846292104,0.024220764864405723,0.07378154659790125,rt,"HalfCauchy(0, 100) (uninformative)"
97,0.04892803055871802,0.02214371112185409,0.07582778468027614,rt,"HalfCauchy(0, 100) (uninformative)"
98,0.04929740538342269,0.019687222681033432,0.07918713238045871,rt,"HalfCauchy(0, 100) (uninformative)"
99,0.04905619986706129,0.015326789513776206,0.08285799411807108,rt,"HalfCauchy(0, 100) (uninformative)"
100,0.04832195768174792,0.009212472780737445,0.08677750491430959,rt,"HalfCauchy(0, 100) (uninformative)"
1,0.010426733970469278,0.008963562404525938,0.011975735462353278,Pt,"HalfCauchy(0, 100) (uninformative)"
2,0.010485797218604796,0.009237439092405538,0.011782647037972622,Pt,"HalfCauchy(0, 100) (uninformative)"
3,0.01054705708681785,0.009489335469871532,0.011736631892249542,Pt,"HalfCauchy(0, 100) (uninformative)"
4,0.01060939910849567,0.009675364891963516,0.011669218717779928,Pt,"HalfCauchy(0, 100) (uninformative)"
5,0.010673003362552912,0.00976350862204474,0.011618896069336922,Pt,"HalfCauchy(0, 100) (uninformative)"
6,0.010744380210274398,0.009870597936820836,0.011691409080583408,Pt,"HalfCauchy(0, 100) (uninformative)"
7,0.010836357613013138,0.00991055134055707,0.011753851772300318,Pt,"HalfCauchy(0, 100) (uninformative)"
8,0.01095762194430115,0.010029895990021777,0.011902088370712712,Pt,"HalfCauchy(0, 100) (uninformative)"
9,0.01111557753260848,0.01016944047368747,0.012090923836804164,Pt,"HalfCauchy(0, 100) (uninformative)"
10,0.0113114936846585,0.01037517953404918,0.01232648764605597,Pt,"HalfCauchy(0, 100) (uninformative)"
11,0.011553631807755333,0.010546140389906313,0.012615345534493368,Pt,"HalfCauchy(0, 100) (uninformative)"
12,0.011827091630402636,0.010846410369321838,0.012847538071442888,Pt,"HalfCauchy(0, 100) (uninformative)"
13,0.012118056691064326,0.011156495707034812,0.01316598069172368,Pt,"HalfCauchy(0, 100) (uninformative)"
14,0.012416194713952,0.011425484542463072,0.013485823219825797,Pt,"HalfCauchy(0, 100) (uninformative)"
15,0.012717869113445452,0.01173909130177166,0.013789727935770543,Pt,"HalfCauchy(0, 100) (uninformative)"
16,0.01301089059523988,0.012044220941555186,0.014071026656582674,Pt,"HalfCauchy(0, 100) (uninformative)"
17,0.013291267886630001,0.012357805848167851,0.014367174427311625,Pt,"HalfCauchy(0, 100) (uninformative)"
18,0.013546472990031777,0.012532681541852119,0.014624804301362392,Pt,"HalfCauchy(0, 100) (uninformative)"
19,0.013743832573526233,0.012711718694993697,0.014881932564615436,Pt,"HalfCauchy(0, 100) (uninformative)"
20,0.013896452739952946,0.012875852553498221,0.015029300203834035,Pt,"HalfCauchy(0, 100) (uninformative)"
21,0.014013997609530829,0.013012508400730826,0.015118589080022563,Pt,"HalfCauchy(0, 100) (uninformative)"
22,0.014104596873848546,0.013112599336066838,0.015249662180690621,Pt,"HalfCauchy(0, 100) (uninformative)"
23,0.014191833626816256,0.01320090908959696,0.01537681097403207,Pt,"HalfCauchy(0, 100) (uninformative)"
24,0.014278268266979546,0.013248295206670554,0.01551166071137718,Pt,"HalfCauchy(0, 100) (uninformative)"
25,0.014372423810839783,0.013278715166350761,0.0155912247042409,Pt,"HalfCauchy(0, 100) (uninformative)"
26,0.014480563970905446,0.013357456424605233,0.015639856911043453,Pt,"HalfCauchy(0, 100) (uninformative)"
27,0.014598174560038524,0.013515380720720548,0.01576064207331835,Pt,"HalfCauchy(0, 100) (uninformative)"
28,0.014713787038143352,0.013670783458629942,0.01579647219843672,Pt,"HalfCauchy(0, 100) (uninformative)"
29,0.014830632885192168,0.013729238502933585,0.015986756744072152,Pt,"HalfCauchy(0, 100) (uninformative)"
30,0.014937557413646885,0.013879171647226298,0.016080949972763468,Pt,"HalfCauchy(0, 100) (uninformative)"
31,0.01500290510036622,0.013915210796501125,0.01630625976874699,Pt,"HalfCauchy(0, 100) (uninformative)"
32,0.015016721231888075,0.013898887492425247,0.016228328944112785,Pt,"HalfCauchy(0, 100) (uninformative)"
33,0.014980608815690421,0.013854620327313036,0.01632173634482299,Pt,"HalfCauchy(0, 100) (uninformative)"
34,0.014876513980851764,0.013755586326179603,0.016140490311005756,Pt,"HalfCauchy(0, 100) (uninformative)"
35,0.014705189796156246,0.013690407860198591,0.015947758297381737,Pt,"HalfCauchy(0, 100) (uninformative)"
36,0.014439560029688369,0.013423960791281428,0.01568348174020371,Pt,"HalfCauchy(0, 100) (uninformative)"
37,0.014107093145701579,0.013100423314856603,0.015307202350252286,Pt,"HalfCauchy(0, 100) (uninformative)"
38,0.013724001892450167,0.012722955444308336,0.014899153250156933,Pt,"HalfCauchy(0, 100) (uninformative)"
39,0.01328291410128124,0.012282450713948885,0.01437089448292576,Pt,"HalfCauchy(0, 100) (uninformative)"
40,0.012799639299818021,0.011839184806883039,0.013872870496333402,Pt,"HalfCauchy(0, 100) (uninformative)"
41,0.01229512306256087,0.011363951269266787,0.013321505555015881,Pt,"HalfCauchy(0, 100) (uninformative)"
42,0.011780348171881937,0.010910284565294423,0.012751040915978073,Pt,"HalfCauchy(0, 100) (uninformative)"
43,0.011268389644982628,0.010385941569733678,0.012189687957414166,Pt,"HalfCauchy(0, 100) (uninformative)"
44,0.010780366077169977,0.009925860939238723,0.011686473149023812,Pt,"HalfCauchy(0, 100) (uninformative)"
45,0.010326052419271066,0.009506278461792268,0.011216997503787072,Pt,"HalfCauchy(0, 100) (uninformative)"
46,0.009914848447285476,0.009090700879480738,0.010746219439747571,Pt,"HalfCauchy(0, 100) (uninformative)"
47,0.009544285517837049,0.008710912160792512,0.01036274774477988,Pt,"HalfCauchy(0, 100) (uninformative)"
48,0.009222884561735483,0.008388249269499371,0.010048742773910102,Pt,"HalfCauchy(0, 100) (uninformative)"
49,0.008951407230195942,0.008094647876819695,0.009777088103967192,Pt,"HalfCauchy(0, 100) (uninformative)"
50,0.008711382074517366,0.007880371078411283,0.009530051720678306,Pt,"HalfCauchy(0, 100) (uninformative)"
51,0.008498400811835075,0.007713146125250242,0.00930257925781021,Pt,"HalfCauchy(0, 100) (uninformative)"
52,0.008297686357897753,0.007527228041412652,0.009074375291592001,Pt,"HalfCauchy(0, 100) (uninformative)"
53,0.008101369419068765,0.007367660917089299,0.008880553958326567,Pt,"HalfCauchy(0, 100) (uninformative)"
54,0.007913168416497586,0.007161477476367651,0.008675236210066498,Pt,"HalfCauchy(0, 100) (uninformative)"
55,0.007734291917829644,0.007041357801261392,0.008468988385689824,Pt,"HalfCauchy(0, 100) (uninformative)"
56,0.007564468259577525,0.006850773215650777,0.008291468078524596,Pt,"HalfCauchy(0, 100) (uninformative)"
57,0.0074109512113399115,0.006717903556767479,0.008131642148608445,Pt,"HalfCauchy(0, 100) (uninformative)"
58,0.007267272362900476,0.006568913622589439,0.007984533192734719,Pt,"HalfCauchy(0, 100) (uninformative)"
59,0.007136585034560291,0.006442257966299445,0.00785041670604282,Pt,"HalfCauchy(0, 100) (uninformative)"
60,0.007016328140315153,0.006307975086909241,0.007731830431951849,Pt,"HalfCauchy(0, 100) (uninformative)"
61,0.006904587919272224,0.006192624205913227,0.007614068538920873,Pt,"HalfCauchy(0, 100) (uninformative)"
62,0.006799921434833005,0.006120761412292835,0.007487167664307744,Pt,"HalfCauchy(0, 100) (uninformative)"
63,0.006710566874437881,0.006062451747634609,0.007393139737373599,Pt,"HalfCauchy(0, 100) (uninformative)"
64,0.006633637073858127,0.006006952671337261,0.00730621559315376,Pt,"HalfCauchy(0, 100) (uninformative)"
65,0.006570351929119431,0.005959415713232311,0.007249140313045273,Pt,"HalfCauchy(0, 100) (uninformative)"
66,0.00652332099566489,0.00590446789345098,0.007185711237247688,Pt,"HalfCauchy(0, 100) (uninformative)"
67,0.006486631370566238,0.005881592782000852,0.00715192790637189,Pt,"HalfCauchy(0, 100) (uninformative)"
68,0.0064616620000402985,0.005874606339508983,0.007113682764901659,Pt,"HalfCauchy(0, 100) (uninformative)"
69,0.0064484507253379925,0.005848798392211037,0.007129554973697947,Pt,"HalfCauchy(0, 100) (uninformative)"
70,0.0064473353465568095,0.0058412065143907494,0.007118814941947893,Pt,"HalfCauchy(0, 100) (uninformative)"
71,0.006463092928897903,0.005843864812721738,0.007093652045104179,Pt,"HalfCauchy(0, 100) (uninformative)"
72,0.006500661690862655,0.0058851146672876395,0.00714432259223627,Pt,"HalfCauchy(0, 100) (uninformative)"
73,0.006557105060402677,0.005935963489559543,0.007199388253135752,Pt,"HalfCauchy(0, 100) (uninformative)"
74,0.006627693491421074,0.00599313851528935,0.00729960290028947,Pt,"HalfCauchy(0, 100) (uninformative)"
75,0.006706678149122362,0.00608286836600247,0.00737551947507011,Pt,"HalfCauchy(0, 100) (uninformative)"
76,0.006798008388723833,0.006152714024136581,0.007467379008568907,Pt,"HalfCauchy(0, 100) (uninformative)"
77,0.00689953190160577,0.006251701538795625,0.007589520349901138,Pt,"HalfCauchy(0, 100) (uninformative)"
78,0.007016234478660623,0.006348422590891945,0.007716550845360751,Pt,"HalfCauchy(0, 100) (uninformative)"
79,0.007153852612962248,0.006465736016805288,0.007846762181223325,Pt,"HalfCauchy(0, 100) (uninformative)"
80,0.007312403850324234,0.006627629417766051,0.007981077080018169,Pt,"HalfCauchy(0, 100) (uninformative)"
81,0.007492403667512844,0.006805826620401101,0.00818858872626129,Pt,"HalfCauchy(0, 100) (uninformative)"
82,0.0076936489736126575,0.006988978953163624,0.008408077823546089,Pt,"HalfCauchy(0, 100) (uninformative)"
83,0.007913098848638363,0.0071907410621220354,0.008634019723638513,Pt,"HalfCauchy(0, 100) (uninformative)"
84,0.008153859992811778,0.0074134271687511105,0.008902451279888512,Pt,"HalfCauchy(0, 100) (uninformative)"
85,0.008418617776721152,0.007665360194231972,0.00918248613963465,Pt,"HalfCauchy(0, 100) (uninformative)"
86,0.008721150274876402,0.007963975473382479,0.00951208547181273,Pt,"HalfCauchy(0, 100) (uninformative)"
87,0.009059794143372202,0.008276583187386095,0.00988528553007208,Pt,"HalfCauchy(0, 100) (uninformative)"
88,0.0094363299098955,0.00863158841457601,0.010292435899620292,Pt,"HalfCauchy(0, 100) (uninformative)"
89,0.009854545871258367,0.009024929142557713,0.01072779358898636,Pt,"HalfCauchy(0, 100) (uninformative)"
90,0.010308595416342414,0.009457791769732089,0.011191308451028711,Pt,"HalfCauchy(0, 100) (uninformative)"
91,0.010804111229174948,0.0099239841148363,0.011717565566546406,Pt,"HalfCauchy(0, 100) (uninformative)"
92,0.011338500926389907,0.010432990864510685,0.012297777043894719,Pt,"HalfCauchy(0, 100) (uninformative)"
93,0.011903828356693102,0.010982171822087184,0.012895163915774645,Pt,"HalfCauchy(0, 100) (uninformative)"
94,0.012496029059545303,0.011529362341417167,0.013528036937506325,Pt,"HalfCauchy(0, 100) (uninformative)"
95,0.013118915011554428,0.012118278282706337,0.014189888106409188,Pt,"HalfCauchy(0, 100) (uninformative)"
96,0.013777175616126625,0.012713044508934759,0.014903278296994346,Pt,"HalfCauchy(0, 100) (uninformative)"
97,0.014468696713724903,0.013306916143190916,0.015702242889328134,Pt,"HalfCauchy(0, 100) (uninformative)"
98,0.015201694430512369,0.013853336981777641,0.016618306856176605,Pt,"HalfCauchy(0, 100) (uninformative)"
99,0.01597105353317789,0.014340100837298487,0.01769320611095037,Pt,"HalfCauchy(0, 100) (uninformative)"
100,0.016771843667836104,0.014724421883774996,0.01900033340561557,Pt,"HalfCauchy(0, 100) (uninformative)"
1,52.114805,37.0,69.0,nPos,"HalfCauchy(0, 100) (uninformative)"
2,52.44325,38.0,69.0,nPos,"HalfCauchy(0, 100) (uninformative)"
3,52.76321,38.0,69.0,nPos,"HalfCauchy(0, 100) (uninformative)"
4,53.074845,39.0,69.0,nPos,"HalfCauchy(0, 100) (uninformative)"
5,53.344335,39.0,69.0,nPos,"HalfCauchy(0, 100) (uninformative)"
6,53.74109,39.0,69.0,nPos,"HalfCauchy(0, 100) (uninformative)"
7,54.19356,40.0,70.0,nPos,"HalfCauchy(0, 100) (uninformative)"
8,54.809675,40.0,70.0,nPos,"HalfCauchy(0, 100) (uninformative)"
9,55.547165,41.0,71.0,nPos,"HalfCauchy(0, 100) (uninformative)"
10,56.57109,42.0,73.0,nPos,"HalfCauchy(0, 100) (uninformative)"
11,57.75149,43.0,74.0,nPos,"HalfCauchy(0, 100) (uninformative)"
12,59.12776,44.0,76.0,nPos,"HalfCauchy(0, 100) (uninformative)"
13,60.58301,45.0,77.0,nPos,"HalfCauchy(0, 100) (uninformative)"
14,62.07729,46.0,79.0,nPos,"HalfCauchy(0, 100) (uninformative)"
15,63.59575,48.0,81.0,nPos,"HalfCauchy(0, 100) (uninformative)"
16,65.06938,49.0,82.0,nPos,"HalfCauchy(0, 100) (uninformative)"
17,66.443985,50.0,84.0,nPos,"HalfCauchy(0, 100) (uninformative)"
18,67.765985,51.0,85.0,nPos,"HalfCauchy(0, 100) (uninformative)"
19,68.761055,52.0,86.0,nPos,"HalfCauchy(0, 100) (uninformative)"
20,69.47463,53.0,87.0,nPos,"HalfCauchy(0, 100) (uninformative)"
21,70.08503,53.0,88.0,nPos,"HalfCauchy(0, 100) (uninformative)"
22,70.524265,54.0,88.0,nPos,"HalfCauchy(0, 100) (uninformative)"
23,70.94859,54.0,89.0,nPos,"HalfCauchy(0, 100) (uninformative)"
24,71.360735,55.0,89.0,nPos,"HalfCauchy(0, 100) (uninformative)"
25,71.862535,55.0,90.0,nPos,"HalfCauchy(0, 100) (uninformative)"
26,72.435095,55.0,90.0,nPos,"HalfCauchy(0, 100) (uninformative)"
27,72.96464,56.0,91.0,nPos,"HalfCauchy(0, 100) (uninformative)"
28,73.547175,57.0,92.0,nPos,"HalfCauchy(0, 100) (uninformative)"
29,74.143115,57.0,92.0,nPos,"HalfCauchy(0, 100) (uninformative)"
30,74.675855,58.0,93.0,nPos,"HalfCauchy(0, 100) (uninformative)"
31,75.024095,58.0,93.0,nPos,"HalfCauchy(0, 100) (uninformative)"
32,75.09535,58.0,93.0,nPos,"HalfCauchy(0, 100) (uninformative)"
33,74.925445,58.0,93.0,nPos,"HalfCauchy(0, 100) (uninformative)"
34,74.373855,57.0,93.0,nPos,"HalfCauchy(0, 100) (uninformative)"
35,73.504225,56.0,92.0,nPos,"HalfCauchy(0, 100) (uninformative)"
36,72.20621,55.0,90.0,nPos,"HalfCauchy(0, 100) (uninformative)"
37,70.56819,54.0,88.0,nPos,"HalfCauchy(0, 100) (uninformative)"
38,68.61254,52.0,86.0,nPos,"HalfCauchy(0, 100) (uninformative)"
39,66.41755,50.0,84.0,nPos,"HalfCauchy(0, 100) (uninformative)"
40,63.962695,48.0,81.0,nPos,"HalfCauchy(0, 100) (uninformative)"
41,61.49558,46.0,78.0,nPos,"HalfCauchy(0, 100) (uninformative)"
42,58.890855,44.0,75.0,nPos,"HalfCauchy(0, 100) (uninformative)"
43,56.324095,42.0,72.0,nPos,"HalfCauchy(0, 100) (uninformative)"
44,53.91162,40.0,69.0,nPos,"HalfCauchy(0, 100) (uninformative)"
45,51.62529,38.0,67.0,nPos,"HalfCauchy(0, 100) (uninformative)"
46,49.588015,36.0,64.0,nPos,"HalfCauchy(0, 100) (uninformative)"
47,47.72138,34.0,62.0,nPos,"HalfCauchy(0, 100) (uninformative)"
48,46.10045,33.0,61.0,nPos,"HalfCauchy(0, 100) (uninformative)"
49,44.75347,32.0,59.0,nPos,"HalfCauchy(0, 100) (uninformative)"
50,43.54626,31.0,57.0,nPos,"HalfCauchy(0, 100) (uninformative)"
51,42.48832,30.0,56.0,nPos,"HalfCauchy(0, 100) (uninformative)"
52,41.480905,29.0,55.0,nPos,"HalfCauchy(0, 100) (uninformative)"
53,40.507795,28.0,54.0,nPos,"HalfCauchy(0, 100) (uninformative)"
54,39.56485,27.0,53.0,nPos,"HalfCauchy(0, 100) (uninformative)"
55,38.68718,27.0,52.0,nPos,"HalfCauchy(0, 100) (uninformative)"
56,37.819025,26.0,51.0,nPos,"HalfCauchy(0, 100) (uninformative)"
57,37.06657,25.0,50.0,nPos,"HalfCauchy(0, 100) (uninformative)"
58,36.352195,25.0,49.0,nPos,"HalfCauchy(0, 100) (uninformative)"
59,35.703395,24.0,48.0,nPos,"HalfCauchy(0, 100) (uninformative)"
60,35.094865,24.0,48.0,nPos,"HalfCauchy(0, 100) (uninformative)"
61,34.53224,23.0,47.0,nPos,"HalfCauchy(0, 100) (uninformative)"
62,33.9953,23.0,46.0,nPos,"HalfCauchy(0, 100) (uninformative)"
63,33.55227,22.0,46.0,nPos,"HalfCauchy(0, 100) (uninformative)"
64,33.14749,22.0,45.0,nPos,"HalfCauchy(0, 100) (uninformative)"
65,32.84385,22.0,45.0,nPos,"HalfCauchy(0, 100) (uninformative)"
66,32.634845,22.0,45.0,nPos,"HalfCauchy(0, 100) (uninformative)"
67,32.4243,21.0,45.0,nPos,"HalfCauchy(0, 100) (uninformative)"
68,32.313405,21.0,44.0,nPos,"HalfCauchy(0, 100) (uninformative)"
69,32.25193,21.0,44.0,nPos,"HalfCauchy(0, 100) (uninformative)"
70,32.240725,21.0,44.0,nPos,"HalfCauchy(0, 100) (uninformative)"
71,32.28883,21.0,44.0,nPos,"HalfCauchy(0, 100) (uninformative)"
72,32.49724,21.0,45.0,nPos,"HalfCauchy(0, 100) (uninformative)"
73,32.80086,22.0,45.0,nPos,"HalfCauchy(0, 100) (uninformative)"
74,33.142865,22.0,45.0,nPos,"HalfCauchy(0, 100) (uninformative)"
75,33.544445,22.0,46.0,nPos,"HalfCauchy(0, 100) (uninformative)"
76,33.994785,23.0,46.0,nPos,"HalfCauchy(0, 100) (uninformative)"
77,34.490495,23.0,47.0,nPos,"HalfCauchy(0, 100) (uninformative)"
78,35.08475,24.0,48.0,nPos,"HalfCauchy(0, 100) (uninformative)"
79,35.772865,24.0,48.0,nPos,"HalfCauchy(0, 100) (uninformative)"
80,36.56081,25.0,49.0,nPos,"HalfCauchy(0, 100) (uninformative)"
81,37.451825,26.0,50.0,nPos,"HalfCauchy(0, 100) (uninformative)"
82,38.45685,26.0,52.0,nPos,"HalfCauchy(0, 100) (uninformative)"
83,39.5597,27.0,53.0,nPos,"HalfCauchy(0, 100) (uninformative)"
84,40.763365,28.0,54.0,nPos,"HalfCauchy(0, 100) (uninformative)"
85,42.1063,29.0,56.0,nPos,"HalfCauchy(0, 100) (uninformative)"
86,43.59218,31.0,57.0,nPos,"HalfCauchy(0, 100) (uninformative)"
87,45.2784,32.0,59.0,nPos,"HalfCauchy(0, 100) (uninformative)"
88,47.18571,34.0,62.0,nPos,"HalfCauchy(0, 100) (uninformative)"
89,49.29219,36.0,64.0,nPos,"HalfCauchy(0, 100) (uninformative)"
90,51.542305,37.0,67.0,nPos,"HalfCauchy(0, 100) (uninformative)"
91,53.99257,39.0,70.0,nPos,"HalfCauchy(0, 100) (uninformative)"
92,56.699025,42.0,73.0,nPos,"HalfCauchy(0, 100) (uninformative)"
93,59.50217,44.0,76.0,nPos,"HalfCauchy(0, 100) (uninformative)"
94,62.45951,47.0,79.0,nPos,"HalfCauchy(0, 100) (uninformative)"
95,65.605825,50.0,83.0,nPos,"HalfCauchy(0, 100) (uninformative)"
96,68.914095,52.0,87.0,nPos,"HalfCauchy(0, 100) (uninformative)"
97,72.33558,55.0,91.0,nPos,"HalfCauchy(0, 100) (uninformative)"
98,76.034805,58.0,95.0,nPos,"HalfCauchy(0, 100) (uninformative)"
99,79.878415,61.0,100.0,nPos,"HalfCauchy(0, 100) (uninformative)"
100,83.884945,64.0,105.0,nPos,"HalfCauchy(0, 100) (uninformative)"
1,0.010422961,0.0074,0.0138,Obs positivity,"HalfCauchy(0, 100) (uninformative)"
2,0.01048865,0.0076,0.0138,Obs positivity,"HalfCauchy(0, 100) (uninformative)"
3,0.010552642000000001,0.0076,0.0138,Obs positivity,"HalfCauchy(0, 100) (uninformative)"
4,0.010614969,0.0078,0.0138,Obs positivity,"HalfCauchy(0, 100) (uninformative)"
5,0.010668867,0.0078,0.0138,Obs positivity,"HalfCauchy(0, 100) (uninformative)"
6,0.010748218,0.0078,0.0138,Obs positivity,"HalfCauchy(0, 100) (uninformative)"
7,0.010838712,0.008,0.014,Obs positivity,"HalfCauchy(0, 100) (uninformative)"
8,0.010961934999999999,0.008,0.014,Obs positivity,"HalfCauchy(0, 100) (uninformative)"
9,0.011109433,0.0082,0.0142,Obs positivity,"HalfCauchy(0, 100) (uninformative)"
10,0.011314218,0.0084,0.0146,Obs positivity,"HalfCauchy(0, 100) (uninformative)"
11,0.011550297999999999,0.0086,0.0148,Obs positivity,"HalfCauchy(0, 100) (uninformative)"
12,0.011825552,0.0088,0.0152,Obs positivity,"HalfCauchy(0, 100) (uninformative)"
13,0.012116602,0.009,0.0154,Obs positivity,"HalfCauchy(0, 100) (uninformative)"
14,0.012415457999999999,0.0092,0.0158,Obs positivity,"HalfCauchy(0, 100) (uninformative)"
15,0.01271915,0.0096,0.0162,Obs positivity,"HalfCauchy(0, 100) (uninformative)"
16,0.013013875999999999,0.0098,0.0164,Obs positivity,"HalfCauchy(0, 100) (uninformative)"
17,0.013288797,0.01,0.0168,Obs positivity,"HalfCauchy(0, 100) (uninformative)"
18,0.013553197,0.0102,0.017,Obs positivity,"HalfCauchy(0, 100) (uninformative)"
19,0.013752211,0.0104,0.0172,Obs positivity,"HalfCauchy(0, 100) (uninformative)"
20,0.013894926,0.0106,0.0174,Obs positivity,"HalfCauchy(0, 100) (uninformative)"
21,0.014017006,0.0106,0.0176,Obs positivity,"HalfCauchy(0, 100) (uninformative)"
22,0.014104853,0.0108,0.0176,Obs positivity,"HalfCauchy(0, 100) (uninformative)"
23,0.014189717999999999,0.0108,0.0178,Obs positivity,"HalfCauchy(0, 100) (uninformative)"
24,0.014272147,0.011,0.0178,Obs positivity,"HalfCauchy(0, 100) (uninformative)"
25,0.014372507,0.011,0.018,Obs positivity,"HalfCauchy(0, 100) (uninformative)"
26,0.014487019,0.011,0.018,Obs positivity,"HalfCauchy(0, 100) (uninformative)"
27,0.014592928,0.0112,0.0182,Obs positivity,"HalfCauchy(0, 100) (uninformative)"
28,0.014709435,0.0114,0.0184,Obs positivity,"HalfCauchy(0, 100) (uninformative)"
29,0.014828622999999999,0.0114,0.0184,Obs positivity,"HalfCauchy(0, 100) (uninformative)"
30,0.014935171,0.0116,0.0186,Obs positivity,"HalfCauchy(0, 100) (uninformative)"
31,0.015004819,0.0116,0.0186,Obs positivity,"HalfCauchy(0, 100) (uninformative)"
32,0.015019069999999999,0.0116,0.0186,Obs positivity,"HalfCauchy(0, 100) (uninformative)"
33,0.014985089,0.0116,0.0186,Obs positivity,"HalfCauchy(0, 100) (uninformative)"
34,0.014874771000000002,0.0114,0.0186,Obs positivity,"HalfCauchy(0, 100) (uninformative)"
35,0.014700845,0.0112,0.0184,Obs positivity,"HalfCauchy(0, 100) (uninformative)"
36,0.014441242,0.011,0.018,Obs positivity,"HalfCauchy(0, 100) (uninformative)"
37,0.014113638,0.0108,0.0176,Obs positivity,"HalfCauchy(0, 100) (uninformative)"
38,0.013722508,0.0104,0.0172,Obs positivity,"HalfCauchy(0, 100) (uninformative)"
39,0.013283510000000002,0.01,0.0168,Obs positivity,"HalfCauchy(0, 100) (uninformative)"
40,0.012792538999999999,0.0096,0.0162,Obs positivity,"HalfCauchy(0, 100) (uninformative)"
41,0.012299115999999999,0.0092,0.0156,Obs positivity,"HalfCauchy(0, 100) (uninformative)"
42,0.011778171,0.0088,0.015,Obs positivity,"HalfCauchy(0, 100) (uninformative)"
43,0.011264819,0.0084,0.0144,Obs positivity,"HalfCauchy(0, 100) (uninformative)"
44,0.010782324,0.008,0.0138,Obs positivity,"HalfCauchy(0, 100) (uninformative)"
45,0.010325058,0.0076,0.0134,Obs positivity,"HalfCauchy(0, 100) (uninformative)"
46,0.009917603,0.0072,0.0128,Obs positivity,"HalfCauchy(0, 100) (uninformative)"
47,0.009544276,0.0068,0.0124,Obs positivity,"HalfCauchy(0, 100) (uninformative)"
48,0.00922009,0.0066,0.0122,Obs positivity,"HalfCauchy(0, 100) (uninformative)"
49,0.008950694,0.0064,0.0118,Obs positivity,"HalfCauchy(0, 100) (uninformative)"
50,0.008709251999999999,0.0062,0.0114,Obs positivity,"HalfCauchy(0, 100) (uninformative)"
51,0.008497664,0.006,0.0112,Obs positivity,"HalfCauchy(0, 100) (uninformative)"
52,0.008296181,0.0058,0.011,Obs positivity,"HalfCauchy(0, 100) (uninformative)"
53,0.008101559,0.0056,0.0108,Obs positivity,"HalfCauchy(0, 100) (uninformative)"
54,0.00791297,0.0054,0.0106,Obs positivity,"HalfCauchy(0, 100) (uninformative)"
55,0.0077374359999999994,0.0054,0.0104,Obs positivity,"HalfCauchy(0, 100) (uninformative)"
56,0.007563805000000001,0.0052,0.0102,Obs positivity,"HalfCauchy(0, 100) (uninformative)"
57,0.007413314,0.005,0.01,Obs positivity,"HalfCauchy(0, 100) (uninformative)"
58,0.007270439,0.005,0.0098,Obs positivity,"HalfCauchy(0, 100) (uninformative)"
59,0.0071406790000000005,0.0048,0.0096,Obs positivity,"HalfCauchy(0, 100) (uninformative)"
60,0.0070189729999999995,0.0048,0.0096,Obs positivity,"HalfCauchy(0, 100) (uninformative)"
61,0.006906448,0.0046,0.0094,Obs positivity,"HalfCauchy(0, 100) (uninformative)"
62,0.00679906,0.0046,0.0092,Obs positivity,"HalfCauchy(0, 100) (uninformative)"
63,0.006710454,0.0044,0.0092,Obs positivity,"HalfCauchy(0, 100) (uninformative)"
64,0.006629497999999999,0.0044,0.009,Obs positivity,"HalfCauchy(0, 100) (uninformative)"
65,0.006568770000000001,0.0044,0.009,Obs positivity,"HalfCauchy(0, 100) (uninformative)"
66,0.006526969,0.0044,0.009,Obs positivity,"HalfCauchy(0, 100) (uninformative)"
67,0.00648486,0.0042,0.009,Obs positivity,"HalfCauchy(0, 100) (uninformative)"
68,0.0064626810000000005,0.0042,0.0088,Obs positivity,"HalfCauchy(0, 100) (uninformative)"
69,0.006450386000000001,0.0042,0.0088,Obs positivity,"HalfCauchy(0, 100) (uninformative)"
70,0.006448145,0.0042,0.0088,Obs positivity,"HalfCauchy(0, 100) (uninformative)"
71,0.006457765999999999,0.0042,0.0088,Obs positivity,"HalfCauchy(0, 100) (uninformative)"
72,0.006499448,0.0042,0.009,Obs positivity,"HalfCauchy(0, 100) (uninformative)"
73,0.006560172,0.0044,0.009,Obs positivity,"HalfCauchy(0, 100) (uninformative)"
74,0.0066285730000000005,0.0044,0.009,Obs positivity,"HalfCauchy(0, 100) (uninformative)"
75,0.006708889000000001,0.0044,0.0092,Obs positivity,"HalfCauchy(0, 100) (uninformative)"
76,0.0067989570000000004,0.0046,0.0092,Obs positivity,"HalfCauchy(0, 100) (uninformative)"
77,0.006898099,0.0046,0.0094,Obs positivity,"HalfCauchy(0, 100) (uninformative)"
78,0.00701695,0.0048,0.0096,Obs positivity,"HalfCauchy(0, 100) (uninformative)"
79,0.007154573000000001,0.0048,0.0096,Obs positivity,"HalfCauchy(0, 100) (uninformative)"
80,0.007312162,0.005,0.0098,Obs positivity,"HalfCauchy(0, 100) (uninformative)"
81,0.007490365,0.0052,0.01,Obs positivity,"HalfCauchy(0, 100) (uninformative)"
82,0.00769137,0.0052,0.0104,Obs positivity,"HalfCauchy(0, 100) (uninformative)"
83,0.00791194,0.0054,0.0106,Obs positivity,"HalfCauchy(0, 100) (uninformative)"
84,0.008152673000000001,0.0056,0.0108,Obs positivity,"HalfCauchy(0, 100) (uninformative)"
85,0.00842126,0.0058,0.0112,Obs positivity,"HalfCauchy(0, 100) (uninformative)"
86,0.008718436,0.0062,0.0114,Obs positivity,"HalfCauchy(0, 100) (uninformative)"
87,0.00905568,0.0064,0.0118,Obs positivity,"HalfCauchy(0, 100) (uninformative)"
88,0.009437142,0.0068,0.0124,Obs positivity,"HalfCauchy(0, 100) (uninformative)"
89,0.009858437999999999,0.0072,0.0128,Obs positivity,"HalfCauchy(0, 100) (uninformative)"
90,0.010308461,0.0074,0.0134,Obs positivity,"HalfCauchy(0, 100) (uninformative)"
91,0.010798514,0.0078,0.014,Obs positivity,"HalfCauchy(0, 100) (uninformative)"
92,0.011339805,0.0084,0.0146,Obs positivity,"HalfCauchy(0, 100) (uninformative)"
93,0.011900434,0.0088,0.0152,Obs positivity,"HalfCauchy(0, 100) (uninformative)"
94,0.012491902000000001,0.0094,0.0158,Obs positivity,"HalfCauchy(0, 100) (uninformative)"
95,0.013121164999999999,0.01,0.0166,Obs positivity,"HalfCauchy(0, 100) (uninformative)"
96,0.013782819,0.0104,0.0174,Obs positivity,"HalfCauchy(0, 100) (uninformative)"
97,0.014467115999999999,0.011,0.0182,Obs positivity,"HalfCauchy(0, 100) (uninformative)"
98,0.015206961000000001,0.0116,0.019,Obs positivity,"HalfCauchy(0, 100) (uninformative)"
99,0.015975683,0.0122,0.02,Obs positivity,"HalfCauchy(0, 100) (uninformative)"
100,0.016776989,0.0128,0.021,Obs positivity,"HalfCauchy(0, 100) (uninformative)"
